rule_id,structure,stop,trail_pct,time_hours,cost_bps,age_bucket,population,trades,mean,median,p5,p10,p25,p50,p75,p90,p95,p99,share_ge_2x,share_ge_5x,share_ge_10x,mean_without_top_1pct,top_1pct_contribution,ci_low,ci_high,day_blocks
fat_tail|atr2|trail20|168h|100bps,fat_tail,atr2,20,168,100,4–24h,control,2020,-3.499457028905266,-11.166075229644775,-20.845458984375,-19.80698013305664,-16.53511953353882,-11.166075229644775,0.7917221784591675,23.376602745056154,37.8992332458496,79.86262512207031,0.005940594059405941,0.0,0.0,-5.285538322322836,1.7860812934175696,-6.4537749191810345,-0.18696915170069828,6
fat_tail|atr2|trail20|168h|100bps,fat_tail,atr2,20,168,100,4–24h,signal,2,11.893628597259521,11.893628597259521,-10.537678098678589,-8.045310688018798,-0.5682084560394287,11.893628597259521,24.35546565055847,31.832567882537845,34.324935293197626,36.318829221725466,0.0,0.0,0.0,-13.030045509338379,24.9236741065979,,,2
fat_tail|atr2|trail20|168h|100bps,fat_tail,atr2,20,168,100,>24h,alert,4,-1.2285698652267456,-4.801451206207275,-7.00231716632843,-6.701148939132691,-5.797644257545471,-4.801451206207275,-0.2323768138885498,7.1023142814636255,9.547211313247676,11.503128938674923,0.0,0.0,0.0,-5.635462601979573,4.406892736752828,,,2
fat_tail|atr2|trail20|168h|100bps,fat_tail,atr2,20,168,100,>24h,control,7949,-4.034772839629041,-5.564937114715576,-18.145367050170897,-15.463051223754883,-10.802814483642578,-5.564937114715576,-2.693951368331909,7.87695837020874,20.018587875366183,67.09222412109365,0.001887029815071078,0.0,0.0,-5.026321806767125,0.9915489671380842,-5.5055889112850975,-1.885668284414544,7
fat_tail|atr2|trail20|168h|100bps,fat_tail,atr2,20,168,100,>24h,signal,53,-3.499600203532093,-3.611940383911133,-11.614620971679688,-6.845933723449707,-4.958332538604736,-3.611940383911133,-2.698993444442749,-2.429131364822388,4.251418590545632,22.90940109252927,0.0,0.0,0.0,-4.094144518558796,0.5945443150267029,-5.270138600293328,-1.6059892358861834,6
fat_tail|atr2|trail20|168h|200bps,fat_tail,atr2,20,168,200,4–24h,control,2020,-4.499457022521442,-12.166075229644775,-21.845458984375,-20.80698013305664,-17.53511953353882,-12.166075229644775,-0.208277840167284,22.376602745056154,36.8992332458496,78.86262512207031,0.005940594059405941,0.0,0.0,-6.285538315836254,1.7860812933148118,-7.453775003367457,-1.1869692550187791,6
fat_tail|atr2|trail20|168h|200bps,fat_tail,atr2,20,168,200,4–24h,signal,2,10.893628597259521,10.893628597259521,-11.537678098678589,-9.045310688018798,-1.5682084560394287,10.893628597259521,23.35546565055847,30.832567882537845,33.324935293197626,35.318829221725466,0.0,0.0,0.0,-14.030045509338379,24.9236741065979,,,2
fat_tail|atr2|trail20|168h|200bps,fat_tail,atr2,20,168,200,>24h,alert,4,-2.228569746017456,-5.801451206207275,-8.002316761016846,-7.701148605346679,-6.797644138336182,-5.801451206207275,-1.2323768138885498,6.1023142814636255,8.547211313247676,10.503128938674923,0.0,0.0,0.0,-6.6354624430338545,4.406892697016398,,,2
fat_tail|atr2|trail20|168h|200bps,fat_tail,atr2,20,168,200,>24h,control,7949,-5.034772837254529,-6.564937114715576,-19.145367050170897,-16.46305122375488,-11.802814483642578,-6.564937114715576,-3.693951368331909,6.87695837020874,19.018587875366183,66.09222412109365,0.0017612278273996728,0.0,0.0,-6.0263218043684725,0.9915489671139435,-6.5055889105919755,-2.8856683057403063,7
fat_tail|atr2|trail20|168h|200bps,fat_tail,atr2,20,168,200,>24h,signal,53,-4.499600203532093,-4.611940383911133,-12.614620971679688,-7.845933723449707,-5.958332538604736,-4.611940383911133,-3.698993444442749,-3.429131364822388,3.251418590545632,21.90940109252927,0.0,0.0,0.0,-5.094144518558796,0.5945443150267034,-6.270138516145594,-2.6059892279202854,6
fat_tail|atr2|trail20|168h|300bps,fat_tail,atr2,20,168,300,4–24h,control,2020,-5.499457032497197,-13.166075229644775,-22.845458984375,-21.80698013305664,-18.53511953353882,-13.166075229644775,-1.2082778215408325,21.376602745056154,35.8992332458496,77.86262512207031,0.005445544554455445,0.0,0.0,-7.285538325972586,1.7860812934753882,-8.453774666621767,-2.1869690483826174,6
fat_tail|atr2|trail20|168h|300bps,fat_tail,atr2,20,168,300,4–24h,signal,2,9.893628597259521,9.893628597259521,-12.537678098678589,-10.045310688018798,-2.5682084560394287,9.893628597259521,22.35546565055847,29.832567882537845,32.324935293197626,34.318829221725466,0.0,0.0,0.0,-15.030045509338379,24.9236741065979,,,2
fat_tail|atr2|trail20|168h|300bps,fat_tail,atr2,20,168,300,>24h,alert,4,-3.228569746017456,-6.801451206207275,-9.002316761016846,-8.70114860534668,-7.797644138336182,-6.801451206207275,-2.23237681388855,5.1023142814636255,7.547211313247675,9.503128938674923,0.0,0.0,0.0,-7.6354624430338545,4.406892697016398,,,2
fat_tail|atr2|trail20|168h|300bps,fat_tail,atr2,20,168,300,>24h,control,7949,-6.034772829723341,-7.564937114715576,-20.145367050170897,-17.46305122375488,-12.802814483642578,-7.564937114715576,-4.693951606750488,5.87695837020874,18.018587875366183,65.09222412109365,0.0017612278273996728,0.0,0.0,-7.026321796760719,0.991548967037378,-7.5055889119782195,-3.8856682906617124,7
fat_tail|atr2|trail20|168h|300bps,fat_tail,atr2,20,168,300,>24h,signal,53,-5.499600194535166,-5.611940383911133,-13.614620971679688,-8.845933723449708,-6.958332538604736,-5.611940383911133,-4.69899320602417,-4.429131317138672,2.251418590545632,20.90940109252927,0.0,0.0,0.0,-6.09414450938885,0.5945443148536844,-7.270138516145594,-3.6059892438520813,6
fat_tail|atr2|trail20|24h|100bps,fat_tail,atr2,20,24,100,4–24h,control,2020,-3.690831003167164,-11.166075229644775,-20.845458984375,-19.80698013305664,-16.53511953353882,-11.166075229644775,0.7917221784591675,19.976544952392587,36.427346801757764,79.86262512207031,0.005940594059405941,0.0,0.0,-5.479992762971243,1.7891617598040788,-6.4537749191810345,-0.6764540831718816,6
fat_tail|atr2|trail20|24h|100bps,fat_tail,atr2,20,24,100,4–24h,signal,2,8.24571180343628,8.24571180343628,-10.902469778060913,-8.774894046783448,-2.39216685295105,8.24571180343628,18.88359045982361,25.266317653656007,27.39389338493347,29.095953969955445,0.0,0.0,0.0,-13.030045509338379,21.275757312774658,,,2
fat_tail|atr2|trail20|24h|100bps,fat_tail,atr2,20,24,100,>24h,alert,4,-1.2285698652267456,-4.801451206207275,-7.00231716632843,-6.701148939132691,-5.797644257545471,-4.801451206207275,-0.2323768138885498,7.1023142814636255,9.547211313247676,11.503128938674923,0.0,0.0,0.0,-5.635462601979573,4.406892736752828,,,2
fat_tail|atr2|trail20|24h|100bps,fat_tail,atr2,20,24,100,>24h,control,8055,-3.4072124818184144,-5.241796016693115,-18.038140296936035,-15.359446716308593,-10.69860553741455,-5.241796016693115,-2.348869800567627,9.722893524169924,20.89678878784179,66.95962432861329,0.00186219739292365,0.0,0.0,-4.388235355592623,0.9810228737742084,-4.8292661670681,-1.4681280187187893,7
fat_tail|atr2|trail20|24h|100bps,fat_tail,atr2,20,24,100,>24h,signal,59,-2.879817463867998,-3.1893489360809326,-11.36089630126953,-6.73378963470459,-4.877227306365967,-3.1893489360809326,-2.4677666425704956,1.2030441522598272,4.568539381027164,23.536101303100605,0.0,0.0,0.0,-3.4492473790165166,0.5694299151485187,-5.040481204078311,-0.8692807735643598,6
fat_tail|atr2|trail20|24h|200bps,fat_tail,atr2,20,24,200,4–24h,control,2020,-4.690830995839107,-12.166075229644775,-21.845458984375,-20.80698013305664,-17.53511953353882,-12.166075229644775,-0.208277840167284,18.976544952392587,35.427346801757764,78.86262512207031,0.005940594059405941,0.0,0.0,-6.47999275552523,1.789161759686123,-7.453775003367457,-1.676454115458782,6
fat_tail|atr2|trail20|24h|200bps,fat_tail,atr2,20,24,200,4–24h,signal,2,7.245711803436279,7.245711803436279,-11.902469778060913,-9.774894046783448,-3.39216685295105,7.245711803436279,17.88359045982361,24.266317653656007,26.39389338493347,28.095953969955445,0.0,0.0,0.0,-14.030045509338379,21.275757312774658,,,2
fat_tail|atr2|trail20|24h|200bps,fat_tail,atr2,20,24,200,>24h,alert,4,-2.228569746017456,-5.801451206207275,-8.002316761016846,-7.701148605346679,-6.797644138336182,-5.801451206207275,-1.2323768138885498,6.1023142814636255,8.547211313247676,10.503128938674923,0.0,0.0,0.0,-6.6354624430338545,4.406892697016398,,,2
fat_tail|atr2|trail20|24h|200bps,fat_tail,atr2,20,24,200,>24h,control,8055,-4.407212479883709,-6.241796016693115,-19.038140296936035,-16.359446334838864,-11.69860553741455,-6.241796016693115,-3.348869800567627,8.722893524169924,19.89678878784179,65.95962432861329,0.0017380509000620731,0.0,0.0,-5.388235353638264,0.9810228737545552,-5.829266166115379,-2.468128008260606,7
fat_tail|atr2|trail20|24h|200bps,fat_tail,atr2,20,24,200,>24h,signal,59,-3.879817461815931,-4.189349174499512,-12.36089630126953,-7.73378963470459,-5.877227306365967,-4.189349174499512,-3.4677666425704956,0.20304411053657578,3.568539381027164,22.536101303100605,0.0,0.0,0.0,-4.449247376929069,0.5694299151131381,-6.0404812646290615,-1.8692806553781351,6
fat_tail|atr2|trail20|24h|300bps,fat_tail,atr2,20,24,300,4–24h,control,2020,-5.6908310058148635,-13.166075229644775,-22.845458984375,-21.80698013305664,-18.53511953353882,-13.166075229644775,-1.2082778215408325,17.976544952392587,34.427346801757764,77.86262512207031,0.005445544554455445,0.0,0.0,-7.479992765661561,1.7891617598466976,-8.453774666621767,-2.6764540605710514,6
fat_tail|atr2|trail20|24h|300bps,fat_tail,atr2,20,24,300,4–24h,signal,2,6.245711803436279,6.245711803436279,-12.902469778060913,-10.774894046783448,-4.39216685295105,6.245711803436279,16.88359045982361,23.266317653656007,25.39389338493347,27.095953969955445,0.0,0.0,0.0,-15.030045509338379,21.275757312774658,,,2
fat_tail|atr2|trail20|24h|300bps,fat_tail,atr2,20,24,300,>24h,alert,4,-3.228569746017456,-6.801451206207275,-9.002316761016846,-8.70114860534668,-7.797644138336182,-6.801451206207275,-2.23237681388855,5.1023142814636255,7.547211313247675,9.503128938674923,0.0,0.0,0.0,-7.6354624430338545,4.406892697016398,,,2
fat_tail|atr2|trail20|24h|300bps,fat_tail,atr2,20,24,300,>24h,control,8055,-5.4072124732967115,-7.241796016693115,-20.038140296936035,-17.359446334838864,-12.69860553741455,-7.241796016693115,-4.348869800567627,7.722893714904787,18.89678878784179,64.95962432861329,0.0017380509000620731,0.0,0.0,-6.388235346984356,0.9810228736876443,-6.829266259482095,-3.468128035946314,7
fat_tail|atr2|trail20|24h|300bps,fat_tail,atr2,20,24,300,>24h,signal,59,-4.8798174575223765,-5.189349174499512,-13.36089630126953,-8.73378963470459,-6.877227306365967,-5.189349174499512,-4.467766761779785,-0.7969559073448176,2.5685392737388035,21.536101303100605,0.0,0.0,0.0,-5.449247372561488,0.5694299150391116,-7.0404812646290615,-2.869280656445681,6
fat_tail|atr2|trail20|72h|100bps,fat_tail,atr2,20,72,100,4–24h,control,2020,-3.499457028905266,-11.166075229644775,-20.845458984375,-19.80698013305664,-16.53511953353882,-11.166075229644775,0.7917221784591675,23.376602745056154,37.8992332458496,79.86262512207031,0.005940594059405941,0.0,0.0,-5.285538322322836,1.7860812934175696,-6.4537749191810345,-0.18696915170069828,6
fat_tail|atr2|trail20|72h|100bps,fat_tail,atr2,20,72,100,4–24h,signal,2,11.893628597259521,11.893628597259521,-10.537678098678589,-8.045310688018798,-0.5682084560394287,11.893628597259521,24.35546565055847,31.832567882537845,34.324935293197626,36.318829221725466,0.0,0.0,0.0,-13.030045509338379,24.9236741065979,,,2
fat_tail|atr2|trail20|72h|100bps,fat_tail,atr2,20,72,100,>24h,alert,4,-1.2285698652267456,-4.801451206207275,-7.00231716632843,-6.701148939132691,-5.797644257545471,-4.801451206207275,-0.2323768138885498,7.1023142814636255,9.547211313247676,11.503128938674923,0.0,0.0,0.0,-5.635462601979573,4.406892736752828,,,2
fat_tail|atr2|trail20|72h|100bps,fat_tail,atr2,20,72,100,>24h,control,7964,-4.01022173180351,-5.551153182983398,-18.128978824615476,-15.459346771240234,-10.802814483642578,-5.551153182983398,-2.6888046264648438,7.896224164962764,20.129630756378123,67.05846405029294,0.0018834756403817178,0.0,0.0,-4.999635066885136,0.9894133350816263,-5.4469905106831575,-1.885668284414544,7
fat_tail|atr2|trail20|72h|100bps,fat_tail,atr2,20,72,100,>24h,signal,53,-3.499600203532093,-3.611940383911133,-11.614620971679688,-6.845933723449707,-4.958332538604736,-3.611940383911133,-2.698993444442749,-2.429131364822388,4.251418590545632,22.90940109252927,0.0,0.0,0.0,-4.094144518558796,0.5945443150267029,-5.270138600293328,-1.6059892358861834,6
fat_tail|atr2|trail20|72h|200bps,fat_tail,atr2,20,72,200,4–24h,control,2020,-4.499457022521442,-12.166075229644775,-21.845458984375,-20.80698013305664,-17.53511953353882,-12.166075229644775,-0.208277840167284,22.376602745056154,36.8992332458496,78.86262512207031,0.005940594059405941,0.0,0.0,-6.285538315836254,1.7860812933148118,-7.453775003367457,-1.1869692550187791,6
fat_tail|atr2|trail20|72h|200bps,fat_tail,atr2,20,72,200,4–24h,signal,2,10.893628597259521,10.893628597259521,-11.537678098678589,-9.045310688018798,-1.5682084560394287,10.893628597259521,23.35546565055847,30.832567882537845,33.324935293197626,35.318829221725466,0.0,0.0,0.0,-14.030045509338379,24.9236741065979,,,2
fat_tail|atr2|trail20|72h|200bps,fat_tail,atr2,20,72,200,>24h,alert,4,-2.228569746017456,-5.801451206207275,-8.002316761016846,-7.701148605346679,-6.797644138336182,-5.801451206207275,-1.2323768138885498,6.1023142814636255,8.547211313247676,10.503128938674923,0.0,0.0,0.0,-6.6354624430338545,4.406892697016398,,,2
fat_tail|atr2|trail20|72h|200bps,fat_tail,atr2,20,72,200,>24h,control,7964,-5.010221729470891,-6.551153182983398,-19.128978824615476,-16.459345817565918,-11.802814483642578,-6.551153182983398,-3.6888046264648438,6.896224164962764,19.129630756378123,66.05846405029294,0.0017579105976896032,0.0,0.0,-5.999635064528848,0.9894133350579564,-6.446990510016253,-2.8856683057403063,7
fat_tail|atr2|trail20|72h|200bps,fat_tail,atr2,20,72,200,>24h,signal,53,-4.499600203532093,-4.611940383911133,-12.614620971679688,-7.845933723449707,-5.958332538604736,-4.611940383911133,-3.698993444442749,-3.429131364822388,3.251418590545632,21.90940109252927,0.0,0.0,0.0,-5.094144518558796,0.5945443150267034,-6.270138516145594,-2.6059892279202854,6
fat_tail|atr2|trail20|72h|300bps,fat_tail,atr2,20,72,300,4–24h,control,2020,-5.499457032497197,-13.166075229644775,-22.845458984375,-21.80698013305664,-18.53511953353882,-13.166075229644775,-1.2082778215408325,21.376602745056154,35.8992332458496,77.86262512207031,0.005445544554455445,0.0,0.0,-7.285538325972586,1.7860812934753882,-8.453774666621767,-2.1869690483826174,6
fat_tail|atr2|trail20|72h|300bps,fat_tail,atr2,20,72,300,4–24h,signal,2,9.893628597259521,9.893628597259521,-12.537678098678589,-10.045310688018798,-2.5682084560394287,9.893628597259521,22.35546565055847,29.832567882537845,32.324935293197626,34.318829221725466,0.0,0.0,0.0,-15.030045509338379,24.9236741065979,,,2
fat_tail|atr2|trail20|72h|300bps,fat_tail,atr2,20,72,300,>24h,alert,4,-3.228569746017456,-6.801451206207275,-9.002316761016846,-8.70114860534668,-7.797644138336182,-6.801451206207275,-2.23237681388855,5.1023142814636255,7.547211313247675,9.503128938674923,0.0,0.0,0.0,-7.6354624430338545,4.406892697016398,,,2
fat_tail|atr2|trail20|72h|300bps,fat_tail,atr2,20,72,300,>24h,control,7964,-6.010221721998794,-7.551153182983398,-20.128978824615476,-17.459345817565918,-12.802814483642578,-7.551153182983398,-4.688804626464844,5.896224164962764,18.129630756378123,65.05846405029294,0.0017579105976896032,0.0,0.0,-6.99963505698093,0.9894133349821361,-7.446990512632179,-3.8856682906617124,7
fat_tail|atr2|trail20|72h|300bps,fat_tail,atr2,20,72,300,>24h,signal,53,-5.499600194535166,-5.611940383911133,-13.614620971679688,-8.845933723449708,-6.958332538604736,-5.611940383911133,-4.69899320602417,-4.429131317138672,2.251418590545632,20.90940109252927,0.0,0.0,0.0,-6.09414450938885,0.5945443148536844,-7.270138516145594,-3.6059892438520813,6
fat_tail|atr2|trail30|168h|100bps,fat_tail,atr2,30,168,100,4–24h,control,1939,-7.056524405809232,-15.266834259033203,-29.17185459136963,-26.475703048706055,-21.891983032226562,-15.266834259033203,-4.157970666885376,17.3660758972168,46.06127738952637,96.26383972167969,0.007220216606498195,0.0020629190304280558,0.0,-9.32171278846925,2.2651883826600185,-10.906106628086857,-3.256833131554406,6
fat_tail|atr2|trail30|168h|100bps,fat_tail,atr2,30,168,100,4–24h,signal,1,-14.553088188171387,-14.553088188171387,-14.553088188171387,-14.553088188171387,-14.553088188171387,-14.553088188171387,-14.553088188171387,-14.553088188171387,-14.553088188171387,-14.553088188171387,0.0,0.0,0.0,,,,,1
fat_tail|atr2|trail30|168h|100bps,fat_tail,atr2,30,168,100,>24h,alert,4,0.7330654859542847,-4.801451206207275,-7.00231716632843,-6.701148939132691,-5.797644257545471,-4.801451206207275,1.7292585372924805,12.594893264770512,16.216771507263175,19.11427410125732,0.0,0.0,0.0,-5.635462601979573,6.368528087933858,,,2
fat_tail|atr2|trail30|168h|100bps,fat_tail,atr2,30,168,100,>24h,control,7644,-5.571372438972443,-6.584360361099243,-21.0429630279541,-17.978512954711913,-12.624532222747803,-6.584360361099243,-3.4013835787773132,-0.13816064745187848,24.606001949310254,63.80497821807861,0.0009157509157509158,0.0,0.0,-6.5343053694346755,0.9629329304622329,-6.820533209464907,-4.718196590717776,7
fat_tail|atr2|trail30|168h|100bps,fat_tail,atr2,30,168,100,>24h,signal,52,-3.298587244290572,-3.736550807952881,-15.075778102874754,-6.864624404907226,-4.982948303222656,-3.736550807952881,-2.8447762727737427,-2.447214865684509,-2.161868226528169,44.567058563232436,0.0,0.0,0.0,-4.299816239113901,1.0012289948233288,-5.707110223316011,0.3863381828580584,6
fat_tail|atr2|trail30|168h|200bps,fat_tail,atr2,30,168,200,4–24h,control,1939,-8.056524403808258,-16.266834259033203,-30.17185459136963,-27.475703048706055,-22.891983032226562,-16.266834259033203,-5.157970666885376,16.3660758972168,45.06127738952637,95.26383972167969,0.007220216606498195,0.0020629190304280558,0.0,-10.321712786446367,2.26518838263811,-11.90610668327235,-4.256833301736998,6
fat_tail|atr2|trail30|168h|200bps,fat_tail,atr2,30,168,200,4–24h,signal,1,-15.553088188171387,-15.553088188171387,-15.553088188171387,-15.553088188171387,-15.553088188171387,-15.553088188171387,-15.553088188171387,-15.553088188171387,-15.553088188171387,-15.553088188171387,0.0,0.0,0.0,,,,,1
fat_tail|atr2|trail30|168h|200bps,fat_tail,atr2,30,168,200,>24h,alert,4,-0.2669343948364258,-5.801451206207275,-8.002316761016846,-7.701148605346679,-6.797644138336182,-5.801451206207275,0.7292585372924805,11.594893264770512,15.216771507263175,18.11427410125732,0.0,0.0,0.0,-6.6354624430338545,6.368528048197429,,,2
fat_tail|atr2|trail30|168h|200bps,fat_tail,atr2,30,168,200,>24h,control,7644,-6.5713724345665705,-7.584360361099243,-22.0429630279541,-18.978512954711913,-13.624532222747803,-7.584360361099243,-4.401383638381958,-1.1381606221199045,23.606001949310254,62.80497821807861,0.0009157509157509158,0.0,0.0,-7.534305367000461,0.9629329324338904,-7.820533258758703,-5.718196640392248,7
fat_tail|atr2|trail30|168h|200bps,fat_tail,atr2,30,168,200,>24h,signal,52,-4.298587244290572,-4.73655104637146,-16.075778102874754,-7.864624404907226,-5.982948303222656,-4.73655104637146,-3.8447762727737427,-3.447214865684509,-3.161868226528169,43.567058563232436,0.0,0.0,0.0,-5.299816239113901,1.0012289948233288,-6.7071101779029485,-0.6136618001120431,6
fat_tail|atr2|trail30|168h|300bps,fat_tail,atr2,30,168,300,4–24h,control,1939,-9.056524413355275,-17.266834259033203,-31.17185459136963,-28.475703048706055,-23.891983032226562,-17.266834259033203,-6.157970666885376,15.366075897216797,44.06127738952637,94.26383972167969,0.007220216606498195,0.0020629190304280558,0.0,-11.321712796097914,2.2651883827426396,-12.90610668327235,-5.256833133393922,6
fat_tail|atr2|trail30|168h|300bps,fat_tail,atr2,30,168,300,4–24h,signal,1,-16.553089141845703,-16.553089141845703,-16.553089141845703,-16.553089141845703,-16.553089141845703,-16.553089141845703,-16.553089141845703,-16.553089141845703,-16.553089141845703,-16.553089141845703,0.0,0.0,0.0,,,,,1
fat_tail|atr2|trail30|168h|300bps,fat_tail,atr2,30,168,300,>24h,alert,4,-1.2669343948364258,-6.801451206207275,-9.002316761016846,-8.70114860534668,-7.797644138336182,-6.801451206207275,-0.27074146270751953,10.594893264770512,14.216771507263175,17.11427410125732,0.0,0.0,0.0,-7.6354624430338545,6.368528048197429,,,2
fat_tail|atr2|trail30|168h|300bps,fat_tail,atr2,30,168,300,>24h,control,7644,-7.571372427114284,-8.584360122680664,-23.0429630279541,-19.978512954711913,-14.624532222747803,-8.584360122680664,-5.401383638381958,-2.1381606578826915,22.606001949310254,61.80497821807861,0.0009157509157509158,0.0,0.0,-8.534305358968219,0.9629329318539348,-8.820532850386222,-6.718196539740525,7
fat_tail|atr2|trail30|168h|300bps,fat_tail,atr2,30,168,300,>24h,signal,52,-5.298587239705599,-5.73655104637146,-17.075778102874754,-8.864624404907227,-6.982948303222656,-5.73655104637146,-4.844776272773743,-4.4472150802612305,-4.1618683576583875,42.567058563232436,0.0,0.0,0.0,-6.299816234439027,1.0012289947334283,-7.7071101779029485,-1.613661800112043,6
fat_tail|atr2|trail30|24h|100bps,fat_tail,atr2,30,24,100,4–24h,control,1991,-6.3272792400566775,-14.969352722167969,-29.117314338684082,-26.274394989013672,-21.793066024780273,-14.969352722167969,-1.6592544317245483,20.940887451171875,45.63457489013672,96.26383972167969,0.007031642390758413,0.0020090406830738324,0.0,-8.52490216871714,2.197622928660463,-10.906106628086857,-1.4074824326703337,6
fat_tail|atr2|trail30|24h|100bps,fat_tail,atr2,30,24,100,4–24h,signal,2,7.484190464019775,7.484190464019775,-12.34936032295227,-10.145632457733154,-3.5344488620758057,7.484190464019775,18.502829790115356,25.114013385772708,27.31774125099182,29.080723543167114,0.0,0.0,0.0,-14.553088188171387,22.037278652191162,,,2
fat_tail|atr2|trail30|24h|100bps,fat_tail,atr2,30,24,100,>24h,alert,4,0.7330654859542847,-4.801451206207275,-7.00231716632843,-6.701148939132691,-5.797644257545471,-4.801451206207275,1.7292585372924805,12.594893264770512,16.216771507263175,19.11427410125732,0.0,0.0,0.0,-5.635462601979573,6.368528087933858,,,2
fat_tail|atr2|trail30|24h|100bps,fat_tail,atr2,30,24,100,>24h,control,7897,-4.540479900335143,-5.988370418548584,-20.934572219848633,-17.77169303894043,-12.262216567993164,-5.988370418548584,-2.8183786869049072,6.473765945434593,28.127342224121083,63.0309033203125,0.0008864125617323034,0.0,0.0,-5.47973714296118,0.939257242626037,-6.12126432721396,-3.347216562271118,7
fat_tail|atr2|trail30|24h|100bps,fat_tail,atr2,30,24,100,>24h,signal,59,-2.1786483407841395,-3.237457513809204,-12.778449821472165,-6.73378963470459,-4.877227306365967,-3.237457513809204,-2.5157647132873535,1.2030441522598272,6.212973070144502,44.12825012207033,0.0,0.0,0.0,-3.0397300620338528,0.8610817212497133,-5.090272227200595,1.224252797443209,6
fat_tail|atr2|trail30|24h|200bps,fat_tail,atr2,30,24,200,4–24h,control,1991,-7.327279238107963,-15.969352722167969,-30.117314338684082,-27.274394989013672,-22.793066024780273,-15.969352722167969,-2.6592544317245483,19.940887451171875,44.63457489013672,95.26383972167969,0.007031642390758413,0.0020090406830738324,0.0,-9.524902166747653,2.1976229286396896,-11.90610668327235,-2.4074824326703337,6
fat_tail|atr2|trail30|24h|200bps,fat_tail,atr2,30,24,200,4–24h,signal,2,6.484190464019775,6.484190464019775,-13.34936032295227,-11.145632457733154,-4.534448862075806,6.484190464019775,17.502829790115356,24.114013385772708,26.31774125099182,28.080723543167114,0.0,0.0,0.0,-15.553088188171387,22.037278652191162,,,2
fat_tail|atr2|trail30|24h|200bps,fat_tail,atr2,30,24,200,>24h,alert,4,-0.2669343948364258,-5.801451206207275,-8.002316761016846,-7.701148605346679,-6.797644138336182,-5.801451206207275,0.7292585372924805,11.594893264770512,15.216771507263175,18.11427410125732,0.0,0.0,0.0,-6.6354624430338545,6.368528048197429,,,2
fat_tail|atr2|trail30|24h|200bps,fat_tail,atr2,30,24,200,>24h,control,7897,-5.540479896354364,-6.988370418548584,-21.934572219848633,-18.77169303894043,-13.262216567993164,-6.988370418548584,-3.8183786869049072,5.473765945434593,27.127342224121083,62.0309033203125,0.0008864125617323034,0.0,0.0,-6.479737140891927,0.9392572445375622,-7.12126432721396,-4.347216621398926,7
fat_tail|atr2|trail30|24h|200bps,fat_tail,atr2,30,24,200,>24h,signal,59,-3.178648338732073,-4.237457275390625,-13.778449821472165,-7.73378963470459,-5.877227306365967,-4.237457275390625,-3.5157647132873535,0.20304411053657578,5.212973070144502,43.12825012207033,0.0,0.0,0.0,-4.039730059946406,0.8610817212143327,-6.090272279219194,0.22425279903266607,6
fat_tail|atr2|trail30|24h|300bps,fat_tail,atr2,30,24,300,4–24h,control,1991,-8.327279247405636,-16.96935272216797,-31.117314338684082,-28.274394989013672,-23.793066024780273,-16.96935272216797,-3.6592544317245483,18.940887451171875,43.63457489013672,94.26383972167969,0.007031642390758413,0.0020090406830738324,0.0,-10.524902176144439,2.1976229287388023,-12.90610668327235,-3.407482484570977,6
fat_tail|atr2|trail30|24h|300bps,fat_tail,atr2,30,24,300,4–24h,signal,2,5.484189987182617,5.484189987182617,-14.349361228942872,-12.145633316040039,-5.534449577331543,5.484189987182617,16.502829551696777,23.114013290405275,25.317741203308103,27.08072353363037,0.0,0.0,0.0,-16.553089141845703,22.03727912902832,,,2
fat_tail|atr2|trail30|24h|300bps,fat_tail,atr2,30,24,300,>24h,alert,4,-1.2669343948364258,-6.801451206207275,-9.002316761016846,-8.70114860534668,-7.797644138336182,-6.801451206207275,-0.27074146270751953,10.594893264770512,14.216771507263175,17.11427410125732,0.0,0.0,0.0,-7.6354624430338545,6.368528048197429,,,2
fat_tail|atr2|trail30|24h|300bps,fat_tail,atr2,30,24,300,>24h,control,7897,-6.540479890175713,-7.988370418548584,-22.934572219848633,-19.77169303894043,-14.262216567993164,-7.988370418548584,-4.818378448486328,4.473765945434593,26.127342224121083,61.0309033203125,0.0008864125617323034,0.0,0.0,-7.479737134162903,0.93925724398719,-8.121264276448297,-5.347216442108154,7
fat_tail|atr2|trail30|24h|300bps,fat_tail,atr2,30,24,300,>24h,signal,59,-4.178648338479511,-5.237457275390625,-14.778449821472165,-8.73378963470459,-6.877227306365967,-5.237457275390625,-4.5157647132873535,-0.7969559073448176,4.212972962856142,42.12825012207033,0.0,0.0,0.0,-5.0397300596894885,0.8610817212099775,-7.090272279219194,-0.7757472009673338,6
fat_tail|atr2|trail30|72h|100bps,fat_tail,atr2,30,72,100,4–24h,control,1939,-7.056524405809232,-15.266834259033203,-29.17185459136963,-26.475703048706055,-21.891983032226562,-15.266834259033203,-4.157970666885376,17.3660758972168,46.06127738952637,96.26383972167969,0.007220216606498195,0.0020629190304280558,0.0,-9.32171278846925,2.2651883826600185,-10.906106628086857,-3.256833131554406,6
fat_tail|atr2|trail30|72h|100bps,fat_tail,atr2,30,72,100,4–24h,signal,1,-14.553088188171387,-14.553088188171387,-14.553088188171387,-14.553088188171387,-14.553088188171387,-14.553088188171387,-14.553088188171387,-14.553088188171387,-14.553088188171387,-14.553088188171387,0.0,0.0,0.0,,,,,1
fat_tail|atr2|trail30|72h|100bps,fat_tail,atr2,30,72,100,>24h,alert,4,0.7330654859542847,-4.801451206207275,-7.00231716632843,-6.701148939132691,-5.797644257545471,-4.801451206207275,1.7292585372924805,12.594893264770512,16.216771507263175,19.11427410125732,0.0,0.0,0.0,-5.635462601979573,6.368528087933858,,,2
fat_tail|atr2|trail30|72h|100bps,fat_tail,atr2,30,72,100,>24h,control,7691,-5.451222299219501,-6.5304718017578125,-21.04161548614502,-17.92566680908203,-12.554494857788086,-6.5304718017578125,-3.3237870931625366,1.188803791999817,24.85491943359375,63.79394645690919,0.0009101547263034716,0.0,0.0,-6.406996126911482,0.9557738276919805,-6.5412990601072964,-4.670423180827822,7
fat_tail|atr2|trail30|72h|100bps,fat_tail,atr2,30,72,100,>24h,signal,52,-3.298587244290572,-3.736550807952881,-15.075778102874754,-6.864624404907226,-4.982948303222656,-3.736550807952881,-2.8447762727737427,-2.447214865684509,-2.161868226528169,44.567058563232436,0.0,0.0,0.0,-4.299816239113901,1.0012289948233288,-5.707110223316011,0.3863381828580584,6
fat_tail|atr2|trail30|72h|200bps,fat_tail,atr2,30,72,200,4–24h,control,1939,-8.056524403808258,-16.266834259033203,-30.17185459136963,-27.475703048706055,-22.891983032226562,-16.266834259033203,-5.157970666885376,16.3660758972168,45.06127738952637,95.26383972167969,0.007220216606498195,0.0020629190304280558,0.0,-10.321712786446367,2.26518838263811,-11.90610668327235,-4.256833301736998,6
fat_tail|atr2|trail30|72h|200bps,fat_tail,atr2,30,72,200,4–24h,signal,1,-15.553088188171387,-15.553088188171387,-15.553088188171387,-15.553088188171387,-15.553088188171387,-15.553088188171387,-15.553088188171387,-15.553088188171387,-15.553088188171387,-15.553088188171387,0.0,0.0,0.0,,,,,1
fat_tail|atr2|trail30|72h|200bps,fat_tail,atr2,30,72,200,>24h,alert,4,-0.2669343948364258,-5.801451206207275,-8.002316761016846,-7.701148605346679,-6.797644138336182,-5.801451206207275,0.7292585372924805,11.594893264770512,15.216771507263175,18.11427410125732,0.0,0.0,0.0,-6.6354624430338545,6.368528048197429,,,2
fat_tail|atr2|trail30|72h|200bps,fat_tail,atr2,30,72,200,>24h,control,7691,-6.451222294904491,-7.5304718017578125,-22.04161548614502,-18.92566680908203,-13.554494857788086,-7.5304718017578125,-4.323787212371826,0.18880373239517212,23.85491943359375,62.79394645690919,0.0009101547263034716,0.0,0.0,-7.406996124556876,0.9557738296523857,-7.541299058274567,-5.670423245316228,7
fat_tail|atr2|trail30|72h|200bps,fat_tail,atr2,30,72,200,>24h,signal,52,-4.298587244290572,-4.73655104637146,-16.075778102874754,-7.864624404907226,-5.982948303222656,-4.73655104637146,-3.8447762727737427,-3.447214865684509,-3.161868226528169,43.567058563232436,0.0,0.0,0.0,-5.299816239113901,1.0012289948233288,-6.7071101779029485,-0.6136618001120431,6
fat_tail|atr2|trail30|72h|300bps,fat_tail,atr2,30,72,300,4–24h,control,1939,-9.056524413355275,-17.266834259033203,-31.17185459136963,-28.475703048706055,-23.891983032226562,-17.266834259033203,-6.157970666885376,15.366075897216797,44.06127738952637,94.26383972167969,0.007220216606498195,0.0020629190304280558,0.0,-11.321712796097914,2.2651883827426396,-12.90610668327235,-5.256833133393922,6
fat_tail|atr2|trail30|72h|300bps,fat_tail,atr2,30,72,300,4–24h,signal,1,-16.553089141845703,-16.553089141845703,-16.553089141845703,-16.553089141845703,-16.553089141845703,-16.553089141845703,-16.553089141845703,-16.553089141845703,-16.553089141845703,-16.553089141845703,0.0,0.0,0.0,,,,,1
fat_tail|atr2|trail30|72h|300bps,fat_tail,atr2,30,72,300,>24h,alert,4,-1.2669343948364258,-6.801451206207275,-9.002316761016846,-8.70114860534668,-7.797644138336182,-6.801451206207275,-0.27074146270751953,10.594893264770512,14.216771507263175,17.11427410125732,0.0,0.0,0.0,-7.6354624430338545,6.368528048197429,,,2
fat_tail|atr2|trail30|72h|300bps,fat_tail,atr2,30,72,300,>24h,control,7691,-7.451222287319982,-8.530471801757812,-23.04161548614502,-19.92566680908203,-14.554494857788086,-8.530471801757812,-5.323787212371826,-0.8111962676048279,22.85491943359375,61.79394645690919,0.0009101547263034716,0.0,0.0,-8.406996116394655,0.9557738290746736,-8.541299444871504,-6.670423282761109,7
fat_tail|atr2|trail30|72h|300bps,fat_tail,atr2,30,72,300,>24h,signal,52,-5.298587239705599,-5.73655104637146,-17.075778102874754,-8.864624404907227,-6.982948303222656,-5.73655104637146,-4.844776272773743,-4.4472150802612305,-4.1618683576583875,42.567058563232436,0.0,0.0,0.0,-6.299816234439027,1.0012289947334283,-7.7071101779029485,-1.613661800112043,6
fat_tail|atr2|trail40|168h|100bps,fat_tail,atr2,40,168,100,4–24h,control,1936,-6.5018722466077685,-17.814833641052246,-34.25095462799072,-30.485790252685547,-23.53752374649048,-17.814833641052246,-11.277462720870972,19.599753379821777,51.09580993652344,276.09271240234375,0.028409090909090908,0.002066115702479339,0.0,-12.591714244004361,6.089841997396593,-15.8717628164507,10.272530556318548,6
fat_tail|atr2|trail40|168h|100bps,fat_tail,atr2,40,168,100,4–24h,signal,1,-14.553088188171387,-14.553088188171387,-14.553088188171387,-14.553088188171387,-14.553088188171387,-14.553088188171387,-14.553088188171387,-14.553088188171387,-14.553088188171387,-14.553088188171387,0.0,0.0,0.0,,,,,1
fat_tail|atr2|trail40|168h|100bps,fat_tail,atr2,40,168,100,>24h,alert,4,-3.5826005339622498,-4.801451206207275,-7.00231716632843,-6.701148939132691,-5.797644257545471,-4.801451206207275,-2.586407482624054,0.5110284090042128,1.543507039546964,2.369489943981169,0.0,0.0,0.0,-5.635462601979573,2.0528620680173235,,,2
fat_tail|atr2|trail40|168h|100bps,fat_tail,atr2,40,168,100,>24h,control,7450,-6.2555001607337255,-7.3461058139801025,-22.167743396759032,-18.676257324218746,-13.482440948486328,-7.3461058139801025,-3.8228983879089355,-2.353306221961975,14.260137557983398,73.19177108764649,0.005100671140939597,0.0,0.0,-7.45563078298205,1.2001306222483246,-8.036985644521955,-5.271103337567495,7
fat_tail|atr2|trail40|168h|100bps,fat_tail,atr2,40,168,100,>24h,signal,52,-2.234812548527351,-3.736550807952881,-15.075778102874754,-6.864624404907226,-4.982948303222656,-3.736550807952881,-2.8447762727737427,-2.447214865684509,-2.161868226528169,72.21329513549806,0.0,0.0,0.0,-3.769171803605323,1.5343592550779719,-5.707110223316011,3.3497105496270314,6
fat_tail|atr2|trail40|168h|200bps,fat_tail,atr2,40,168,200,4–24h,control,1936,-7.501872240265539,-18.814833641052246,-35.25095462799072,-31.485790252685547,-24.53752374649048,-18.814833641052246,-12.277462720870972,18.599753379821777,50.09580993652344,275.09271240234375,0.028409090909090908,0.002066115702479339,0.0,-13.59171423753856,6.0898419972730204,-16.871762816450698,9.272530708241774,6
fat_tail|atr2|trail40|168h|200bps,fat_tail,atr2,40,168,200,4–24h,signal,1,-15.553088188171387,-15.553088188171387,-15.553088188171387,-15.553088188171387,-15.553088188171387,-15.553088188171387,-15.553088188171387,-15.553088188171387,-15.553088188171387,-15.553088188171387,0.0,0.0,0.0,,,,,1
fat_tail|atr2|trail40|168h|200bps,fat_tail,atr2,40,168,200,>24h,alert,4,-4.58260041475296,-5.801451206207275,-8.002316761016846,-7.701148605346679,-6.797644138336182,-5.801451206207275,-3.586407482624054,-0.48897159099578724,0.5435070395469641,1.369489943981169,0.0,0.0,0.0,-6.6354624430338545,2.0528620282808943,,,2
fat_tail|atr2|trail40|168h|200bps,fat_tail,atr2,40,168,200,>24h,control,7450,-7.2555001566904105,-8.346106052398682,-23.167743396759032,-19.676257324218746,-14.482440948486328,-8.346106052398682,-4.822898507118225,-3.353306221961975,13.260137557983398,72.19177108764649,0.004966442953020134,0.0,0.0,-8.455630778897616,1.2001306222072055,-9.036985642195452,-6.27110346485833,7
fat_tail|atr2|trail40|168h|200bps,fat_tail,atr2,40,168,200,>24h,signal,52,-3.234812548527351,-4.73655104637146,-16.075778102874754,-7.864624404907226,-5.982948303222656,-4.73655104637146,-3.8447762727737427,-3.447214865684509,-3.161868226528169,71.21329513549806,0.0,0.0,0.0,-4.769171803605323,1.5343592550779719,-6.7071101779029485,2.3497105666569302,6
fat_tail|atr2|trail40|168h|300bps,fat_tail,atr2,40,168,300,4–24h,control,1936,-8.501872268536182,-19.814833641052246,-36.25095462799072,-32.48579216003418,-25.53752374649048,-19.814833641052246,-13.277462720870972,17.599753379821777,49.09580993652344,274.09271240234375,0.02737603305785124,0.002066115702479339,0.0,-14.591714266360025,6.089841997823843,-17.871762816450698,8.272530708241774,6
fat_tail|atr2|trail40|168h|300bps,fat_tail,atr2,40,168,300,4–24h,signal,1,-16.553089141845703,-16.553089141845703,-16.553089141845703,-16.553089141845703,-16.553089141845703,-16.553089141845703,-16.553089141845703,-16.553089141845703,-16.553089141845703,-16.553089141845703,0.0,0.0,0.0,,,,,1
fat_tail|atr2|trail40|168h|300bps,fat_tail,atr2,40,168,300,>24h,alert,4,-5.58260041475296,-6.801451206207275,-9.002316761016846,-8.70114860534668,-7.797644138336182,-6.801451206207275,-4.586407482624054,-1.4889715909957872,-0.4564929604530359,0.36948994398116897,0.0,0.0,0.0,-7.6354624430338545,2.0528620282808943,,,2
fat_tail|atr2|trail40|168h|300bps,fat_tail,atr2,40,168,300,>24h,control,7450,-8.255500149753495,-9.346106052398682,-24.167743396759032,-20.676257324218746,-15.482440948486328,-9.346106052398682,-5.822898507118225,-4.353306245803833,12.260137557983398,71.19177108764649,0.004966442953020134,0.0,0.0,-9.455630771890156,1.2001306221366619,-10.036985646848459,-7.27110346489892,7
fat_tail|atr2|trail40|168h|300bps,fat_tail,atr2,40,168,300,>24h,signal,52,-4.234812543942378,-5.73655104637146,-17.075778102874754,-8.864624404907227,-6.982948303222656,-5.73655104637146,-4.844776272773743,-4.4472150802612305,-4.1618683576583875,70.21329513549806,0.0,0.0,0.0,-5.769171798930449,1.534359254988071,-7.7071101779029485,1.34971056665693,6
fat_tail|atr2|trail40|24h|100bps,fat_tail,atr2,40,24,100,4–24h,control,1988,-5.786034614447376,-17.570502281188965,-34.0233980178833,-30.39695472717285,-23.339165687561035,-17.570502281188965,-10.463168144226074,22.815210723876948,49.388970947265605,276.09271240234375,0.02766599597585513,0.002012072434607646,0.0,-11.699988464096887,5.91395384964951,-15.8717628164507,11.196577601782101,6
fat_tail|atr2|trail40|24h|100bps,fat_tail,atr2,40,24,100,4–24h,signal,2,7.484190464019775,7.484190464019775,-12.34936032295227,-10.145632457733154,-3.5344488620758057,7.484190464019775,18.502829790115356,25.114013385772708,27.31774125099182,29.080723543167114,0.0,0.0,0.0,-14.553088188171387,22.037278652191162,,,2
fat_tail|atr2|trail40|24h|100bps,fat_tail,atr2,40,24,100,>24h,alert,4,-3.5826005339622498,-4.801451206207275,-7.00231716632843,-6.701148939132691,-5.797644257545471,-4.801451206207275,-2.586407482624054,0.5110284090042128,1.543507039546964,2.369489943981169,0.0,0.0,0.0,-5.635462601979573,2.0528620680173235,,,2
fat_tail|atr2|trail40|24h|100bps,fat_tail,atr2,40,24,100,>24h,control,7714,-4.911078017867982,-6.675431966781616,-21.90199451446533,-18.372045516967773,-13.04030179977417,-6.675431966781616,-3.1074528098106384,3.4910347700118947,24.207279491424494,81.60882598876931,0.008166969147005444,0.0,0.0,-6.254324395700748,1.3432463778327666,-7.1378049531086365,-3.713138962131594,7
fat_tail|atr2|trail40|24h|100bps,fat_tail,atr2,40,24,100,>24h,signal,59,-1.2410842021453683,-3.237457513809204,-12.778449821472165,-6.73378963470459,-4.877227306365967,-3.237457513809204,-2.5157647132873535,1.2030441522598272,6.212973070144502,71.69114807128908,0.0,0.0,0.0,-2.573128920465965,1.3320447183205966,-5.090272227200595,3.553092450225145,6
fat_tail|atr2|trail40|24h|200bps,fat_tail,atr2,40,24,200,4–24h,control,1988,-6.7860346082710405,-18.570502281188965,-35.0233980178833,-31.39695472717285,-24.339165687561035,-18.570502281188965,-11.463168144226074,21.815210723876948,48.388970947265605,275.09271240234375,0.02766599597585513,0.002012072434607646,0.0,-12.699988457803418,5.913953849532377,-16.871762816450698,10.196577601782101,6
fat_tail|atr2|trail40|24h|200bps,fat_tail,atr2,40,24,200,4–24h,signal,2,6.484190464019775,6.484190464019775,-13.34936032295227,-11.145632457733154,-4.534448862075806,6.484190464019775,17.502829790115356,24.114013385772708,26.31774125099182,28.080723543167114,0.0,0.0,0.0,-15.553088188171387,22.037278652191162,,,2
fat_tail|atr2|trail40|24h|200bps,fat_tail,atr2,40,24,200,>24h,alert,4,-4.58260041475296,-5.801451206207275,-8.002316761016846,-7.701148605346679,-6.797644138336182,-5.801451206207275,-3.586407482624054,-0.48897159099578724,0.5435070395469641,1.369489943981169,0.0,0.0,0.0,-6.6354624430338545,2.0528620282808943,,,2
fat_tail|atr2|trail40|24h|200bps,fat_tail,atr2,40,24,200,>24h,control,7714,-5.9110780150727615,-7.675431966781616,-22.90199451446533,-19.372045516967773,-14.04030179977417,-7.675431966781616,-4.107452750205994,2.4910347700118947,23.207279491424494,80.60882598876931,0.007907700285195747,0.0,0.0,-7.254324392876976,1.3432463778042143,-8.137804946977662,-4.713138961161303,7
fat_tail|atr2|trail40|24h|200bps,fat_tail,atr2,40,24,200,>24h,signal,59,-2.241084200093302,-4.237457275390625,-13.778449821472165,-7.73378963470459,-5.877227306365967,-4.237457275390625,-3.5157647132873535,0.20304411053657578,5.212973070144502,70.69114807128908,0.0,0.0,0.0,-3.5731289183785178,1.332044718285216,-6.090272279219194,2.553092411964639,6
fat_tail|atr2|trail40|24h|300bps,fat_tail,atr2,40,24,300,4–24h,control,1988,-7.78603463580221,-19.570502281188965,-36.0233980178833,-32.396954727172854,-25.339165687561035,-19.570502281188965,-12.463168144226074,20.815210723876948,47.388970947265605,274.09271240234375,0.02665995975855131,0.002012072434607646,0.0,-13.699988485856707,5.913953850054497,-17.871762816450698,9.196577601782101,6
fat_tail|atr2|trail40|24h|300bps,fat_tail,atr2,40,24,300,4–24h,signal,2,5.484189987182617,5.484189987182617,-14.349361228942872,-12.145633316040039,-5.534449577331543,5.484189987182617,16.502829551696777,23.114013290405275,25.317741203308103,27.08072353363037,0.0,0.0,0.0,-16.553089141845703,22.03727912902832,,,2
fat_tail|atr2|trail40|24h|300bps,fat_tail,atr2,40,24,300,>24h,alert,4,-5.58260041475296,-6.801451206207275,-9.002316761016846,-8.70114860534668,-7.797644138336182,-6.801451206207275,-4.586407482624054,-1.4889715909957872,-0.4564929604530359,0.36948994398116897,0.0,0.0,0.0,-7.6354624430338545,2.0528620282808943,,,2
fat_tail|atr2|trail40|24h|300bps,fat_tail,atr2,40,24,300,>24h,control,7714,-6.9110780089101596,-8.675432205200195,-23.90199451446533,-20.372045516967773,-15.04030179977417,-8.675432205200195,-5.107452750205994,1.4910348892211844,22.207279491424494,79.60882598876931,0.0077780658542909,0.0,0.0,-8.254324386651424,1.3432463777412647,-9.137804959239611,-5.713138963101884,7
fat_tail|atr2|trail40|24h|300bps,fat_tail,atr2,40,24,300,>24h,signal,59,-3.24108419984074,-5.237457275390625,-14.778449821472165,-8.73378963470459,-6.877227306365967,-5.237457275390625,-4.5157647132873535,-0.7969559073448176,4.212972962856142,69.69114807128908,0.0,0.0,0.0,-4.573128918121601,1.3320447182808608,-7.090272279219194,1.5530924119646397,6
fat_tail|atr2|trail40|72h|100bps,fat_tail,atr2,40,72,100,4–24h,control,1936,-6.5018722466077685,-17.814833641052246,-34.25095462799072,-30.485790252685547,-23.53752374649048,-17.814833641052246,-11.277462720870972,19.599753379821777,51.09580993652344,276.09271240234375,0.028409090909090908,0.002066115702479339,0.0,-12.591714244004361,6.089841997396593,-15.8717628164507,10.272530556318548,6
fat_tail|atr2|trail40|72h|100bps,fat_tail,atr2,40,72,100,4–24h,signal,1,-14.553088188171387,-14.553088188171387,-14.553088188171387,-14.553088188171387,-14.553088188171387,-14.553088188171387,-14.553088188171387,-14.553088188171387,-14.553088188171387,-14.553088188171387,0.0,0.0,0.0,,,,,1
fat_tail|atr2|trail40|72h|100bps,fat_tail,atr2,40,72,100,>24h,alert,4,-3.5826005339622498,-4.801451206207275,-7.00231716632843,-6.701148939132691,-5.797644257545471,-4.801451206207275,-2.586407482624054,0.5110284090042128,1.543507039546964,2.369489943981169,0.0,0.0,0.0,-5.635462601979573,2.0528620680173235,,,2
fat_tail|atr2|trail40|72h|100bps,fat_tail,atr2,40,72,100,>24h,control,7498,-6.126372859726574,-7.253420829772949,-22.126909828186033,-18.628127098083496,-13.45448613166809,-7.253420829772949,-3.7386958599090576,-2.2293315410614007,14.260137557983398,73.18817489624023,0.005068018138170179,0.0,0.0,-7.317438303820049,1.191065444093475,-7.9082447357659875,-5.110530723392588,7
fat_tail|atr2|trail40|72h|100bps,fat_tail,atr2,40,72,100,>24h,signal,52,-2.234812548527351,-3.736550807952881,-15.075778102874754,-6.864624404907226,-4.982948303222656,-3.736550807952881,-2.8447762727737427,-2.447214865684509,-2.161868226528169,72.21329513549806,0.0,0.0,0.0,-3.769171803605323,1.5343592550779719,-5.707110223316011,3.3497105496270314,6
fat_tail|atr2|trail40|72h|200bps,fat_tail,atr2,40,72,200,4–24h,control,1936,-7.501872240265539,-18.814833641052246,-35.25095462799072,-31.485790252685547,-24.53752374649048,-18.814833641052246,-12.277462720870972,18.599753379821777,50.09580993652344,275.09271240234375,0.028409090909090908,0.002066115702479339,0.0,-13.59171423753856,6.0898419972730204,-16.871762816450698,9.272530708241774,6
fat_tail|atr2|trail40|72h|200bps,fat_tail,atr2,40,72,200,4–24h,signal,1,-15.553088188171387,-15.553088188171387,-15.553088188171387,-15.553088188171387,-15.553088188171387,-15.553088188171387,-15.553088188171387,-15.553088188171387,-15.553088188171387,-15.553088188171387,0.0,0.0,0.0,,,,,1
fat_tail|atr2|trail40|72h|200bps,fat_tail,atr2,40,72,200,>24h,alert,4,-4.58260041475296,-5.801451206207275,-8.002316761016846,-7.701148605346679,-6.797644138336182,-5.801451206207275,-3.586407482624054,-0.48897159099578724,0.5435070395469641,1.369489943981169,0.0,0.0,0.0,-6.6354624430338545,2.0528620282808943,,,2
fat_tail|atr2|trail40|72h|200bps,fat_tail,atr2,40,72,200,>24h,control,7498,-7.126372855774727,-8.25342082977295,-23.126909828186033,-19.628127098083496,-14.45448613166809,-8.25342082977295,-4.738695859909058,-3.2293315410614007,13.260137557983398,72.18817489624023,0.004934649239797279,0.0,0.0,-8.317438299828272,1.191065444053545,-8.90824473293329,-6.110530509074066,7
fat_tail|atr2|trail40|72h|200bps,fat_tail,atr2,40,72,200,>24h,signal,52,-3.234812548527351,-4.73655104637146,-16.075778102874754,-7.864624404907226,-5.982948303222656,-4.73655104637146,-3.8447762727737427,-3.447214865684509,-3.161868226528169,71.21329513549806,0.0,0.0,0.0,-4.769171803605323,1.5343592550779719,-6.7071101779029485,2.3497105666569302,6
fat_tail|atr2|trail40|72h|300bps,fat_tail,atr2,40,72,300,4–24h,control,1936,-8.501872268536182,-19.814833641052246,-36.25095462799072,-32.48579216003418,-25.53752374649048,-19.814833641052246,-13.277462720870972,17.599753379821777,49.09580993652344,274.09271240234375,0.02737603305785124,0.002066115702479339,0.0,-14.591714266360025,6.089841997823843,-17.871762816450698,8.272530708241774,6
fat_tail|atr2|trail40|72h|300bps,fat_tail,atr2,40,72,300,4–24h,signal,1,-16.553089141845703,-16.553089141845703,-16.553089141845703,-16.553089141845703,-16.553089141845703,-16.553089141845703,-16.553089141845703,-16.553089141845703,-16.553089141845703,-16.553089141845703,0.0,0.0,0.0,,,,,1
fat_tail|atr2|trail40|72h|300bps,fat_tail,atr2,40,72,300,>24h,alert,4,-5.58260041475296,-6.801451206207275,-9.002316761016846,-8.70114860534668,-7.797644138336182,-6.801451206207275,-4.586407482624054,-1.4889715909957872,-0.4564929604530359,0.36948994398116897,0.0,0.0,0.0,-7.6354624430338545,2.0528620282808943,,,2
fat_tail|atr2|trail40|72h|300bps,fat_tail,atr2,40,72,300,>24h,control,7498,-8.12637284868398,-9.25342082977295,-24.126909828186033,-20.628127098083496,-15.45448613166809,-9.25342082977295,-5.738695859909058,-4.2293315410614,12.260137557983398,71.18817489624023,0.004934649239797279,0.0,0.0,-9.317438292665884,1.1910654439819037,-9.908244738598682,-7.110530513480045,7
fat_tail|atr2|trail40|72h|300bps,fat_tail,atr2,40,72,300,>24h,signal,52,-4.234812543942378,-5.73655104637146,-17.075778102874754,-8.864624404907227,-6.982948303222656,-5.73655104637146,-4.844776272773743,-4.4472150802612305,-4.1618683576583875,70.21329513549806,0.0,0.0,0.0,-5.769171798930449,1.534359254988071,-7.7071101779029485,1.34971056665693,6
fat_tail|fixed10|trail20|168h|100bps,fat_tail,fixed10,20,168,100,4–24h,control,2028,-1.8697581751373342,-11.0,-11.0,-11.0,-11.0,-11.0,-2.1831226348876953,21.205358314514143,32.404118728637656,79.86262512207031,0.005424063116370809,0.0,0.0,-3.404095163277001,1.534336988139667,-4.319841738428784,0.8998947468379702,6
fat_tail|fixed10|trail20|168h|100bps,fat_tail,fixed10,20,168,100,4–24h,signal,2,12.908651351928711,12.908651351928711,-8.609134864807128,-6.218269729614257,0.9543256759643555,12.908651351928711,24.862977027893066,32.03557243347168,34.42643756866455,36.33912967681885,0.0,0.0,0.0,-11.0,23.90865135192871,,,2
fat_tail|fixed10|trail20|168h|100bps,fat_tail,fixed10,20,168,100,>24h,alert,4,-5.826161623001099,-11.0,-12.952241611480712,-12.607728385925293,-11.574188709259033,-11.0,-5.251972913742065,5.094475841522221,8.54329209327697,11.302345094680781,0.0,0.0,0.0,-11.765584945678711,5.939423322677612,,,2
fat_tail|fixed10|trail20|168h|100bps,fat_tail,fixed10,20,168,100,>24h,control,7082,-5.002324696502268,-11.0,-11.0,-11.0,-11.0,-11.0,-5.043639302253723,9.701363563537598,21.641679668426512,69.29042480468738,0.002682857949731714,0.0,0.0,-6.109870722335766,1.1075460258334981,-7.1127915133010795,-2.2673508133151805,6
fat_tail|fixed10|trail20|168h|100bps,fat_tail,fixed10,20,168,100,>24h,signal,33,-6.347698883576826,-11.0,-14.074346160888672,-11.0,-11.0,-11.0,-2.438246011734009,3.536449718475342,15.721193885803215,24.642979202270507,0.0,0.0,0.0,-7.402836479246616,1.0551375956697902,-9.652829969251478,-3.3751484734671457,6
fat_tail|fixed10|trail20|168h|200bps,fat_tail,fixed10,20,168,200,4–24h,control,2028,-2.8697581751344643,-12.0,-12.0,-12.0,-12.0,-12.0,-3.1831226348876953,20.205358314514143,31.40411806106564,78.86262512207031,0.005424063116370809,0.0,0.0,-4.404095163274091,1.5343369881396267,-5.319841525639164,-0.10010525316202981,6
fat_tail|fixed10|trail20|168h|200bps,fat_tail,fixed10,20,168,200,4–24h,signal,2,11.908651351928711,11.908651351928711,-9.609134864807128,-7.218269729614257,-0.04567432403564453,11.908651351928711,23.862977027893066,31.035572433471682,33.42643756866455,35.33912967681885,0.0,0.0,0.0,-12.0,23.90865135192871,,,2
fat_tail|fixed10|trail20|168h|200bps,fat_tail,fixed10,20,168,200,>24h,alert,4,-6.826161623001099,-12.0,-13.952241611480712,-13.607728385925293,-12.574188709259033,-12.0,-6.251972913742065,4.094475841522221,7.543292093276969,10.302345094680781,0.0,0.0,0.0,-12.765584945678711,5.939423322677612,,,2
fat_tail|fixed10|trail20|168h|200bps,fat_tail,fixed10,20,168,200,>24h,control,7082,-6.0023246954293965,-12.0,-12.0,-12.0,-12.0,-12.0,-6.043639302253723,8.701363563537598,20.641679668426512,68.29042480468738,0.0025416548997458347,0.0,0.0,-7.109870721252029,1.1075460258226322,-8.11279151954764,-3.2673508353137954,6
fat_tail|fixed10|trail20|168h|200bps,fat_tail,fixed10,20,168,200,>24h,signal,33,-7.347698881770626,-12.0,-15.074346160888672,-12.0,-12.0,-12.0,-3.438246011734009,2.536449718475342,14.721193885803215,23.642979202270507,0.0,0.0,0.0,-8.402836477383971,1.0551375956133455,-10.652829969251478,-4.375148446219308,6
fat_tail|fixed10|trail20|168h|300bps,fat_tail,fixed10,20,168,300,4–24h,control,2028,-3.8697581747179406,-13.0,-13.0,-13.0,-13.0,-13.0,-4.183122634887695,19.205358314514143,30.40411806106564,77.86262512207031,0.004930966469428008,0.0,0.0,-5.4040951628517355,1.534336988133795,-6.319841525639164,-1.10010525316203,6
fat_tail|fixed10|trail20|168h|300bps,fat_tail,fixed10,20,168,300,4–24h,signal,2,10.908651351928711,10.908651351928711,-10.609134864807128,-8.218269729614256,-1.0456743240356445,10.908651351928711,22.862977027893066,30.035572433471682,32.42643756866455,34.33912967681885,0.0,0.0,0.0,-13.0,23.90865135192871,,,2
fat_tail|fixed10|trail20|168h|300bps,fat_tail,fixed10,20,168,300,>24h,alert,4,-7.826161623001099,-13.0,-14.952241611480712,-14.607728385925293,-13.574188709259033,-13.0,-7.251972913742065,3.094475841522221,6.543292093276969,9.302345094680781,0.0,0.0,0.0,-13.765584945678711,5.939423322677612,,,2
fat_tail|fixed10|trail20|168h|300bps,fat_tail,fixed10,20,168,300,>24h,control,7082,-7.002324697293553,-13.0,-13.0,-13.0,-13.0,-13.0,-7.043639302253723,7.701363563537598,19.641679668426512,67.29042480468738,0.0024004518497599547,0.0,0.0,-8.109870723135066,1.1075460258415122,-9.11279111976768,-4.267350835313795,6
fat_tail|fixed10|trail20|168h|300bps,fat_tail,fixed10,20,168,300,>24h,signal,33,-8.347698880867524,-13.0,-16.07434616088867,-13.0,-13.0,-13.0,-4.43824577331543,1.5364496231079103,13.721193885803215,22.642979202270507,0.0,0.0,0.0,-9.402836476452649,1.0551375955851245,-11.652829969251478,-5.375148446219308,6
fat_tail|fixed10|trail20|24h|100bps,fat_tail,fixed10,20,24,100,4–24h,control,2028,-2.1071371843390163,-11.0,-11.0,-11.0,-11.0,-11.0,-2.1831226348876953,18.249486541748045,31.22006340026836,79.86262512207031,0.005424063116370809,0.0,0.0,-3.6447974786075066,1.5376602942684903,-4.319841738428784,0.2232191735148363,6
fat_tail|fixed10|trail20|24h|100bps,fat_tail,fixed10,20,24,100,4–24h,signal,2,9.260734558105469,9.260734558105469,-8.973926544189453,-6.947853088378906,-0.8696327209472656,9.260734558105469,19.391101837158203,25.469322204589844,27.49539566040039,29.11625442504883,0.0,0.0,0.0,-11.0,20.26073455810547,,,2
fat_tail|fixed10|trail20|24h|100bps,fat_tail,fixed10,20,24,100,>24h,alert,4,-5.826161623001099,-11.0,-12.952241611480712,-12.607728385925293,-11.574188709259033,-11.0,-5.251972913742065,5.094475841522221,8.54329209327697,11.302345094680781,0.0,0.0,0.0,-11.765584945678711,5.939423322677612,,,2
fat_tail|fixed10|trail20|24h|100bps,fat_tail,fixed10,20,24,100,>24h,control,7463,-3.9006934538206894,-11.0,-11.0,-11.0,-11.0,-11.0,-0.47712332010269165,11.920943260192873,22.365254974365214,67.29026977539064,0.0025458930724909555,0.0,0.0,-4.980143222515415,1.0794497686947255,-5.984220114191488,-1.5969923262847454,7
fat_tail|fixed10|trail20|24h|100bps,fat_tail,fixed10,20,24,100,>24h,signal,47,-3.6908763485782323,-3.2642879486083984,-11.0,-11.0,-11.0,-3.2642879486083984,1.2540481090545654,3.5620980262756348,11.258648443222011,24.90389778137206,0.0,0.0,0.0,-4.426484912998326,0.7356085644200938,-5.790652126073837,-1.7714733463067283,6
fat_tail|fixed10|trail20|24h|200bps,fat_tail,fixed10,20,24,200,4–24h,control,2028,-3.107137183865892,-12.0,-12.0,-12.0,-12.0,-12.0,-3.1831226348876953,17.249486541748045,30.22006340026836,78.86262512207031,0.005424063116370809,0.0,0.0,-4.644797478127759,1.5376602942618671,-5.319841525639164,-0.7767807409058645,6
fat_tail|fixed10|trail20|24h|200bps,fat_tail,fixed10,20,24,200,4–24h,signal,2,8.260734558105469,8.260734558105469,-9.973926544189453,-7.947853088378906,-1.8696327209472656,8.260734558105469,18.391101837158203,24.469322204589844,26.49539566040039,28.11625442504883,0.0,0.0,0.0,-12.0,20.26073455810547,,,2
fat_tail|fixed10|trail20|24h|200bps,fat_tail,fixed10,20,24,200,>24h,alert,4,-6.826161623001099,-12.0,-13.952241611480712,-13.607728385925293,-12.574188709259033,-12.0,-6.251972913742065,4.094475841522221,7.543292093276969,10.302345094680781,0.0,0.0,0.0,-12.765584945678711,5.939423322677612,,,2
fat_tail|fixed10|trail20|24h|200bps,fat_tail,fixed10,20,24,200,>24h,control,7463,-4.900693452693818,-12.0,-12.0,-12.0,-12.0,-12.0,-1.4771233797073364,10.920943260192873,21.365254974365214,66.29026977539064,0.002411898700254589,0.0,0.0,-5.980143221377103,1.0794497686832853,-6.984220117941246,-2.596992422992929,7
fat_tail|fixed10|trail20|24h|200bps,fat_tail,fixed10,20,24,200,>24h,signal,47,-4.690876351074969,-4.264287948608398,-12.0,-12.0,-12.0,-4.264287948608398,0.25404807180166245,2.5620980262756348,10.258648443222011,23.90389778137206,0.0,0.0,0.0,-5.426484915549341,0.7356085644743713,-6.790652006864548,-2.771473386425239,6
fat_tail|fixed10|trail20|24h|300bps,fat_tail,fixed10,20,24,300,4–24h,control,2028,-4.107137183449369,-13.0,-13.0,-13.0,-13.0,-13.0,-4.183122634887695,16.249486541748045,29.22006340026836,77.86262512207031,0.004930966469428008,0.0,0.0,-5.644797477705404,1.5376602942560345,-6.319841525639164,-1.7767807494637944,6
fat_tail|fixed10|trail20|24h|300bps,fat_tail,fixed10,20,24,300,4–24h,signal,2,7.260734558105469,7.260734558105469,-10.973926544189453,-8.947853088378906,-2.8696327209472656,7.260734558105469,17.391101837158203,23.469322204589844,25.49539566040039,27.11625442504883,0.0,0.0,0.0,-13.0,20.26073455810547,,,2
fat_tail|fixed10|trail20|24h|300bps,fat_tail,fixed10,20,24,300,>24h,alert,4,-7.826161623001099,-13.0,-14.952241611480712,-14.607728385925293,-13.574188709259033,-13.0,-7.251972913742065,3.094475841522221,6.543292093276969,9.302345094680781,0.0,0.0,0.0,-13.765584945678711,5.939423322677612,,,2
fat_tail|fixed10|trail20|24h|300bps,fat_tail,fixed10,20,24,300,>24h,control,7463,-5.900693453260358,-13.0,-13.0,-13.0,-13.0,-13.0,-2.477123260498047,9.920943260192873,20.365254974365214,65.29026977539064,0.002277904328018223,0.0,0.0,-6.980143221949395,1.0794497686890372,-7.984219702134863,-3.596992382402307,7
fat_tail|fixed10|trail20|24h|300bps,fat_tail,fixed10,20,24,300,>24h,signal,47,-5.69087634687411,-5.264287948608398,-13.0,-13.0,-13.0,-5.264287948608398,-0.7459519505500793,1.5620979070663452,9.258648514747584,22.90389778137206,0.0,0.0,0.0,-6.426484911257158,0.7356085643830479,-7.79065203666687,-3.7714734251682582,6
fat_tail|fixed10|trail20|72h|100bps,fat_tail,fixed10,20,72,100,4–24h,control,2028,-1.8697581751373342,-11.0,-11.0,-11.0,-11.0,-11.0,-2.1831226348876953,21.205358314514143,32.404118728637656,79.86262512207031,0.005424063116370809,0.0,0.0,-3.404095163277001,1.534336988139667,-4.319841738428784,0.8998947468379702,6
fat_tail|fixed10|trail20|72h|100bps,fat_tail,fixed10,20,72,100,4–24h,signal,2,12.908651351928711,12.908651351928711,-8.609134864807128,-6.218269729614257,0.9543256759643555,12.908651351928711,24.862977027893066,32.03557243347168,34.42643756866455,36.33912967681885,0.0,0.0,0.0,-11.0,23.90865135192871,,,2
fat_tail|fixed10|trail20|72h|100bps,fat_tail,fixed10,20,72,100,>24h,alert,4,-5.826161623001099,-11.0,-12.952241611480712,-12.607728385925293,-11.574188709259033,-11.0,-5.251972913742065,5.094475841522221,8.54329209327697,11.302345094680781,0.0,0.0,0.0,-11.765584945678711,5.939423322677612,,,2
fat_tail|fixed10|trail20|72h|100bps,fat_tail,fixed10,20,72,100,>24h,control,7303,-4.821725757737995,-11.0,-11.0,-11.0,-11.0,-11.0,-3.1434316635131836,9.19783782958985,21.10466594696042,67.72319046020495,0.002601670546350815,0.0,0.0,-5.924481056054718,1.1027552983167235,-6.652512710002058,-2.1835117271633746,7
fat_tail|fixed10|trail20|72h|100bps,fat_tail,fixed10,20,72,100,>24h,signal,36,-5.789063609308666,-11.0,-12.92146635055542,-11.0,-11.0,-11.0,0.06470021605491638,3.478909969329834,14.96428894996643,24.382942485809313,0.0,0.0,0.0,-6.737799831799099,0.9487362224904325,-8.904170877592904,-3.2507942884396286,6
fat_tail|fixed10|trail20|72h|200bps,fat_tail,fixed10,20,72,200,4–24h,control,2028,-2.8697581751344643,-12.0,-12.0,-12.0,-12.0,-12.0,-3.1831226348876953,20.205358314514143,31.40411806106564,78.86262512207031,0.005424063116370809,0.0,0.0,-4.404095163274091,1.5343369881396267,-5.319841525639164,-0.10010525316202981,6
fat_tail|fixed10|trail20|72h|200bps,fat_tail,fixed10,20,72,200,4–24h,signal,2,11.908651351928711,11.908651351928711,-9.609134864807128,-7.218269729614257,-0.04567432403564453,11.908651351928711,23.862977027893066,31.035572433471682,33.42643756866455,35.33912967681885,0.0,0.0,0.0,-12.0,23.90865135192871,,,2
fat_tail|fixed10|trail20|72h|200bps,fat_tail,fixed10,20,72,200,>24h,alert,4,-6.826161623001099,-12.0,-13.952241611480712,-13.607728385925293,-12.574188709259033,-12.0,-6.251972913742065,4.094475841522221,7.543292093276969,10.302345094680781,0.0,0.0,0.0,-12.765584945678711,5.939423322677612,,,2
fat_tail|fixed10|trail20|72h|200bps,fat_tail,fixed10,20,72,200,>24h,control,7303,-5.821725756757145,-12.0,-12.0,-12.0,-12.0,-12.0,-4.143431663513184,8.19783782958985,20.10466594696042,66.72319046020495,0.0024647405175955085,0.0,0.0,-6.924481055063827,1.1027552983066826,-7.652512710258377,-3.1835117505818977,7
fat_tail|fixed10|trail20|72h|200bps,fat_tail,fixed10,20,72,200,>24h,signal,36,-6.789063610136509,-12.0,-13.92146635055542,-12.0,-12.0,-12.0,-0.9352998286485672,2.478909969329834,13.96428894996643,23.382942485809313,0.0,0.0,0.0,-7.737799832650594,0.9487362225140847,-9.904170781884876,-4.250794239533254,6
fat_tail|fixed10|trail20|72h|300bps,fat_tail,fixed10,20,72,300,4–24h,control,2028,-3.8697581747179406,-13.0,-13.0,-13.0,-13.0,-13.0,-4.183122634887695,19.205358314514143,30.40411806106564,77.86262512207031,0.004930966469428008,0.0,0.0,-5.4040951628517355,1.534336988133795,-6.319841525639164,-1.10010525316203,6
fat_tail|fixed10|trail20|72h|300bps,fat_tail,fixed10,20,72,300,4–24h,signal,2,10.908651351928711,10.908651351928711,-10.609134864807128,-8.218269729614256,-1.0456743240356445,10.908651351928711,22.862977027893066,30.035572433471682,32.42643756866455,34.33912967681885,0.0,0.0,0.0,-13.0,23.90865135192871,,,2
fat_tail|fixed10|trail20|72h|300bps,fat_tail,fixed10,20,72,300,>24h,alert,4,-7.826161623001099,-13.0,-14.952241611480712,-14.607728385925293,-13.574188709259033,-13.0,-7.251972913742065,3.094475841522221,6.543292093276969,9.302345094680781,0.0,0.0,0.0,-13.765584945678711,5.939423322677612,,,2
fat_tail|fixed10|trail20|72h|300bps,fat_tail,fixed10,20,72,300,>24h,control,7303,-6.821725758603466,-13.0,-13.0,-13.0,-13.0,-13.0,-5.143431663513184,7.197837734222419,19.10466594696042,65.72319046020495,0.0023278104888402027,0.0,0.0,-7.924481056929049,1.102755298325583,-8.652512710258376,-4.183511750581897,7
fat_tail|fixed10|trail20|72h|300bps,fat_tail,fixed10,20,72,300,>24h,signal,36,-7.789063609308666,-13.0,-14.92146635055542,-13.0,-13.0,-13.0,-1.9352998435497284,1.4789099097251892,12.96428894996643,22.382942485809313,0.0,0.0,0.0,-8.737799831799098,0.9487362224904317,-10.904170973300934,-5.250794239533254,6
fat_tail|fixed10|trail30|168h|100bps,fat_tail,fixed10,30,168,100,4–24h,control,1941,-4.450486411537739,-11.0,-11.0,-11.0,-11.0,-11.0,-11.0,6.768435478210449,29.775100708007812,74.47373199462848,0.0061823802163833074,0.0015455950540958269,0.0,-6.355142968598674,1.9046565570609353,-6.455638877973989,-2.4244509588440613,6
fat_tail|fixed10|trail30|168h|100bps,fat_tail,fixed10,30,168,100,4–24h,signal,1,-11.0,-11.0,-11.0,-11.0,-11.0,-11.0,-11.0,-11.0,-11.0,-11.0,0.0,0.0,0.0,,,,,1
fat_tail|fixed10|trail30|168h|100bps,fat_tail,fixed10,30,168,100,>24h,alert,4,-3.8645262718200684,-11.0,-12.952241611480712,-12.607728385925293,-11.574188709259033,-11.0,-3.290337562561035,10.587054824829107,15.21285228729247,18.913490257263177,0.0,0.0,0.0,-11.765584945678711,7.901058673858643,,,2
fat_tail|fixed10|trail30|168h|100bps,fat_tail,fixed10,30,168,100,>24h,control,6578,-7.430674527454062,-11.0,-12.216274642944333,-11.0,-11.0,-11.0,-11.0,-0.6633992433547959,18.740411472320538,62.910812606811454,0.0015202189115232593,0.0,0.0,-8.509733512648381,1.0790589851943189,-9.183420279687397,-5.333140829529604,6
fat_tail|fixed10|trail30|168h|100bps,fat_tail,fixed10,30,168,100,>24h,signal,26,-7.8930948697603664,-11.0,-20.689645767211914,-14.84293270111084,-11.0,-11.0,-11.0,-10.248520851135254,28.747289180755615,46.19691848754883,0.0,0.0,0.0,-10.11938232421875,2.226287454458383,-13.161441096553096,0.296398820548222,6
fat_tail|fixed10|trail30|168h|200bps,fat_tail,fixed10,30,168,200,4–24h,control,1941,-5.450486410656797,-12.0,-12.0,-12.0,-12.0,-12.0,-12.0,5.768435478210449,28.775100708007812,73.47373199462848,0.0061823802163833074,0.0015455950540958269,0.0,-7.35514296770856,1.904656557051763,-7.455638829820019,-3.424450894832361,6
fat_tail|fixed10|trail30|168h|200bps,fat_tail,fixed10,30,168,200,4–24h,signal,1,-12.0,-12.0,-12.0,-12.0,-12.0,-12.0,-12.0,-12.0,-12.0,-12.0,0.0,0.0,0.0,,,,,1
fat_tail|fixed10|trail30|168h|200bps,fat_tail,fixed10,30,168,200,>24h,alert,4,-4.864526271820068,-12.0,-13.952241611480712,-13.607728385925293,-12.574188709259033,-12.0,-4.290337562561035,9.587054824829107,14.21285228729247,17.913490257263177,0.0,0.0,0.0,-12.765584945678711,7.901058673858643,,,2
fat_tail|fixed10|trail30|168h|200bps,fat_tail,fixed10,30,168,200,>24h,control,6578,-8.430674525411609,-12.0,-13.216274642944333,-12.0,-12.0,-12.0,-12.0,-1.663399243354796,17.740411472320538,61.910812606811454,0.0015202189115232593,0.0,0.0,-9.509733512928408,1.0790589875167989,-10.183420279687397,-6.3331406539080985,6
fat_tail|fixed10|trail30|168h|200bps,fat_tail,fixed10,30,168,200,>24h,signal,26,-8.893094869760366,-12.0,-21.689645767211914,-15.84293270111084,-12.0,-12.0,-12.0,-11.248520851135254,27.747289180755615,45.19691848754883,0.0,0.0,0.0,-11.11938232421875,2.226287454458383,-14.161441096553096,-0.703601179451778,6
fat_tail|fixed10|trail30|168h|300bps,fat_tail,fixed10,30,168,300,4–24h,control,1941,-6.450486410330522,-13.0,-13.0,-13.0,-13.0,-13.0,-13.0,4.768435478210449,27.775100708007812,72.47373199462848,0.0061823802163833074,0.0015455950540958269,0.0,-8.355142967378889,1.9046565570483667,-8.455638877973989,-4.424451022855762,6
fat_tail|fixed10|trail30|168h|300bps,fat_tail,fixed10,30,168,300,4–24h,signal,1,-13.0,-13.0,-13.0,-13.0,-13.0,-13.0,-13.0,-13.0,-13.0,-13.0,0.0,0.0,0.0,,,,,1
fat_tail|fixed10|trail30|168h|300bps,fat_tail,fixed10,30,168,300,>24h,alert,4,-5.864526271820068,-13.0,-14.952241611480712,-14.607728385925293,-13.574188709259033,-13.0,-5.290337562561035,8.587054824829107,13.21285228729247,16.913490257263177,0.0,0.0,0.0,-13.765584945678711,7.901058673858643,,,2
fat_tail|fixed10|trail30|168h|300bps,fat_tail,fixed10,30,168,300,>24h,control,6578,-9.43067452750574,-13.0,-14.216274642944333,-13.0,-13.0,-13.0,-13.0,-2.663399243354796,16.740411472320538,60.910812606811454,0.0015202189115232593,0.0,0.0,-10.509733514457967,1.0790589869522265,-11.183420632364635,-7.3331406539080985,6
fat_tail|fixed10|trail30|168h|300bps,fat_tail,fixed10,30,168,300,>24h,signal,26,-9.893094869760366,-13.0,-22.689645767211914,-16.84293270111084,-13.0,-13.0,-13.0,-12.248520851135254,26.747289180755615,44.19691848754883,0.0,0.0,0.0,-12.11938232421875,2.226287454458383,-15.161441096553096,-1.703601179451778,6
fat_tail|fixed10|trail30|24h|100bps,fat_tail,fixed10,30,24,100,4–24h,control,2016,-3.5294749489856057,-11.0,-11.0,-11.0,-11.0,-11.0,-11.0,16.07672119140625,29.16810178756714,71.47728309631334,0.005952380952380952,0.001488095238095238,0.0,-5.3919597940281365,1.8624848450425309,-6.455638877973989,-0.2861197531760276,6
fat_tail|fixed10|trail30|24h|100bps,fat_tail,fixed10,30,24,100,4–24h,signal,2,9.260734558105469,9.260734558105469,-8.973926544189453,-6.947853088378906,-0.8696327209472656,9.260734558105469,19.391101837158203,25.469322204589844,27.49539566040039,29.11625442504883,0.0,0.0,0.0,-11.0,20.26073455810547,,,2
fat_tail|fixed10|trail30|24h|100bps,fat_tail,fixed10,30,24,100,>24h,alert,4,-3.8645262718200684,-11.0,-12.952241611480712,-12.607728385925293,-11.574188709259033,-11.0,-3.290337562561035,10.587054824829107,15.21285228729247,18.913490257263177,0.0,0.0,0.0,-11.765584945678711,7.901058673858643,,,2
fat_tail|fixed10|trail30|24h|100bps,fat_tail,fixed10,30,24,100,>24h,control,7270,-5.417209407770119,-11.0,-11.0,-11.0,-11.0,-11.0,-6.414697885513306,10.005959320068381,22.848936080932617,59.12828918456982,0.001375515818431912,0.0,0.0,-6.439984063088929,1.02277465531881,-7.567250970191859,-3.3179813979739716,7
fat_tail|fixed10|trail30|24h|100bps,fat_tail,fixed10,30,24,100,>24h,signal,42,-3.511389836358527,-10.248520851135254,-18.301572132110593,-11.0,-11.0,-10.248520851135254,1.1565854251384735,3.4231763839721663,28.917545390128986,45.19392776489256,0.0,0.0,0.0,-4.762011332164814,1.250621495806287,-8.372574408849081,0.8865321966317984,6
fat_tail|fixed10|trail30|24h|200bps,fat_tail,fixed10,30,24,200,4–24h,control,2016,-4.529474948610489,-12.0,-12.0,-12.0,-12.0,-12.0,-12.0,15.07672119140625,28.16810178756714,70.47728309631334,0.005952380952380952,0.001488095238095238,0.0,-6.391959793649073,1.8624848450385834,-7.455638829820019,-1.2861198219093117,6
fat_tail|fixed10|trail30|24h|200bps,fat_tail,fixed10,30,24,200,4–24h,signal,2,8.260734558105469,8.260734558105469,-9.973926544189453,-7.947853088378906,-1.8696327209472656,8.260734558105469,18.391101837158203,24.469322204589844,26.49539566040039,28.11625442504883,0.0,0.0,0.0,-12.0,20.26073455810547,,,2
fat_tail|fixed10|trail30|24h|200bps,fat_tail,fixed10,30,24,200,>24h,alert,4,-4.864526271820068,-12.0,-13.952241611480712,-13.607728385925293,-12.574188709259033,-12.0,-4.290337562561035,9.587054824829107,14.21285228729247,17.913490257263177,0.0,0.0,0.0,-12.765584945678711,7.901058673858643,,,2
fat_tail|fixed10|trail30|24h|200bps,fat_tail,fixed10,30,24,200,>24h,control,7270,-6.417209405323876,-12.0,-12.0,-12.0,-12.0,-12.0,-7.414697885513306,9.005959320068381,21.848936080932617,58.12828918456982,0.001375515818431912,0.0,0.0,-7.439984062738033,1.022774657414157,-8.567250970205382,-4.317981397989864,7
fat_tail|fixed10|trail30|24h|200bps,fat_tail,fixed10,30,24,200,>24h,signal,42,-4.5113898405716535,-11.248520851135254,-19.301572132110593,-12.0,-12.0,-11.248520851135254,0.1565854400396347,2.423176372051237,27.917545390128986,44.19392776489256,0.0,0.0,0.0,-5.762011336480699,1.2506214959090451,-9.372574408849081,-0.11346780336820163,6
fat_tail|fixed10|trail30|24h|300bps,fat_tail,fixed10,30,24,300,4–24h,control,2016,-5.529474948296353,-13.0,-13.0,-13.0,-13.0,-13.0,-13.0,14.07672119140625,27.16810178756714,69.47728309631334,0.005952380952380952,0.001488095238095238,0.0,-7.391959793331629,1.8624848450352758,-8.455638877973989,-2.2861198219093115,6
fat_tail|fixed10|trail30|24h|300bps,fat_tail,fixed10,30,24,300,4–24h,signal,2,7.260734558105469,7.260734558105469,-10.973926544189453,-8.947853088378906,-2.8696327209472656,7.260734558105469,17.391101837158203,23.469322204589844,25.49539566040039,27.11625442504883,0.0,0.0,0.0,-13.0,20.26073455810547,,,2
fat_tail|fixed10|trail30|24h|300bps,fat_tail,fixed10,30,24,300,>24h,alert,4,-5.864526271820068,-13.0,-14.952241611480712,-14.607728385925293,-13.574188709259033,-13.0,-5.290337562561035,8.587054824829107,13.21285228729247,16.913490257263177,0.0,0.0,0.0,-13.765584945678711,7.901058673858643,,,2
fat_tail|fixed10|trail30|24h|300bps,fat_tail,fixed10,30,24,300,>24h,control,7270,-7.417209406360677,-13.0,-13.0,-13.0,-13.0,-13.0,-8.414697885513306,8.005959320068381,20.848936080932617,57.12828918456982,0.001375515818431912,0.0,0.0,-8.439984063255311,1.0227746568946339,-9.567250970178335,-5.3179813979580794,7
fat_tail|fixed10|trail30|24h|300bps,fat_tail,fixed10,30,24,300,>24h,signal,42,-5.511389836580271,-12.248520851135254,-20.301572132110593,-13.0,-13.0,-12.248520851135254,-0.8434145599603653,1.4231762692332248,26.917545402049914,43.19392776489256,0.0,0.0,0.0,-6.762011332391966,1.2506214958116946,-10.37257448832194,-1.1134678767277644,6
fat_tail|fixed10|trail30|72h|100bps,fat_tail,fixed10,30,72,100,4–24h,control,1941,-4.450486411537739,-11.0,-11.0,-11.0,-11.0,-11.0,-11.0,6.768435478210449,29.775100708007812,74.47373199462848,0.0061823802163833074,0.0015455950540958269,0.0,-6.355142968598674,1.9046565570609353,-6.455638877973989,-2.4244509588440613,6
fat_tail|fixed10|trail30|72h|100bps,fat_tail,fixed10,30,72,100,4–24h,signal,1,-11.0,-11.0,-11.0,-11.0,-11.0,-11.0,-11.0,-11.0,-11.0,-11.0,0.0,0.0,0.0,,,,,1
fat_tail|fixed10|trail30|72h|100bps,fat_tail,fixed10,30,72,100,>24h,alert,4,-3.8645262718200684,-11.0,-12.952241611480712,-12.607728385925293,-11.574188709259033,-11.0,-3.290337562561035,10.587054824829107,15.21285228729247,18.913490257263177,0.0,0.0,0.0,-11.765584945678711,7.901058673858643,,,2
fat_tail|fixed10|trail30|72h|100bps,fat_tail,fixed10,30,72,100,>24h,control,6831,-7.025407086537701,-11.0,-11.433660984039307,-11.0,-11.0,-11.0,-11.0,1.9972811937332153,18.219847679138184,61.64122276306147,0.0014639145073927682,0.0,0.0,-8.091356380008403,1.0659492934707018,-8.291087065666941,-5.116609524672028,7
fat_tail|fixed10|trail30|72h|100bps,fat_tail,fixed10,30,72,100,>24h,signal,29,-7.039748047960216,-11.0,-20.288889694213868,-12.537173080444333,-11.0,-11.0,-11.0,1.2841481447219845,25.566018152236854,46.008857727050774,0.0,0.0,0.0,-8.99702803151948,1.957279983559265,-13.087040100097656,0.17884086160098805,6
fat_tail|fixed10|trail30|72h|200bps,fat_tail,fixed10,30,72,200,4–24h,control,1941,-5.450486410656797,-12.0,-12.0,-12.0,-12.0,-12.0,-12.0,5.768435478210449,28.775100708007812,73.47373199462848,0.0061823802163833074,0.0015455950540958269,0.0,-7.35514296770856,1.904656557051763,-7.455638829820019,-3.424450894832361,6
fat_tail|fixed10|trail30|72h|200bps,fat_tail,fixed10,30,72,200,4–24h,signal,1,-12.0,-12.0,-12.0,-12.0,-12.0,-12.0,-12.0,-12.0,-12.0,-12.0,0.0,0.0,0.0,,,,,1
fat_tail|fixed10|trail30|72h|200bps,fat_tail,fixed10,30,72,200,>24h,alert,4,-4.864526271820068,-12.0,-13.952241611480712,-13.607728385925293,-12.574188709259033,-12.0,-4.290337562561035,9.587054824829107,14.21285228729247,17.913490257263177,0.0,0.0,0.0,-12.765584945678711,7.901058673858643,,,2
fat_tail|fixed10|trail30|72h|200bps,fat_tail,fixed10,30,72,200,>24h,control,6831,-8.025407084763266,-12.0,-12.433660984039307,-12.0,-12.0,-12.0,-12.0,0.9972811937332153,17.219847679138184,60.64122276306147,0.0014639145073927682,0.0,0.0,-9.09135638047241,1.065949295709144,-9.29108730981083,-6.11660934136178,7
fat_tail|fixed10|trail30|72h|200bps,fat_tail,fixed10,30,72,200,>24h,signal,29,-8.039748051043215,-12.0,-21.288889694213868,-13.537173080444333,-12.0,-12.0,-12.0,0.2841481089591976,24.566018128394994,45.008857727050774,0.0,0.0,0.0,-9.997028034712587,1.9572799836693715,-14.087040100097656,-0.821159138399012,6
fat_tail|fixed10|trail30|72h|300bps,fat_tail,fixed10,30,72,300,4–24h,control,1941,-6.450486410330522,-13.0,-13.0,-13.0,-13.0,-13.0,-13.0,4.768435478210449,27.775100708007812,72.47373199462848,0.0061823802163833074,0.0015455950540958269,0.0,-8.355142967378889,1.9046565570483667,-8.455638877973989,-4.424451022855762,6
fat_tail|fixed10|trail30|72h|300bps,fat_tail,fixed10,30,72,300,4–24h,signal,1,-13.0,-13.0,-13.0,-13.0,-13.0,-13.0,-13.0,-13.0,-13.0,-13.0,0.0,0.0,0.0,,,,,1
fat_tail|fixed10|trail30|72h|300bps,fat_tail,fixed10,30,72,300,>24h,alert,4,-5.864526271820068,-13.0,-14.952241611480712,-14.607728385925293,-13.574188709259033,-13.0,-5.290337562561035,8.587054824829107,13.21285228729247,16.913490257263177,0.0,0.0,0.0,-13.765584945678711,7.901058673858643,,,2
fat_tail|fixed10|trail30|72h|300bps,fat_tail,fixed10,30,72,300,>24h,control,6831,-9.025407086620936,-13.0,-13.433660984039307,-13.0,-13.0,-13.0,-13.0,-0.0027187843807041645,16.219847679138184,59.64122276306147,0.0014639145073927682,0.0,0.0,-10.091356381784898,1.0659492951639624,-10.29108730981083,-7.11660934136178,7
fat_tail|fixed10|trail30|72h|300bps,fat_tail,fixed10,30,72,300,>24h,signal,29,-9.039748051043215,-13.0,-22.288889694213868,-14.537173080444333,-13.0,-13.0,-13.0,-0.7158519089221957,23.566018140315926,44.008857727050774,0.0,0.0,0.0,-10.997028034712587,1.9572799836693715,-15.087040100097656,-1.821159138399012,6
fat_tail|fixed10|trail40|168h|100bps,fat_tail,fixed10,40,168,100,4–24h,control,1941,-6.558147089236302,-11.0,-11.0,-11.0,-11.0,-11.0,-11.0,-8.105551719665527,19.67749786376953,81.68465423583984,0.0061823802163833074,0.0015455950540958269,0.0,-8.345701800581688,1.7875547113453862,-8.46206589656997,-4.710997286928094,6
fat_tail|fixed10|trail40|168h|100bps,fat_tail,fixed10,40,168,100,4–24h,signal,1,-11.0,-11.0,-11.0,-11.0,-11.0,-11.0,-11.0,-11.0,-11.0,-11.0,0.0,0.0,0.0,,,,,1
fat_tail|fixed10|trail40|168h|100bps,fat_tail,fixed10,40,168,100,>24h,alert,4,-8.180192291736603,-11.0,-12.952241611480712,-12.607728385925293,-11.574188709259033,-11.0,-7.60600358247757,-1.4968100309371923,0.5395878195762585,2.1687060999870265,0.0,0.0,0.0,-11.765584945678711,3.585392653942108,,,2
fat_tail|fixed10|trail40|168h|100bps,fat_tail,fixed10,40,168,100,>24h,control,6438,-8.90678444740129,-11.0,-12.820351362228394,-11.0,-11.0,-11.0,-11.0,-11.0,2.2475496649742097,68.70080894470216,0.004193849021435228,0.0,0.0,-10.132029022255125,1.2252445748538356,-10.097485820111366,-7.546764378632898,6
fat_tail|fixed10|trail40|168h|100bps,fat_tail,fixed10,40,168,100,>24h,signal,26,-5.823351566608135,-11.0,-20.689645767211914,-14.84293270111084,-11.0,-11.0,-11.0,-11.0,48.66869926452637,74.1526985168457,0.0,0.0,0.0,-9.096986007690429,3.2736344410822937,-13.174000104268393,5.966946832064925,6
fat_tail|fixed10|trail40|168h|200bps,fat_tail,fixed10,40,168,200,4–24h,control,1941,-7.558147085704857,-12.0,-12.0,-12.0,-12.0,-12.0,-12.0,-9.105551719665527,18.67749786376953,80.68465423583984,0.0061823802163833074,0.0015455950540958269,0.0,-9.34570179701162,1.787554711306762,-9.46206589656997,-5.710997286928094,6
fat_tail|fixed10|trail40|168h|200bps,fat_tail,fixed10,40,168,200,4–24h,signal,1,-12.0,-12.0,-12.0,-12.0,-12.0,-12.0,-12.0,-12.0,-12.0,-12.0,0.0,0.0,0.0,,,,,1
fat_tail|fixed10|trail40|168h|200bps,fat_tail,fixed10,40,168,200,>24h,alert,4,-9.180192291736603,-12.0,-13.952241611480712,-13.607728385925293,-12.574188709259033,-12.0,-8.60600358247757,-2.4968100309371923,-0.46041218042374155,1.1687060999870267,0.0,0.0,0.0,-12.765584945678711,3.585392653942108,,,2
fat_tail|fixed10|trail40|168h|200bps,fat_tail,fixed10,40,168,200,>24h,control,6438,-9.906784446671045,-12.0,-13.820351362228394,-12.0,-12.0,-12.0,-12.0,-12.0,1.2475496470928162,67.70080894470216,0.004193849021435228,0.0,0.0,-11.13202902151743,1.2252445748463856,-11.097485820111366,-8.546764378632899,6
fat_tail|fixed10|trail40|168h|200bps,fat_tail,fixed10,40,168,200,>24h,signal,26,-6.823351566608135,-12.0,-21.689645767211914,-15.84293270111084,-12.0,-12.0,-12.0,-12.0,47.66869926452637,73.1526985168457,0.0,0.0,0.0,-10.096986007690429,3.2736344410822937,-14.174000104268393,4.966946832064925,6
fat_tail|fixed10|trail40|168h|300bps,fat_tail,fixed10,40,168,300,4–24h,control,1941,-8.558147085605055,-13.0,-13.0,-13.0,-13.0,-13.0,-13.0,-10.105551719665527,17.67749786376953,79.68465423583984,0.005151983513652756,0.0015455950540958269,0.0,-10.345701796910726,1.7875547113056705,-10.46206589656997,-6.710997286928094,6
fat_tail|fixed10|trail40|168h|300bps,fat_tail,fixed10,40,168,300,4–24h,signal,1,-13.0,-13.0,-13.0,-13.0,-13.0,-13.0,-13.0,-13.0,-13.0,-13.0,0.0,0.0,0.0,,,,,1
fat_tail|fixed10|trail40|168h|300bps,fat_tail,fixed10,40,168,300,>24h,alert,4,-10.180192291736603,-13.0,-14.952241611480712,-14.607728385925293,-13.574188709259033,-13.0,-9.60600358247757,-3.4968100309371923,-1.4604121804237415,0.16870609998702663,0.0,0.0,0.0,-13.765584945678711,3.585392653942108,,,2
fat_tail|fixed10|trail40|168h|300bps,fat_tail,fixed10,40,168,300,>24h,control,6438,-10.906784448482915,-13.0,-14.820351362228394,-13.0,-13.0,-13.0,-13.0,-13.0,0.2475496813654869,66.70080894470216,0.004193849021435228,0.0,0.0,-12.13202902334778,1.225244574864865,-12.097485820111366,-9.546764378632899,6
fat_tail|fixed10|trail40|168h|300bps,fat_tail,fixed10,40,168,300,>24h,signal,26,-7.823351566608135,-13.0,-22.689645767211914,-16.84293270111084,-13.0,-13.0,-13.0,-13.0,46.66869926452637,72.1526985168457,0.0,0.0,0.0,-11.096986007690429,3.2736344410822937,-15.174000104268393,3.9669468320649246,6
fat_tail|fixed10|trail40|24h|100bps,fat_tail,fixed10,40,24,100,4–24h,control,2016,-5.558725631234074,-11.0,-11.0,-11.0,-11.0,-11.0,-11.0,7.721965074539185,24.338422298431396,79.75200004577519,0.005952380952380952,0.001488095238095238,0.0,-7.268558811767956,1.7098331805338818,-8.427113792267184,-2.3297225381274274,6
fat_tail|fixed10|trail40|24h|100bps,fat_tail,fixed10,40,24,100,4–24h,signal,2,9.260734558105469,9.260734558105469,-8.973926544189453,-6.947853088378906,-0.8696327209472656,9.260734558105469,19.391101837158203,25.469322204589844,27.49539566040039,29.11625442504883,0.0,0.0,0.0,-11.0,20.26073455810547,,,2
fat_tail|fixed10|trail40|24h|100bps,fat_tail,fixed10,40,24,100,>24h,alert,4,-8.180192291736603,-11.0,-12.952241611480712,-12.607728385925293,-11.574188709259033,-11.0,-7.60600358247757,-1.4968100309371923,0.5395878195762585,2.1687060999870265,0.0,0.0,0.0,-11.765584945678711,3.585392653942108,,,2
fat_tail|fixed10|trail40|24h|100bps,fat_tail,fixed10,40,24,100,>24h,control,7110,-6.388226561816445,-11.0,-11.0,-11.0,-11.0,-11.0,-11.0,4.0549897193908695,17.80704030990599,74.41222122192376,0.007594936708860759,0.0,0.0,-7.749313136475551,1.3610865746591054,-8.728870126721372,-4.534758293926032,7
fat_tail|fixed10|trail40|24h|100bps,fat_tail,fixed10,40,24,100,>24h,signal,42,-2.2301201725023843,-11.0,-18.301572132110593,-11.0,-11.0,-11.0,1.1565854251384735,3.4231763839721663,28.917545390128986,72.95921951293943,0.0,0.0,0.0,-4.138598944037789,1.908478771535405,-8.435197432835897,4.078149724889683,6
fat_tail|fixed10|trail40|24h|200bps,fat_tail,fixed10,40,24,200,4–24h,control,2016,-6.55872562830706,-12.0,-12.0,-12.0,-12.0,-12.0,-12.0,6.721965074539185,23.338422298431396,78.75200004577519,0.005952380952380952,0.001488095238095238,0.0,-8.26855880881013,1.7098331805030709,-9.427113792267184,-3.3297225381274274,6
fat_tail|fixed10|trail40|24h|200bps,fat_tail,fixed10,40,24,200,4–24h,signal,2,8.260734558105469,8.260734558105469,-9.973926544189453,-7.947853088378906,-1.8696327209472656,8.260734558105469,18.391101837158203,24.469322204589844,26.49539566040039,28.11625442504883,0.0,0.0,0.0,-12.0,20.26073455810547,,,2
fat_tail|fixed10|trail40|24h|200bps,fat_tail,fixed10,40,24,200,>24h,alert,4,-9.180192291736603,-12.0,-13.952241611480712,-13.607728385925293,-12.574188709259033,-12.0,-8.60600358247757,-2.4968100309371923,-0.46041218042374155,1.1687060999870267,0.0,0.0,0.0,-12.765584945678711,3.585392653942108,,,2
fat_tail|fixed10|trail40|24h|200bps,fat_tail,fixed10,40,24,200,>24h,control,7110,-7.388226561163914,-12.0,-12.0,-12.0,-12.0,-12.0,-12.0,3.0549895048141487,16.80704030990599,73.41222122192376,0.007594936708860759,0.0,0.0,-8.749313135816344,1.3610865746524299,-9.72887013809386,-5.534758293942993,7
fat_tail|fixed10|trail40|24h|200bps,fat_tail,fixed10,40,24,200,>24h,signal,42,-3.23012017671551,-12.0,-19.301572132110593,-12.0,-12.0,-12.0,0.1565854400396347,2.423176372051237,27.917545390128986,71.95921951293943,0.0,0.0,0.0,-5.138598948353675,1.9084787716381646,-9.435197432835897,3.078149724889683,6
fat_tail|fixed10|trail40|24h|300bps,fat_tail,fixed10,40,24,300,4–24h,control,2016,-7.558725628210971,-13.0,-13.0,-13.0,-13.0,-13.0,-13.0,5.721965074539185,22.338422298431396,77.75200004577519,0.00496031746031746,0.001488095238095238,0.0,-9.268558808713031,1.7098331805020601,-10.427113792267184,-4.329722538127427,6
fat_tail|fixed10|trail40|24h|300bps,fat_tail,fixed10,40,24,300,4–24h,signal,2,7.260734558105469,7.260734558105469,-10.973926544189453,-8.947853088378906,-2.8696327209472656,7.260734558105469,17.391101837158203,23.469322204589844,25.49539566040039,27.11625442504883,0.0,0.0,0.0,-13.0,20.26073455810547,,,2
fat_tail|fixed10|trail40|24h|300bps,fat_tail,fixed10,40,24,300,>24h,alert,4,-10.180192291736603,-13.0,-14.952241611480712,-14.607728385925293,-13.574188709259033,-13.0,-9.60600358247757,-3.4968100309371923,-1.4604121804237415,0.16870609998702663,0.0,0.0,0.0,-13.765584945678711,3.585392653942108,,,2
fat_tail|fixed10|trail40|24h|300bps,fat_tail,fixed10,40,24,300,>24h,control,7110,-8.388226561963904,-13.0,-13.0,-13.0,-13.0,-13.0,-13.0,2.0549895048141487,15.807039356231671,72.41222122192376,0.007454289732770745,0.0,0.0,-9.749313136624519,1.3610865746606144,-10.72887000352148,-6.534758188722545,7
fat_tail|fixed10|trail40|24h|300bps,fat_tail,fixed10,40,24,300,>24h,signal,42,-4.230120172724128,-13.0,-20.301572132110593,-13.0,-13.0,-13.0,-0.8434145599603653,1.4231762692332248,26.917545402049914,70.95921951293943,0.0,0.0,0.0,-6.138598944264941,1.9084787715408131,-10.435197512308756,2.078149650715014,6
fat_tail|fixed10|trail40|72h|100bps,fat_tail,fixed10,40,72,100,4–24h,control,1941,-6.558147089236302,-11.0,-11.0,-11.0,-11.0,-11.0,-11.0,-8.105551719665527,19.67749786376953,81.68465423583984,0.0061823802163833074,0.0015455950540958269,0.0,-8.345701800581688,1.7875547113453862,-8.46206589656997,-4.710997286928094,6
fat_tail|fixed10|trail40|72h|100bps,fat_tail,fixed10,40,72,100,4–24h,signal,1,-11.0,-11.0,-11.0,-11.0,-11.0,-11.0,-11.0,-11.0,-11.0,-11.0,0.0,0.0,0.0,,,,,1
fat_tail|fixed10|trail40|72h|100bps,fat_tail,fixed10,40,72,100,>24h,alert,4,-8.180192291736603,-11.0,-12.952241611480712,-12.607728385925293,-11.574188709259033,-11.0,-7.60600358247757,-1.4968100309371923,0.5395878195762585,2.1687060999870265,0.0,0.0,0.0,-11.765584945678711,3.585392653942108,,,2
fat_tail|fixed10|trail40|72h|100bps,fat_tail,fixed10,40,72,100,>24h,control,6716,-8.432361359826022,-11.0,-12.216776371002197,-11.0,-11.0,-11.0,-11.0,-4.180075407028198,5.053674101829529,66.77590866088889,0.004020250148898154,0.0,0.0,-9.636770436772096,1.2044090769460745,-9.406505156956026,-7.2931728275561625,7
fat_tail|fixed10|trail40|72h|100bps,fat_tail,fixed10,40,72,100,>24h,signal,29,-5.184116120996146,-11.0,-20.288889694213868,-12.537173080444333,-11.0,-11.0,-11.0,1.2841481447219845,41.803737878799296,73.92892120361327,0.0,0.0,0.0,-8.084174177476338,2.9000580564801925,-13.087040100097656,5.0441789627075195,6
fat_tail|fixed10|trail40|72h|200bps,fat_tail,fixed10,40,72,200,4–24h,control,1941,-7.558147085704857,-12.0,-12.0,-12.0,-12.0,-12.0,-12.0,-9.105551719665527,18.67749786376953,80.68465423583984,0.0061823802163833074,0.0015455950540958269,0.0,-9.34570179701162,1.787554711306762,-9.46206589656997,-5.710997286928094,6
fat_tail|fixed10|trail40|72h|200bps,fat_tail,fixed10,40,72,200,4–24h,signal,1,-12.0,-12.0,-12.0,-12.0,-12.0,-12.0,-12.0,-12.0,-12.0,-12.0,0.0,0.0,0.0,,,,,1
fat_tail|fixed10|trail40|72h|200bps,fat_tail,fixed10,40,72,200,>24h,alert,4,-9.180192291736603,-12.0,-13.952241611480712,-13.607728385925293,-12.574188709259033,-12.0,-8.60600358247757,-2.4968100309371923,-0.46041218042374155,1.1687060999870267,0.0,0.0,0.0,-12.765584945678711,3.585392653942108,,,2
fat_tail|fixed10|trail40|72h|200bps,fat_tail,fixed10,40,72,200,>24h,control,6716,-9.43236135925067,-12.0,-13.216776371002197,-12.0,-12.0,-12.0,-12.0,-5.180075407028198,4.053674101829529,65.77590866088889,0.004020250148898154,0.0,0.0,-10.63677043619086,1.2044090769401894,-10.406505442981423,-8.293172828303245,7
fat_tail|fixed10|trail40|72h|200bps,fat_tail,fixed10,40,72,200,>24h,signal,29,-6.184116124079146,-12.0,-21.288889694213868,-13.537173080444333,-12.0,-12.0,-12.0,0.2841481089591976,40.80373785495743,72.92892120361327,0.0,0.0,0.0,-9.084174180669445,2.900058056590299,-14.087040100097656,4.0441789627075195,6
fat_tail|fixed10|trail40|72h|300bps,fat_tail,fixed10,40,72,300,4–24h,control,1941,-8.558147085605055,-13.0,-13.0,-13.0,-13.0,-13.0,-13.0,-10.105551719665527,17.67749786376953,79.68465423583984,0.005151983513652756,0.0015455950540958269,0.0,-10.345701796910726,1.7875547113056705,-10.46206589656997,-6.710997286928094,6
fat_tail|fixed10|trail40|72h|300bps,fat_tail,fixed10,40,72,300,4–24h,signal,1,-13.0,-13.0,-13.0,-13.0,-13.0,-13.0,-13.0,-13.0,-13.0,-13.0,0.0,0.0,0.0,,,,,1
fat_tail|fixed10|trail40|72h|300bps,fat_tail,fixed10,40,72,300,>24h,alert,4,-10.180192291736603,-13.0,-14.952241611480712,-14.607728385925293,-13.574188709259033,-13.0,-9.60600358247757,-3.4968100309371923,-1.4604121804237415,0.16870609998702663,0.0,0.0,0.0,-13.765584945678711,3.585392653942108,,,2
fat_tail|fixed10|trail40|72h|300bps,fat_tail,fixed10,40,72,300,>24h,control,6716,-10.432361360825917,-13.0,-14.216776371002197,-13.0,-13.0,-13.0,-13.0,-6.180075407028198,3.0536739230155945,64.77590866088889,0.004020250148898154,0.0,0.0,-11.63677043778222,1.2044090769563027,-11.406505442981423,-9.293172828303245,7
fat_tail|fixed10|trail40|72h|300bps,fat_tail,fixed10,40,72,300,>24h,signal,29,-7.184116124079146,-13.0,-22.288889694213868,-14.537173080444333,-13.0,-13.0,-13.0,-0.7158519089221957,39.803737866878365,71.92892120361327,0.0,0.0,0.0,-10.084174180669445,2.900058056590299,-15.087040100097656,3.0441789627075195,6
fat_tail|fixed20|trail20|168h|100bps,fat_tail,fixed20,20,168,100,4–24h,control,2026,-3.450695925276025,-11.61729383468628,-21.0,-20.84346866607666,-18.265745639801025,-11.61729383468628,2.3408730030059814,24.713741302490234,39.14817810058594,79.86262512207031,0.005923000987166831,0.0,0.0,-5.230620326478629,1.7799244012026039,-7.073892488584414,0.7511589972527473,6
fat_tail|fixed20|trail20|168h|100bps,fat_tail,fixed20,20,168,100,4–24h,signal,2,11.893628597259521,11.893628597259521,-10.537678098678589,-8.045310688018798,-0.5682084560394287,11.893628597259521,24.35546565055847,31.832567882537845,34.324935293197626,36.318829221725466,0.0,0.0,0.0,-13.030045509338379,24.9236741065979,,,2
fat_tail|fixed20|trail20|168h|100bps,fat_tail,fixed20,20,168,100,>24h,alert,3,-8.376176516215006,-16.120637893676758,-20.512063789367676,-20.024127578735353,-18.56031894683838,-16.120637893676758,-2.0642647743225098,6.369559097290041,9.180833721160887,11.429853420257569,0.0,0.0,0.0,-18.56031894683838,10.184142430623373,,,2
fat_tail|fixed20|trail20|168h|100bps,fat_tail,fixed20,20,168,100,>24h,control,6614,-5.428921765990403,-11.240086078643799,-21.0,-20.754958152770996,-18.017420291900635,-11.240086078643799,0.13388769328594208,15.635679244995117,27.276262187957666,87.60130317687972,0.0068037496220139096,0.0,0.0,-6.936676085254008,1.5077543192636043,-8.629143882785696,-1.1366595242930724,6
fat_tail|fixed20|trail20|168h|100bps,fat_tail,fixed20,20,168,100,>24h,signal,27,-7.250886603637978,-9.435623168945312,-21.0,-20.782569122314452,-15.708564281463623,-9.435623168945312,1.1662454903125763,7.6259980201721405,17.235003757476804,25.16305263519286,0.0,0.0,0.0,-8.584255479849302,1.333368876211324,-11.202967584725492,-3.5900305938720702,6
fat_tail|fixed20|trail20|168h|200bps,fat_tail,fixed20,20,168,200,4–24h,control,2026,-4.450695922971048,-12.61729383468628,-22.0,-21.84346866607666,-19.265745639801025,-12.61729383468628,1.3408730030059814,23.713741302490234,38.14817810058594,78.86262512207031,0.005923000987166831,0.0,0.0,-6.230620324136662,1.779924401165614,-8.073892572423913,-0.24884095115371407,6
fat_tail|fixed20|trail20|168h|200bps,fat_tail,fixed20,20,168,200,4–24h,signal,2,10.893628597259521,10.893628597259521,-11.537678098678589,-9.045310688018798,-1.5682084560394287,10.893628597259521,23.35546565055847,30.832567882537845,33.324935293197626,35.318829221725466,0.0,0.0,0.0,-14.030045509338379,24.9236741065979,,,2
fat_tail|fixed20|trail20|168h|200bps,fat_tail,fixed20,20,168,200,>24h,alert,3,-9.376176516215006,-17.120637893676758,-21.512063789367676,-21.024127578735353,-19.56031894683838,-17.120637893676758,-3.0642647743225098,5.369559097290041,8.180833721160887,10.429853420257569,0.0,0.0,0.0,-19.56031894683838,10.184142430623373,,,2
fat_tail|fixed20|trail20|168h|200bps,fat_tail,fixed20,20,168,200,>24h,control,6614,-6.428921760364959,-12.240086078643799,-22.0,-21.754958152770996,-19.017420291900635,-12.240086078643799,-0.8661123216152191,14.635679244995117,26.276262187957666,86.60130317687972,0.006652555185969156,0.0,0.0,-7.936676079570995,1.507754319206036,-9.629143882785696,-2.1366595540004494,6
fat_tail|fixed20|trail20|168h|200bps,fat_tail,fixed20,20,168,200,>24h,signal,27,-8.25088663675167,-10.435623168945312,-22.0,-21.782569122314452,-16.70856475830078,-10.435623168945312,0.1662454903125763,6.6259980201721405,16.235003757476804,24.16305263519286,0.0,0.0,0.0,-9.584255514236597,1.3333688774849275,-12.20296766558049,-4.590030746459961,6
fat_tail|fixed20|trail20|168h|300bps,fat_tail,fixed20,20,168,300,4–24h,control,2026,-5.450695919501802,-13.61729383468628,-23.0,-22.84346866607666,-20.265745639801025,-13.61729383468628,0.34087297320365906,22.713741302490234,37.14817810058594,77.86262512207031,0.005429417571569595,0.0,0.0,-7.230620320611741,1.7799244011099384,-9.073892572423913,-1.2488409511537142,6
fat_tail|fixed20|trail20|168h|300bps,fat_tail,fixed20,20,168,300,4–24h,signal,2,9.893628597259521,9.893628597259521,-12.537678098678589,-10.045310688018798,-2.5682084560394287,9.893628597259521,22.35546565055847,29.832567882537845,32.324935293197626,34.318829221725466,0.0,0.0,0.0,-15.030045509338379,24.9236741065979,,,2
fat_tail|fixed20|trail20|168h|300bps,fat_tail,fixed20,20,168,300,>24h,alert,3,-10.376176516215006,-18.120637893676758,-22.512063789367676,-22.024127578735353,-20.56031894683838,-18.120637893676758,-4.06426477432251,4.369559097290041,7.180833721160886,9.429853420257569,0.0,0.0,0.0,-20.56031894683838,10.184142430623373,,,2
fat_tail|fixed20|trail20|168h|300bps,fat_tail,fixed20,20,168,300,>24h,control,6614,-7.428921759869235,-13.240086078643799,-23.0,-22.754958152770996,-20.017420291900635,-13.240086078643799,-1.8661122620105743,13.635679244995117,25.276262187957666,85.60130317687972,0.006501360749924402,0.0,0.0,-8.936676079070198,1.5077543192009628,-10.629143625049485,-3.13665955670112,6
fat_tail|fixed20|trail20|168h|300bps,fat_tail,fixed20,20,168,300,>24h,signal,27,-9.25088660032661,-11.435623168945312,-23.0,-22.782569122314452,-17.70856475830078,-11.435623168945312,-0.8337545394897461,5.625997948646567,15.235003757476804,23.16305263519286,0.0,0.0,0.0,-10.584255476410572,1.3333688760839628,-13.202967746435485,-5.590030822753906,6
fat_tail|fixed20|trail20|24h|100bps,fat_tail,fixed20,20,24,100,4–24h,control,2026,-3.6883092671620124,-11.61729383468628,-21.0,-20.84346866607666,-18.265745639801025,-11.61729383468628,2.3408730030059814,20.885109901428223,37.75637912750244,79.86262512207031,0.005923000987166831,0.0,0.0,-5.472046921594482,1.78373765443247,-7.073892488584414,0.14821471910001058,6
fat_tail|fixed20|trail20|24h|100bps,fat_tail,fixed20,20,24,100,4–24h,signal,2,8.24571180343628,8.24571180343628,-10.902469778060913,-8.774894046783448,-2.39216685295105,8.24571180343628,18.88359045982361,25.266317653656007,27.39389338493347,29.095953969955445,0.0,0.0,0.0,-13.030045509338379,21.275757312774658,,,2
fat_tail|fixed20|trail20|24h|100bps,fat_tail,fixed20,20,24,100,>24h,alert,4,-9.740349531173706,-14.976753234863281,-20.268095684051513,-19.536191368103026,-17.34047842025757,-14.976753234863281,-7.376624345779419,4.24461526870728,8.118361806869498,11.217359037399286,0.0,0.0,0.0,-16.98450215657552,7.244152625401814,,,2
fat_tail|fixed20|trail20|24h|100bps,fat_tail,fixed20,20,24,100,>24h,control,7013,-4.069729287343888,-9.548900604248047,-21.0,-20.571977615356445,-17.32736587524414,-9.548900604248047,2.27555251121521,17.339882278442385,27.10830688476562,83.71035003662124,0.006416654783972622,0.0,0.0,-5.529824870752349,1.460095583408461,-7.1903539674992505,-0.666409917181799,7
fat_tail|fixed20|trail20|24h|100bps,fat_tail,fixed20,20,24,100,>24h,signal,41,-3.6732439344703423,0.023111147806048393,-21.0,-20.286497116088867,-14.387916564941406,0.023111147806048393,1.850663185119629,3.5748095512390137,13.702780723571777,25.587796020507827,0.0,0.0,0.0,-4.518752973200753,0.8455090387304107,-5.730074020217704,-0.7419522863445912,6
fat_tail|fixed20|trail20|24h|200bps,fat_tail,fixed20,20,24,200,4–24h,control,2026,-4.688309264386318,-12.61729383468628,-22.0,-21.84346866607666,-19.265745639801025,-12.61729383468628,1.3408730030059814,19.885109901428223,36.75637912750244,78.86262512207031,0.005923000987166831,0.0,0.0,-6.472046918774242,1.7837376543879246,-8.073892572423913,-0.8517852808999894,6
fat_tail|fixed20|trail20|24h|200bps,fat_tail,fixed20,20,24,200,4–24h,signal,2,7.245711803436279,7.245711803436279,-11.902469778060913,-9.774894046783448,-3.39216685295105,7.245711803436279,17.88359045982361,24.266317653656007,26.39389338493347,28.095953969955445,0.0,0.0,0.0,-14.030045509338379,21.275757312774658,,,2
fat_tail|fixed20|trail20|24h|200bps,fat_tail,fixed20,20,24,200,>24h,alert,4,-10.740349531173706,-15.976753234863281,-21.268095684051513,-20.536191368103026,-18.34047842025757,-15.976753234863281,-8.376624345779419,3.24461526870728,7.118361806869498,10.217359037399286,0.0,0.0,0.0,-17.98450215657552,7.244152625401814,,,2
fat_tail|fixed20|trail20|24h|200bps,fat_tail,fixed20,20,24,200,>24h,control,7013,-5.0697292816529,-10.548900604248047,-22.0,-21.571977615356445,-18.32736587524414,-10.548900604248047,1.2755526304244995,16.339882278442385,26.10830688476562,82.71035003662124,0.006274062455439897,0.0,0.0,-6.529824865003156,1.460095583350256,-8.190353571047886,-1.6664099154849892,7
fat_tail|fixed20|trail20|24h|200bps,fat_tail,fixed20,20,24,200,>24h,signal,41,-4.673243960592805,-0.9768888354301453,-22.0,-21.286497116088867,-15.387916564941406,-0.9768888354301453,0.8506631851196289,2.5748095512390137,12.702780723571777,24.587796020507827,0.0,0.0,0.0,-5.518752999976277,0.8455090393834723,-6.730074061900036,-1.7419522863445913,6
fat_tail|fixed20|trail20|24h|300bps,fat_tail,fixed20,20,24,300,4–24h,control,2026,-5.688309260917071,-13.61729383468628,-23.0,-22.84346866607666,-20.265745639801025,-13.61729383468628,0.34087297320365906,18.885109901428223,35.75637912750244,77.86262512207031,0.005429417571569595,0.0,0.0,-7.472046915249321,1.78373765433225,-9.073892572423913,-1.8517852808999895,6
fat_tail|fixed20|trail20|24h|300bps,fat_tail,fixed20,20,24,300,4–24h,signal,2,6.245711803436279,6.245711803436279,-12.902469778060913,-10.774894046783448,-4.39216685295105,6.245711803436279,16.88359045982361,23.266317653656007,25.39389338493347,27.095953969955445,0.0,0.0,0.0,-15.030045509338379,21.275757312774658,,,2
fat_tail|fixed20|trail20|24h|300bps,fat_tail,fixed20,20,24,300,>24h,alert,4,-11.740349531173706,-16.97675323486328,-22.268095684051513,-21.536191368103026,-19.34047842025757,-16.97675323486328,-9.376624345779419,2.24461526870728,6.118361806869498,9.217359037399286,0.0,0.0,0.0,-18.98450215657552,7.244152625401814,,,2
fat_tail|fixed20|trail20|24h|300bps,fat_tail,fixed20,20,24,300,>24h,control,7013,-6.0697292798526545,-11.548900604248047,-23.0,-22.571977615356445,-19.32736587524414,-11.548900604248047,0.2755526304244995,15.339882469177248,25.10830688476562,81.71035003662124,0.006131470126907172,0.0,0.0,-7.529824863184498,1.4600955833318432,-9.190353536788706,-2.666409870445933,7
fat_tail|fixed20|trail20|24h|300bps,fat_tail,fixed20,20,24,300,>24h,signal,41,-5.6732439325168365,-1.97688889503479,-23.0,-22.286497116088867,-16.387916564941406,-1.97688889503479,-0.1493368148803711,1.5748094320297241,11.702780723571777,23.587796020507827,0.0,0.0,0.0,-6.51875297119841,0.8455090386815733,-7.7300741035823695,-2.741952432285661,6
fat_tail|fixed20|trail20|72h|100bps,fat_tail,fixed20,20,72,100,4–24h,control,2026,-3.450695925276025,-11.61729383468628,-21.0,-20.84346866607666,-18.265745639801025,-11.61729383468628,2.3408730030059814,24.713741302490234,39.14817810058594,79.86262512207031,0.005923000987166831,0.0,0.0,-5.230620326478629,1.7799244012026039,-7.073892488584414,0.7511589972527473,6
fat_tail|fixed20|trail20|72h|100bps,fat_tail,fixed20,20,72,100,4–24h,signal,2,11.893628597259521,11.893628597259521,-10.537678098678589,-8.045310688018798,-0.5682084560394287,11.893628597259521,24.35546565055847,31.832567882537845,34.324935293197626,36.318829221725466,0.0,0.0,0.0,-13.030045509338379,24.9236741065979,,,2
fat_tail|fixed20|trail20|72h|100bps,fat_tail,fixed20,20,72,100,>24h,alert,3,-8.376176516215006,-16.120637893676758,-20.512063789367676,-20.024127578735353,-18.56031894683838,-16.120637893676758,-2.0642647743225098,6.369559097290041,9.180833721160887,11.429853420257569,0.0,0.0,0.0,-18.56031894683838,10.184142430623373,,,2
fat_tail|fixed20|trail20|72h|100bps,fat_tail,fixed20,20,72,100,>24h,control,6932,-5.178645650912876,-10.356985092163086,-21.0,-20.678823471069336,-17.686552047729492,-10.356985092163086,0.44134552776813507,14.83525428771973,26.324237823486328,84.40494300842255,0.006491633006347374,0.0,0.0,-6.654260014626256,1.4756143637133796,-7.871748520929974,-1.2333460014426898,7
fat_tail|fixed20|trail20|72h|100bps,fat_tail,fixed20,20,72,100,>24h,signal,30,-6.4902055025100704,-8.076645374298096,-21.0,-20.67385368347168,-15.57352614402771,-8.076645374298096,1.4302519261837006,4.587606668472304,16.47809882164,24.903015918731697,0.0,0.0,0.0,-7.659409284591675,1.1692037820816044,-10.109742815494537,-3.474461217080393,6
fat_tail|fixed20|trail20|72h|200bps,fat_tail,fixed20,20,72,200,4–24h,control,2026,-4.450695922971048,-12.61729383468628,-22.0,-21.84346866607666,-19.265745639801025,-12.61729383468628,1.3408730030059814,23.713741302490234,38.14817810058594,78.86262512207031,0.005923000987166831,0.0,0.0,-6.230620324136662,1.779924401165614,-8.073892572423913,-0.24884095115371407,6
fat_tail|fixed20|trail20|72h|200bps,fat_tail,fixed20,20,72,200,4–24h,signal,2,10.893628597259521,10.893628597259521,-11.537678098678589,-9.045310688018798,-1.5682084560394287,10.893628597259521,23.35546565055847,30.832567882537845,33.324935293197626,35.318829221725466,0.0,0.0,0.0,-14.030045509338379,24.9236741065979,,,2
fat_tail|fixed20|trail20|72h|200bps,fat_tail,fixed20,20,72,200,>24h,alert,3,-9.376176516215006,-17.120637893676758,-21.512063789367676,-21.024127578735353,-19.56031894683838,-17.120637893676758,-3.0642647743225098,5.369559097290041,8.180833721160887,10.429853420257569,0.0,0.0,0.0,-19.56031894683838,10.184142430623373,,,2
fat_tail|fixed20|trail20|72h|200bps,fat_tail,fixed20,20,72,200,>24h,control,6932,-6.178645645620597,-11.356985092163086,-22.0,-21.678823471069336,-18.686552047729492,-11.356985092163086,-0.5586544871330261,13.83525428771973,25.324237823486328,83.40494300842255,0.006347374495095211,0.0,0.0,-7.654260009279989,1.4756143636593917,-8.87174852397394,-2.2333460316443126,7
fat_tail|fixed20|trail20|72h|200bps,fat_tail,fixed20,20,72,200,>24h,signal,30,-7.490205535292626,-9.076645374298096,-22.0,-21.67385368347168,-16.573526859283447,-9.076645374298096,0.43025191873311996,3.5876066684723042,15.47809882164,23.903015918731697,0.0,0.0,0.0,-8.659409318504663,1.169203783212037,-11.109742627938589,-4.474461278607769,6
fat_tail|fixed20|trail20|72h|300bps,fat_tail,fixed20,20,72,300,4–24h,control,2026,-5.450695919501802,-13.61729383468628,-23.0,-22.84346866607666,-20.265745639801025,-13.61729383468628,0.34087297320365906,22.713741302490234,37.14817810058594,77.86262512207031,0.005429417571569595,0.0,0.0,-7.230620320611741,1.7799244011099384,-9.073892572423913,-1.2488409511537142,6
fat_tail|fixed20|trail20|72h|300bps,fat_tail,fixed20,20,72,300,4–24h,signal,2,9.893628597259521,9.893628597259521,-12.537678098678589,-10.045310688018798,-2.5682084560394287,9.893628597259521,22.35546565055847,29.832567882537845,32.324935293197626,34.318829221725466,0.0,0.0,0.0,-15.030045509338379,24.9236741065979,,,2
fat_tail|fixed20|trail20|72h|300bps,fat_tail,fixed20,20,72,300,>24h,alert,3,-10.376176516215006,-18.120637893676758,-22.512063789367676,-22.024127578735353,-20.56031894683838,-18.120637893676758,-4.06426477432251,4.369559097290041,7.180833721160886,9.429853420257569,0.0,0.0,0.0,-20.56031894683838,10.184142430623373,,,2
fat_tail|fixed20|trail20|72h|300bps,fat_tail,fixed20,20,72,300,>24h,control,6932,-7.178645645079162,-12.356985092163086,-23.0,-22.678823471069336,-19.686552047729492,-12.356985092163086,-1.5586544573307037,12.83525428771973,24.324237823486328,82.40494300842255,0.0062031159838430465,0.0,0.0,-8.654260008733031,1.475614363653869,-9.871748526409112,-3.233346042795681,7
fat_tail|fixed20|trail20|72h|300bps,fat_tail,fixed20,20,72,300,>24h,signal,30,-8.49020550251007,-10.076645374298096,-23.0,-22.67385368347168,-17.573526859283447,-10.076645374298096,-0.5697480887174606,2.587606561183944,14.47809882164,22.903015918731697,0.0,0.0,0.0,-9.659409284591675,1.1692037820816044,-12.109742629528046,-5.474461401662519,6
fat_tail|fixed20|trail30|168h|100bps,fat_tail,fixed20,30,168,100,4–24h,control,1926,-7.546219542269573,-21.0,-21.0,-21.0,-21.0,-21.0,-4.580259680747986,16.811120986938477,45.63692283630371,95.87829208374023,0.006749740394600207,0.001557632398753894,0.0,-9.581107465570826,2.0348879233012527,-11.598200367535508,-3.406776538156295,6
fat_tail|fixed20|trail30|168h|100bps,fat_tail,fixed20,30,168,100,4–24h,signal,1,-18.450145721435547,-18.450145721435547,-18.450145721435547,-18.450145721435547,-18.450145721435547,-18.450145721435547,-18.450145721435547,-18.450145721435547,-18.450145721435547,-18.450145721435547,0.0,0.0,0.0,,,,,1
fat_tail|fixed20|trail30|168h|100bps,fat_tail,fixed20,30,168,100,>24h,alert,3,-7.38711675008138,-21.0,-21.0,-21.0,-21.0,-21.0,-0.5806751251220703,11.67091979980469,15.75478477478027,19.02187675476074,0.0,0.0,0.0,-21.0,13.612883249918621,,,2
fat_tail|fixed20|trail30|168h|100bps,fat_tail,fixed20,30,168,100,>24h,control,5505,-7.822797826945877,-21.0,-21.0,-21.0,-21.0,-21.0,-5.232265472412109,29.534918975830173,46.48328704833985,79.92137390136722,0.007447774750227066,0.0,0.0,-9.624981222697496,1.8021833957516193,-12.661377945092166,-2.76317706812698,6
fat_tail|fixed20|trail30|168h|100bps,fat_tail,fixed20,30,168,100,>24h,signal,17,-12.26711508807014,-21.0,-22.28550910949707,-21.463350296020508,-21.0,-21.0,-20.200529098510742,10.899934768676776,42.74913787841796,46.76110076904297,0.0,0.0,0.0,-16.019065499305725,3.751950411235585,-21.581305723923904,-1.4563482149442353,5
fat_tail|fixed20|trail30|168h|200bps,fat_tail,fixed20,30,168,200,4–24h,control,1926,-8.546219543554855,-22.0,-22.0,-22.0,-22.0,-22.0,-5.580259680747986,15.811120986938477,44.63692283630371,94.87829208374023,0.006749740394600207,0.001557632398753894,0.0,-10.581107466869595,2.0348879233147397,-12.598200367535508,-4.406776549149659,6
fat_tail|fixed20|trail30|168h|200bps,fat_tail,fixed20,30,168,200,4–24h,signal,1,-19.450145721435547,-19.450145721435547,-19.450145721435547,-19.450145721435547,-19.450145721435547,-19.450145721435547,-19.450145721435547,-19.450145721435547,-19.450145721435547,-19.450145721435547,0.0,0.0,0.0,,,,,1
fat_tail|fixed20|trail30|168h|200bps,fat_tail,fixed20,30,168,200,>24h,alert,3,-8.38711675008138,-22.0,-22.0,-22.0,-22.0,-22.0,-1.5806751251220703,10.67091979980469,14.75478477478027,18.02187675476074,0.0,0.0,0.0,-22.0,13.61288324991862,,,2
fat_tail|fixed20|trail30|168h|200bps,fat_tail,fixed20,30,168,200,>24h,control,5505,-8.822797823767706,-22.0,-22.0,-22.0,-22.0,-22.0,-6.232265472412109,28.534918975830173,45.48328704833985,78.92137390136722,0.007447774750227066,0.0,0.0,-10.624981222286955,1.802183398519249,-13.661377945092166,-3.7631770917230454,6
fat_tail|fixed20|trail30|168h|200bps,fat_tail,fixed20,30,168,200,>24h,signal,17,-13.26711508807014,-22.0,-23.28550910949707,-22.463350296020508,-22.0,-22.0,-21.200529098510742,9.899934768676776,41.74913787841796,45.76110076904297,0.0,0.0,0.0,-17.019065499305725,3.751950411235585,-22.581305723923904,-2.456348214944235,5
fat_tail|fixed20|trail30|168h|300bps,fat_tail,fixed20,30,168,300,4–24h,control,1926,-9.546219539886021,-23.0,-23.0,-23.0,-23.0,-23.0,-6.580259680747986,14.811120986938477,43.63692283630371,93.87829208374023,0.006749740394600207,0.001557632398753894,0.0,-11.581107463162262,2.0348879232762407,-13.598200367535508,-5.406776538156295,6
fat_tail|fixed20|trail30|168h|300bps,fat_tail,fixed20,30,168,300,4–24h,signal,1,-20.450145721435547,-20.450145721435547,-20.450145721435547,-20.450145721435547,-20.450145721435547,-20.450145721435547,-20.450145721435547,-20.450145721435547,-20.450145721435547,-20.450145721435547,0.0,0.0,0.0,,,,,1
fat_tail|fixed20|trail30|168h|300bps,fat_tail,fixed20,30,168,300,>24h,alert,3,-9.38711675008138,-23.0,-23.0,-23.0,-23.0,-23.0,-2.5806751251220703,9.67091979980469,13.75478477478027,17.02187675476074,0.0,0.0,0.0,-23.0,13.61288324991862,,,2
fat_tail|fixed20|trail30|168h|300bps,fat_tail,fixed20,30,168,300,>24h,control,5505,-9.822797821349482,-23.0,-23.0,-23.0,-23.0,-23.0,-7.232265472412109,27.534918975830173,44.48328704833985,77.92137390136722,0.005631244323342416,0.0,0.0,-11.624981219843878,1.802183398494396,-14.661377886741157,-4.763177007825924,6
fat_tail|fixed20|trail30|168h|300bps,fat_tail,fixed20,30,168,300,>24h,signal,17,-14.26711508807014,-23.0,-24.28550910949707,-23.463350296020508,-23.0,-23.0,-22.200529098510742,8.899934768676776,40.74913787841796,44.76110076904297,0.0,0.0,0.0,-18.019065499305725,3.751950411235585,-23.581305723923904,-3.456348214944235,5
fat_tail|fixed20|trail30|24h|100bps,fat_tail,fixed20,30,24,100,4–24h,control,2001,-6.502271969401013,-20.662582397460938,-21.0,-21.0,-21.0,-20.662582397460938,-1.3510677814483643,21.23392677307129,44.85906982421875,94.72164916992188,0.006496751624187906,0.0014992503748125937,0.0,-8.501686793387952,1.999414823986939,-11.598200367535508,-0.6847821262042985,6
fat_tail|fixed20|trail30|24h|100bps,fat_tail,fixed20,30,24,100,4–24h,signal,2,5.535661697387695,5.535661697387695,-16.051564979553223,-13.652984237670898,-6.457242012023926,5.535661697387695,17.528565406799316,24.72430763244629,27.12288837432861,29.041752967834473,0.0,0.0,0.0,-18.450145721435547,23.985807418823242,,,2
fat_tail|fixed20|trail30|24h|100bps,fat_tail,fixed20,30,24,100,>24h,alert,4,-8.998554706573486,-17.416434288024902,-21.0,-21.0,-21.0,-17.416434288024902,-5.414988994598389,9.737194252014167,14.787922000884997,18.82850419998168,0.0,0.0,0.0,-18.6109561920166,9.612401485443115,,,2
fat_tail|fixed20|trail30|24h|100bps,fat_tail,fixed20,30,24,100,>24h,control,6481,-4.973104841607008,-15.545124053955078,-21.0,-21.0,-21.0,-15.545124053955078,1.9890801906585693,25.5136661529541,44.463783264160156,75.89862670898438,0.006326184230828576,0.0,0.0,-6.5943144450295375,1.6212096034225292,-10.00687667551522,-0.314448545276847,7
fat_tail|fixed20|trail30|24h|100bps,fat_tail,fixed20,30,24,100,>24h,signal,32,-2.751856731774751,-1.265875675715506,-21.160907649993895,-21.0,-13.527111530303955,-1.265875675715506,1.4669568240642548,5.355468177795414,35.253844451904286,45.82079696655274,0.0,0.0,0.0,-4.3814034486610085,1.6295467168862574,-8.662188703363592,4.1749890368917715,5
fat_tail|fixed20|trail30|24h|200bps,fat_tail,fixed20,30,24,200,4–24h,control,2001,-7.5022719711147206,-21.662582397460938,-22.0,-22.0,-22.0,-21.662582397460938,-2.3510677814483643,20.23392677307129,43.85906982421875,93.72164916992188,0.006496751624187906,0.0014992503748125937,0.0,-9.501686795119836,1.9994148240051155,-12.598200367535508,-1.6847821262042983,6
fat_tail|fixed20|trail30|24h|200bps,fat_tail,fixed20,30,24,200,4–24h,signal,2,4.535661697387695,4.535661697387695,-17.051564979553223,-14.652984237670898,-7.457242012023926,4.535661697387695,16.528565406799316,23.72430763244629,26.12288837432861,28.041752967834473,0.0,0.0,0.0,-19.450145721435547,23.985807418823242,,,2
fat_tail|fixed20|trail30|24h|200bps,fat_tail,fixed20,30,24,200,>24h,alert,4,-9.998554706573486,-18.416434288024902,-22.0,-22.0,-22.0,-18.416434288024902,-6.414988994598389,8.737194252014167,13.787922000884997,17.82850419998168,0.0,0.0,0.0,-19.6109561920166,9.612401485443115,,,2
fat_tail|fixed20|trail30|24h|200bps,fat_tail,fixed20,30,24,200,>24h,control,6481,-5.9731048385445185,-16.545124053955078,-22.0,-22.0,-22.0,-16.545124053955078,0.9890801310539246,24.5136661529541,43.463783264160156,74.89862670898438,0.006326184230828576,0.0,0.0,-7.594314444314262,1.6212096057697432,-11.006876675851224,-1.3144484980836917,7
fat_tail|fixed20|trail30|24h|200bps,fat_tail,fixed20,30,24,200,>24h,signal,32,-3.751856737304479,-2.265875667333603,-22.160907649993895,-22.0,-14.527111530303955,-2.265875667333603,0.46695680171251297,4.355468177795414,34.253844451904286,44.82079696655274,0.0,0.0,0.0,-5.3814034543691145,1.6295467170646356,-9.662188529968262,3.1749890368917715,5
fat_tail|fixed20|trail30|24h|300bps,fat_tail,fixed20,30,24,300,4–24h,control,2001,-8.502271967583399,-22.662582397460938,-23.0,-23.0,-23.0,-22.662582397460938,-3.3510677814483643,19.23392677307129,42.85906982421875,92.72164916992188,0.006496751624187906,0.0014992503748125937,0.0,-10.501686791551059,1.9994148239676601,-13.598200367535508,-2.6847821262042983,6
fat_tail|fixed20|trail30|24h|300bps,fat_tail,fixed20,30,24,300,4–24h,signal,2,3.5356616973876953,3.5356616973876953,-18.051564979553223,-15.652984237670898,-8.457242012023926,3.5356616973876953,15.528565406799316,22.72430763244629,25.12288837432861,27.041752967834473,0.0,0.0,0.0,-20.450145721435547,23.985807418823242,,,2
fat_tail|fixed20|trail30|24h|300bps,fat_tail,fixed20,30,24,300,>24h,alert,4,-10.998554706573486,-19.416434288024902,-23.0,-23.0,-23.0,-19.416434288024902,-7.414988994598389,7.7371942520141666,12.787922000884997,16.82850419998168,0.0,0.0,0.0,-20.6109561920166,9.612401485443115,,,2
fat_tail|fixed20|trail30|24h|300bps,fat_tail,fixed20,30,24,300,>24h,control,6481,-6.973104836038437,-17.545124053955078,-23.0,-23.0,-23.0,-17.545124053955078,-0.010919864289462566,23.5136661529541,42.463783264160156,73.89862670898438,0.00478321246721185,0.0,0.0,-8.59431444178279,1.6212096057443537,-12.006876741475585,-2.314448648108249,7
fat_tail|fixed20|trail30|24h|300bps,fat_tail,fixed20,30,24,300,>24h,signal,32,-4.751856732065789,-3.2658756971359253,-23.160907649993895,-23.0,-15.527111530303955,-3.2658756971359253,-0.5330432206392288,3.3554683804512067,33.253844451904286,43.82079696655274,0.0,0.0,0.0,-6.381403448961435,1.6295467168956455,-10.662188529968262,2.174988705178966,5
fat_tail|fixed20|trail30|72h|100bps,fat_tail,fixed20,30,72,100,4–24h,control,1926,-7.546219542269573,-21.0,-21.0,-21.0,-21.0,-21.0,-4.580259680747986,16.811120986938477,45.63692283630371,95.87829208374023,0.006749740394600207,0.001557632398753894,0.0,-9.581107465570826,2.0348879233012527,-11.598200367535508,-3.406776538156295,6
fat_tail|fixed20|trail30|72h|100bps,fat_tail,fixed20,30,72,100,4–24h,signal,1,-18.450145721435547,-18.450145721435547,-18.450145721435547,-18.450145721435547,-18.450145721435547,-18.450145721435547,-18.450145721435547,-18.450145721435547,-18.450145721435547,-18.450145721435547,0.0,0.0,0.0,,,,,1
fat_tail|fixed20|trail30|72h|100bps,fat_tail,fixed20,30,72,100,>24h,alert,3,-7.38711675008138,-21.0,-21.0,-21.0,-21.0,-21.0,-0.5806751251220703,11.67091979980469,15.75478477478027,19.02187675476074,0.0,0.0,0.0,-21.0,13.612883249918621,,,2
fat_tail|fixed20|trail30|72h|100bps,fat_tail,fixed20,30,72,100,>24h,control,5854,-7.117328921111659,-21.0,-21.0,-21.0,-21.0,-21.0,-1.486687183380127,26.567141723632783,45.73803443908689,77.69594261169465,0.00700375811411001,0.0,0.0,-8.849623901500006,1.7322949803883478,-10.598231106276303,-2.3703273013773125,7
fat_tail|fixed20|trail30|72h|100bps,fat_tail,fixed20,30,72,100,>24h,signal,20,-10.373659163713455,-21.0,-21.78788995742798,-21.38401699066162,-21.0,-21.0,-7.5706241726875305,5.654291498661098,41.80883407592774,46.573040008544915,0.0,0.0,0.0,-13.433540777156228,3.059881613442773,-21.581305723923904,-1.4947204611373752,5
fat_tail|fixed20|trail30|72h|200bps,fat_tail,fixed20,30,72,200,4–24h,control,1926,-8.546219543554855,-22.0,-22.0,-22.0,-22.0,-22.0,-5.580259680747986,15.811120986938477,44.63692283630371,94.87829208374023,0.006749740394600207,0.001557632398753894,0.0,-10.581107466869595,2.0348879233147397,-12.598200367535508,-4.406776549149659,6
fat_tail|fixed20|trail30|72h|200bps,fat_tail,fixed20,30,72,200,4–24h,signal,1,-19.450145721435547,-19.450145721435547,-19.450145721435547,-19.450145721435547,-19.450145721435547,-19.450145721435547,-19.450145721435547,-19.450145721435547,-19.450145721435547,-19.450145721435547,0.0,0.0,0.0,,,,,1
fat_tail|fixed20|trail30|72h|200bps,fat_tail,fixed20,30,72,200,>24h,alert,3,-8.38711675008138,-22.0,-22.0,-22.0,-22.0,-22.0,-1.5806751251220703,10.67091979980469,14.75478477478027,18.02187675476074,0.0,0.0,0.0,-22.0,13.61288324991862,,,2
fat_tail|fixed20|trail30|72h|200bps,fat_tail,fixed20,30,72,200,>24h,control,5854,-8.11732891838244,-22.0,-22.0,-22.0,-22.0,-22.0,-2.4866870641708374,25.567141723632783,44.73803443908689,76.69594261169465,0.00700375811411001,0.0,0.0,-9.849623901376097,1.7322949829936558,-11.598231106821805,-3.3703273249609174,7
fat_tail|fixed20|trail30|72h|200bps,fat_tail,fixed20,30,72,200,>24h,signal,20,-11.373659168183803,-22.0,-22.78788995742798,-22.38401699066162,-22.0,-22.0,-8.57062417268753,4.654291445016918,40.80883407592774,45.573040008544915,0.0,0.0,0.0,-14.433540781861858,3.059881613678055,-22.581305723923904,-2.494720461137375,5
fat_tail|fixed20|trail30|72h|300bps,fat_tail,fixed20,30,72,300,4–24h,control,1926,-9.546219539886021,-23.0,-23.0,-23.0,-23.0,-23.0,-6.580259680747986,14.811120986938477,43.63692283630371,93.87829208374023,0.006749740394600207,0.001557632398753894,0.0,-11.581107463162262,2.0348879232762407,-13.598200367535508,-5.406776538156295,6
fat_tail|fixed20|trail30|72h|300bps,fat_tail,fixed20,30,72,300,4–24h,signal,1,-20.450145721435547,-20.450145721435547,-20.450145721435547,-20.450145721435547,-20.450145721435547,-20.450145721435547,-20.450145721435547,-20.450145721435547,-20.450145721435547,-20.450145721435547,0.0,0.0,0.0,,,,,1
fat_tail|fixed20|trail30|72h|300bps,fat_tail,fixed20,30,72,300,>24h,alert,3,-9.38711675008138,-23.0,-23.0,-23.0,-23.0,-23.0,-2.5806751251220703,9.67091979980469,13.75478477478027,17.02187675476074,0.0,0.0,0.0,-23.0,13.61288324991862,,,2
fat_tail|fixed20|trail30|72h|300bps,fat_tail,fixed20,30,72,300,>24h,control,5854,-9.117328917413971,-23.0,-23.0,-23.0,-23.0,-23.0,-3.4866870641708374,24.567141723632783,43.73803443908689,75.69594261169465,0.005295524427741715,0.0,0.0,-10.849623900397766,1.7322949829837953,-12.598231106821805,-4.370327262071304,7
fat_tail|fixed20|trail30|72h|300bps,fat_tail,fixed20,30,72,300,>24h,signal,20,-12.373659168183803,-23.0,-23.78788995742798,-23.38401699066162,-23.0,-23.0,-9.57062417268753,3.6542914718390076,39.80883407592774,44.573040008544915,0.0,0.0,0.0,-15.433540781861858,3.059881613678055,-23.581305723923904,-3.494720461137375,5
fat_tail|fixed20|trail40|168h|100bps,fat_tail,fixed20,40,168,100,4–24h,control,1926,-11.586110625234225,-21.0,-21.0,-21.0,-21.0,-21.0,-16.789493083953857,7.403137445449829,34.646968841552734,102.24158668518066,0.01142263759086189,0.0020768431983385254,0.0,-13.957131074755164,2.3710204495209393,-16.135960842118894,-7.033482963541908,6
fat_tail|fixed20|trail40|168h|100bps,fat_tail,fixed20,40,168,100,4–24h,signal,1,-21.0,-21.0,-21.0,-21.0,-21.0,-21.0,-21.0,-21.0,-21.0,-21.0,0.0,0.0,0.0,,,,,1
fat_tail|fixed20|trail40|168h|100bps,fat_tail,fixed20,40,168,100,>24h,alert,3,-13.141338109970093,-21.0,-21.0,-21.0,-21.0,-21.0,-9.21200716495514,-2.1392114639282216,0.21838710308074738,2.104465956687927,0.0,0.0,0.0,-21.0,7.858661890029907,,,2
fat_tail|fixed20|trail40|168h|100bps,fat_tail,fixed20,40,168,100,>24h,control,5122,-11.213725911426456,-21.0,-21.0,-21.0,-21.0,-21.0,-19.412111282348633,13.18108777999878,50.34107456207274,138.2199702453613,0.014642717688402968,0.0,0.0,-13.044456467182325,1.8307305557558688,-15.385711954541774,-7.444116058101893,6
fat_tail|fixed20|trail40|168h|100bps,fat_tail,fixed20,40,168,100,>24h,signal,17,-10.3143113080193,-21.0,-22.28550910949707,-21.463350296020508,-21.0,-21.0,-21.0,14.823306274414094,70.05011444091797,74.82403045654297,0.0,0.0,0.0,-15.710050106048584,5.395738798029283,-21.686496173010934,5.628141130719866,5
fat_tail|fixed20|trail40|168h|200bps,fat_tail,fixed20,40,168,200,4–24h,control,1926,-12.586110619276855,-22.0,-22.0,-22.0,-22.0,-22.0,-17.789493083953857,6.403137445449829,33.646968841552734,101.24158668518066,0.01142263759086189,0.0020768431983385254,0.0,-14.957131068735283,2.3710204494584275,-17.135960842118894,-8.033482963541909,6
fat_tail|fixed20|trail40|168h|200bps,fat_tail,fixed20,40,168,200,4–24h,signal,1,-22.0,-22.0,-22.0,-22.0,-22.0,-22.0,-22.0,-22.0,-22.0,-22.0,0.0,0.0,0.0,,,,,1
fat_tail|fixed20|trail40|168h|200bps,fat_tail,fixed20,40,168,200,>24h,alert,3,-14.141338109970093,-22.0,-22.0,-22.0,-22.0,-22.0,-10.21200716495514,-3.1392114639282216,-0.7816128969192526,1.104465956687927,0.0,0.0,0.0,-22.0,7.858661890029907,,,2
fat_tail|fixed20|trail40|168h|200bps,fat_tail,fixed20,40,168,200,>24h,control,5122,-12.213725912339232,-22.0,-22.0,-22.0,-22.0,-22.0,-20.412111282348633,12.18108777999878,49.34107456207274,137.2199702453613,0.014642717688402968,0.0,0.0,-14.044456468104464,1.830730555765232,-16.385711954541776,-8.444116058101894,6
fat_tail|fixed20|trail40|168h|200bps,fat_tail,fixed20,40,168,200,>24h,signal,17,-11.3143113080193,-22.0,-23.28550910949707,-22.463350296020508,-22.0,-22.0,-22.0,13.823306274414094,69.05011444091797,73.82403045654297,0.0,0.0,0.0,-16.710050106048584,5.395738798029283,-22.686496173010934,4.628141130719866,5
fat_tail|fixed20|trail40|168h|300bps,fat_tail,fixed20,40,168,300,4–24h,control,1926,-13.586110622812592,-23.0,-23.0,-23.0,-23.0,-23.0,-18.789493083953857,5.403137445449829,32.646968841552734,100.24158668518066,0.010384215991692628,0.0020768431983385254,0.0,-15.95713107230812,2.3710204494955285,-18.135960951500895,-9.033482963541909,6
fat_tail|fixed20|trail40|168h|300bps,fat_tail,fixed20,40,168,300,4–24h,signal,1,-23.0,-23.0,-23.0,-23.0,-23.0,-23.0,-23.0,-23.0,-23.0,-23.0,0.0,0.0,0.0,,,,,1
fat_tail|fixed20|trail40|168h|300bps,fat_tail,fixed20,40,168,300,>24h,alert,3,-15.141338109970093,-23.0,-23.0,-23.0,-23.0,-23.0,-11.21200716495514,-4.139211463928222,-1.7816128969192526,0.10446595668792685,0.0,0.0,0.0,-23.0,7.858661890029907,,,2
fat_tail|fixed20|trail40|168h|300bps,fat_tail,fixed20,40,168,300,>24h,control,5122,-13.213725912817985,-23.0,-23.0,-23.0,-23.0,-23.0,-21.412111282348633,11.18108777999878,48.34107456207274,136.2199702453613,0.014642717688402968,0.0,0.0,-15.044456468588127,1.8307305557701419,-17.385711954541776,-9.444116276380944,6
fat_tail|fixed20|trail40|168h|300bps,fat_tail,fixed20,40,168,300,>24h,signal,17,-12.3143113080193,-23.0,-24.28550910949707,-23.463350296020508,-23.0,-23.0,-23.0,12.823306274414094,68.05011444091797,72.82403045654297,0.0,0.0,0.0,-17.710050106048584,5.395738798029283,-23.686496173010934,3.628141130719866,5
fat_tail|fixed20|trail40|24h|100bps,fat_tail,fixed20,40,24,100,4–24h,control,2001,-10.390742846857245,-21.0,-21.0,-21.0,-21.0,-21.0,-14.594980239868164,18.44092559814453,34.646968841552734,101.82283020019531,0.010994502748625687,0.001999000499750125,0.0,-12.717748500527156,2.327005653669911,-16.135960842118894,-4.127835835229087,6
fat_tail|fixed20|trail40|24h|100bps,fat_tail,fixed20,40,24,100,4–24h,signal,2,4.260734558105469,4.260734558105469,-18.473926544189453,-15.947853088378906,-8.369632720947266,4.260734558105469,16.891101837158203,24.469322204589844,26.995395660400387,29.016254425048828,0.0,0.0,0.0,-21.0,25.26073455810547,,,2
fat_tail|fixed20|trail40|24h|100bps,fat_tail,fixed20,40,24,100,>24h,alert,4,-13.31422072649002,-17.416434288024902,-21.0,-21.0,-21.0,-17.416434288024902,-9.730655014514923,-2.346670603752133,0.11465753316878668,2.083720042705532,0.0,0.0,0.0,-18.6109561920166,5.296735465526581,,,2
fat_tail|fixed20|trail40|24h|100bps,fat_tail,fixed20,40,24,100,>24h,control,6118,-6.818544809877516,-21.0,-21.0,-21.0,-21.0,-21.0,-0.4702550992369652,19.813011550903333,42.962381935119595,134.22756179809565,0.017652827721477606,0.0,0.0,-8.559170396607508,1.7406255867299913,-12.928974499684253,-2.322402150019664,7
fat_tail|fixed20|trail40|24h|100bps,fat_tail,fixed20,40,24,100,>24h,signal,30,-0.4247640476251642,0.2907169973477721,-21.196664905548097,-21.0,-18.388548374176025,0.2907169973477721,1.7227610647678375,8.01481757164005,51.27324905395497,73.85432876586914,0.0,0.0,0.0,-3.0607045134208324,2.6359404657956684,-8.709716235890108,9.455017460717094,5
fat_tail|fixed20|trail40|24h|200bps,fat_tail,fixed20,40,24,200,4–24h,control,2001,-11.390742841599764,-22.0,-22.0,-22.0,-22.0,-22.0,-15.594980239868164,17.44092559814453,33.646968841552734,100.82283020019531,0.010994502748625687,0.001999000499750125,0.0,-13.717748495213913,2.3270056536141492,-17.135960842118894,-5.12783589369188,6
fat_tail|fixed20|trail40|24h|200bps,fat_tail,fixed20,40,24,200,4–24h,signal,2,3.2607345581054688,3.2607345581054688,-19.473926544189453,-16.947853088378906,-9.369632720947266,3.2607345581054688,15.891101837158203,23.469322204589844,25.995395660400387,28.016254425048828,0.0,0.0,0.0,-22.0,25.26073455810547,,,2
fat_tail|fixed20|trail40|24h|200bps,fat_tail,fixed20,40,24,200,>24h,alert,4,-14.31422072649002,-18.416434288024902,-22.0,-22.0,-22.0,-18.416434288024902,-10.730655014514923,-3.346670603752133,-0.8853424668312133,1.0837200427055318,0.0,0.0,0.0,-19.6109561920166,5.296735465526581,,,2
fat_tail|fixed20|trail40|24h|200bps,fat_tail,fixed20,40,24,200,>24h,control,6118,-7.818544810154931,-22.0,-22.0,-22.0,-22.0,-22.0,-1.4702551364898682,18.813011550903333,41.962381935119595,133.22756179809565,0.017489375612945408,0.0,0.0,-9.559170396887762,1.7406255867328309,-13.928974441899598,-3.322402122277871,7
fat_tail|fixed20|trail40|24h|200bps,fat_tail,fixed20,40,24,200,>24h,signal,30,-1.4247640535235404,-0.7092829942703247,-22.196664905548097,-22.0,-19.388548374176025,-0.7092829942703247,0.7227610573172569,7.01481757164005,50.27324905395497,72.85432876586914,0.0,0.0,0.0,-4.060704519522601,2.635940465999061,-9.709716235890108,8.455017460717094,5
fat_tail|fixed20|trail40|24h|300bps,fat_tail,fixed20,40,24,300,4–24h,control,2001,-12.390742845002977,-23.0,-23.0,-23.0,-23.0,-23.0,-16.594980239868164,16.44092559814453,32.646968841552734,99.82283020019531,0.009995002498750625,0.001999000499750125,0.0,-14.717748498653222,2.327005653650245,-18.135960951500895,-6.127836049592663,6
fat_tail|fixed20|trail40|24h|300bps,fat_tail,fixed20,40,24,300,4–24h,signal,2,2.2607345581054688,2.2607345581054688,-20.473926544189453,-17.947853088378906,-10.369632720947266,2.2607345581054688,14.891101837158203,22.469322204589844,24.995395660400387,27.016254425048828,0.0,0.0,0.0,-23.0,25.26073455810547,,,2
fat_tail|fixed20|trail40|24h|300bps,fat_tail,fixed20,40,24,300,>24h,alert,4,-15.31422072649002,-19.416434288024902,-23.0,-23.0,-23.0,-19.416434288024902,-11.730655014514923,-4.346670603752133,-1.8853424668312133,0.0837200427055318,0.0,0.0,0.0,-20.6109561920166,5.296735465526581,,,2
fat_tail|fixed20|trail40|24h|300bps,fat_tail,fixed20,40,24,300,>24h,control,6118,-8.818544809125784,-23.0,-23.0,-23.0,-23.0,-23.0,-2.4702550172805786,17.813011550903333,40.962381935119595,132.22756179809565,0.017325923504413206,0.0,0.0,-10.559170395848078,1.7406255867222935,-14.928974440989604,-4.3224022073196116,7
fat_tail|fixed20|trail40|24h|300bps,fat_tail,fixed20,40,24,300,>24h,signal,30,-2.424764047935605,-1.7092829942703247,-23.196664905548097,-23.0,-20.388548374176025,-1.7092829942703247,-0.27723895013332367,6.014817786216771,49.27324905395497,71.85432876586914,0.0,0.0,0.0,-5.060704513741978,2.635940465806373,-10.709716235890108,7.455017460717095,5
fat_tail|fixed20|trail40|72h|100bps,fat_tail,fixed20,40,72,100,4–24h,control,1926,-11.586110625234225,-21.0,-21.0,-21.0,-21.0,-21.0,-16.789493083953857,7.403137445449829,34.646968841552734,102.24158668518066,0.01142263759086189,0.0020768431983385254,0.0,-13.957131074755164,2.3710204495209393,-16.135960842118894,-7.033482963541908,6
fat_tail|fixed20|trail40|72h|100bps,fat_tail,fixed20,40,72,100,4–24h,signal,1,-21.0,-21.0,-21.0,-21.0,-21.0,-21.0,-21.0,-21.0,-21.0,-21.0,0.0,0.0,0.0,,,,,1
fat_tail|fixed20|trail40|72h|100bps,fat_tail,fixed20,40,72,100,>24h,alert,3,-13.141338109970093,-21.0,-21.0,-21.0,-21.0,-21.0,-9.21200716495514,-2.1392114639282216,0.21838710308074738,2.104465956687927,0.0,0.0,0.0,-21.0,7.858661890029907,,,2
fat_tail|fixed20|trail40|72h|100bps,fat_tail,fixed20,40,72,100,>24h,control,5528,-10.204610078926967,-21.0,-21.0,-21.0,-21.0,-21.0,-10.142044067382812,12.369373798370363,44.60784149169922,133.10908187866139,0.013567293777134587,0.0,0.0,-11.998428617613438,1.7938185386864713,-14.069339540622769,-6.9405716294756985,7
fat_tail|fixed20|trail40|72h|100bps,fat_tail,fixed20,40,72,100,>24h,signal,20,-8.713775950670243,-21.0,-21.78788995742798,-21.38401699066162,-21.0,-21.0,-16.19784289598465,8.360578119754887,68.93122787475586,74.60025314331054,0.0,0.0,0.0,-13.173317288097582,4.459541337427339,-21.686377207438152,4.700701713562012,5
fat_tail|fixed20|trail40|72h|200bps,fat_tail,fixed20,40,72,200,4–24h,control,1926,-12.586110619276855,-22.0,-22.0,-22.0,-22.0,-22.0,-17.789493083953857,6.403137445449829,33.646968841552734,101.24158668518066,0.01142263759086189,0.0020768431983385254,0.0,-14.957131068735283,2.3710204494584275,-17.135960842118894,-8.033482963541909,6
fat_tail|fixed20|trail40|72h|200bps,fat_tail,fixed20,40,72,200,4–24h,signal,1,-22.0,-22.0,-22.0,-22.0,-22.0,-22.0,-22.0,-22.0,-22.0,-22.0,0.0,0.0,0.0,,,,,1
fat_tail|fixed20|trail40|72h|200bps,fat_tail,fixed20,40,72,200,>24h,alert,3,-14.141338109970093,-22.0,-22.0,-22.0,-22.0,-22.0,-10.21200716495514,-3.1392114639282216,-0.7816128969192526,1.104465956687927,0.0,0.0,0.0,-22.0,7.858661890029907,,,2
fat_tail|fixed20|trail40|72h|200bps,fat_tail,fixed20,40,72,200,>24h,control,5528,-11.204610079961226,-22.0,-22.0,-22.0,-22.0,-22.0,-11.142044067382812,11.369373798370363,43.60784149169922,132.10908187866139,0.013567293777134587,0.0,0.0,-12.998428618658282,1.7938185386970567,-15.069339540622769,-7.940571630519868,7
fat_tail|fixed20|trail40|72h|200bps,fat_tail,fixed20,40,72,200,>24h,signal,20,-9.71377595514059,-22.0,-22.78788995742798,-22.38401699066162,-22.0,-22.0,-17.19784289598465,7.360578066110706,67.93122787475586,73.60025314331054,0.0,0.0,0.0,-14.173317292803212,4.459541337662621,-22.686377207438152,3.7007017135620117,5
fat_tail|fixed20|trail40|72h|300bps,fat_tail,fixed20,40,72,300,4–24h,control,1926,-13.586110622812592,-23.0,-23.0,-23.0,-23.0,-23.0,-18.789493083953857,5.403137445449829,32.646968841552734,100.24158668518066,0.010384215991692628,0.0020768431983385254,0.0,-15.95713107230812,2.3710204494955285,-18.135960951500895,-9.033482963541909,6
fat_tail|fixed20|trail40|72h|300bps,fat_tail,fixed20,40,72,300,4–24h,signal,1,-23.0,-23.0,-23.0,-23.0,-23.0,-23.0,-23.0,-23.0,-23.0,-23.0,0.0,0.0,0.0,,,,,1
fat_tail|fixed20|trail40|72h|300bps,fat_tail,fixed20,40,72,300,>24h,alert,3,-15.141338109970093,-23.0,-23.0,-23.0,-23.0,-23.0,-11.21200716495514,-4.139211463928222,-1.7816128969192526,0.10446595668792685,0.0,0.0,0.0,-23.0,7.858661890029907,,,2
fat_tail|fixed20|trail40|72h|300bps,fat_tail,fixed20,40,72,300,>24h,control,5528,-12.204610080105356,-23.0,-23.0,-23.0,-23.0,-23.0,-12.142044067382812,10.369373798370363,42.60784149169922,131.10908187866139,0.013567293777134587,0.0,0.0,-13.998428618803887,1.793818538698531,-16.069339540622767,-8.940571902095314,7
fat_tail|fixed20|trail40|72h|300bps,fat_tail,fixed20,40,72,300,>24h,signal,20,-10.71377595514059,-23.0,-23.78788995742798,-23.38401699066162,-23.0,-23.0,-18.19784289598465,6.360578092932796,66.93122787475586,72.60025314331054,0.0,0.0,0.0,-15.173317292803212,4.459541337662621,-23.686377207438152,2.7007017135620117,5
fat_tail|support|trail20|168h|100bps,fat_tail,support,20,168,100,4–24h,control,1558,-2.387718766306937,-8.010032176971436,-20.45995044708252,-19.35936584472656,-15.161500692367554,-8.010032176971436,2.0927993953227997,24.831533622741695,34.37170810699456,79.86262512207031,0.0012836970474967907,0.0,0.0,-3.3409665211377026,0.9532477548307656,-5.332056771710774,0.015016021352374563,6
fat_tail|support|trail20|168h|100bps,fat_tail,support,20,168,100,4–24h,signal,2,15.090651988983154,15.090651988983154,-4.463333654403686,-2.2906685829162594,4.2273266315460205,15.090651988983154,25.953977346420288,32.47197256088257,34.64463763236999,36.382769689559936,0.0,0.0,0.0,-6.635998725891113,21.726650714874268,,,2
fat_tail|support|trail20|168h|100bps,fat_tail,support,20,168,100,>24h,alert,4,-3.4349477291107178,-6.217572212219238,-12.40416853427887,-11.511582231521606,-8.833823323249817,-6.217572212219238,-0.8186966180801392,6.86778635978699,9.429947352409357,11.47967614650726,0.0,0.0,0.0,-8.57729975382487,5.142352024714151,,,2
fat_tail|support|trail20|168h|100bps,fat_tail,support,20,168,100,>24h,control,6915,-4.381554049349205,-6.071404933929443,-20.031643104553222,-17.533451080322266,-11.789023876190186,-6.071404933929443,-2.296708345413208,9.18677768707277,21.59716548919674,70.27764129638665,0.0014461315979754157,0.0,0.0,-5.317166083129044,0.9356120337798393,-6.0249374369862,-1.928350538757656,6
fat_tail|support|trail20|168h|100bps,fat_tail,support,20,168,100,>24h,signal,40,-6.368770813941955,-6.6628758907318115,-11.143152999877929,-8.674897956848145,-7.781277179718018,-6.6628758907318115,-5.261698126792908,-4.717791032791138,-2.4014958143234275,16.0599251437187,0.0,0.0,0.0,-7.235065044500889,0.8662942305589336,-8.1985806834941,-3.7770837247371674,6
fat_tail|support|trail20|168h|200bps,fat_tail,support,20,168,200,4–24h,control,1558,-3.387718763838454,-9.010032176971436,-21.45995044708252,-20.35936584472656,-16.161499977111816,-9.010032176971436,1.0927993953227997,23.831533622741695,33.37170810699456,78.86262512207031,0.0012836970474967907,0.0,0.0,-4.340966518641988,0.9532477548035341,-6.332056771710774,-0.98498396610959,6
fat_tail|support|trail20|168h|200bps,fat_tail,support,20,168,200,4–24h,signal,2,14.090651988983154,14.090651988983154,-5.463333654403686,-3.2906685829162594,3.2273266315460205,14.090651988983154,24.953977346420288,31.47197256088257,33.64463763236999,35.382769689559936,0.0,0.0,0.0,-7.635998725891113,21.726650714874268,,,2
fat_tail|support|trail20|168h|200bps,fat_tail,support,20,168,200,>24h,alert,4,-4.434947848320007,-7.217572450637817,-13.404168605804443,-12.511582374572754,-9.833823680877686,-7.217572450637817,-1.8186966180801392,5.86778635978699,8.429947352409357,10.47967614650726,0.0,0.0,0.0,-9.57729991277059,5.1423520644505825,,,2
fat_tail|support|trail20|168h|200bps,fat_tail,support,20,168,200,>24h,control,6915,-5.381554047788129,-7.071404933929443,-21.031643104553222,-18.533451080322266,-12.789023876190186,-7.071404933929443,-3.296708345413208,8.18677768707277,20.59716548919674,69.27764129638665,0.0013015184381778742,0.0,0.0,-6.317166081552004,0.9356120337638743,-7.024937558358874,-2.928350558885007,6
fat_tail|support|trail20|168h|200bps,fat_tail,support,20,168,200,>24h,signal,40,-7.368770790100098,-7.6628758907318115,-12.143152999877929,-9.674897956848145,-8.781277179718018,-7.6628758907318115,-6.261698126792908,-5.717791032791138,-3.4014958143234275,15.059925143718703,0.0,0.0,0.0,-8.235065020047701,0.8662942299476031,-9.1985806834941,-4.777083724737167,6
fat_tail|support|trail20|168h|300bps,fat_tail,support,20,168,300,4–24h,control,1558,-4.387718770081543,-10.010032176971436,-22.45995044708252,-21.35936584472656,-17.161499977111816,-10.010032176971436,0.09279937576502562,22.831533622741695,32.37170810699456,77.86262512207031,0.0012836970474967907,0.0,0.0,-5.3409665249539495,0.9532477548724065,-7.332056578866679,-1.98498396610959,6
fat_tail|support|trail20|168h|300bps,fat_tail,support,20,168,300,4–24h,signal,2,13.090651988983154,13.090651988983154,-6.463333654403686,-4.290668582916259,2.2273266315460205,13.090651988983154,23.953977346420288,30.47197256088257,32.64463763236999,34.382769689559936,0.0,0.0,0.0,-8.635998725891113,21.726650714874268,,,2
fat_tail|support|trail20|168h|300bps,fat_tail,support,20,168,300,>24h,alert,4,-5.434947848320007,-8.217572450637817,-14.404168605804443,-13.511582374572754,-10.833823680877686,-8.217572450637817,-2.818696618080139,4.86778635978699,7.429947352409357,9.47967614650726,0.0,0.0,0.0,-10.57729991277059,5.1423520644505825,,,2
fat_tail|support|trail20|168h|300bps,fat_tail,support,20,168,300,>24h,control,6915,-6.381554047926447,-8.071404457092285,-22.031643104553222,-19.533451080322266,-13.789023876190186,-8.071404457092285,-4.296708345413208,7.186777496337907,19.59716548919674,68.27764129638665,0.0011569052783803326,0.0,0.0,-7.317166081691736,0.9356120337652891,-8.0249375580103,-3.9283506195115914,6
fat_tail|support|trail20|168h|300bps,fat_tail,support,20,168,300,>24h,signal,40,-8.368770760297775,-8.662875652313232,-13.143152999877929,-10.674897956848145,-9.781277179718018,-8.662875652313232,-7.261698126792908,-6.717791032791138,-4.401495587825777,14.059925143718703,0.0,0.0,0.0,-9.235064989481216,0.8662942291834419,-10.1985806834941,-5.77708375453949,6
fat_tail|support|trail20|24h|100bps,fat_tail,support,20,24,100,4–24h,control,1558,-2.6967076178223484,-8.010032176971436,-20.45995044708252,-19.35936584472656,-15.161500692367554,-8.010032176971436,2.0927993953227997,20.923694801330566,34.031791687011676,79.86262512207031,0.0012836970474967907,0.0,0.0,-3.6533640751033167,0.9566564572809684,-5.410499312988897,-0.6308590858914882,6
fat_tail|support|trail20|24h|100bps,fat_tail,support,20,24,100,4–24h,signal,2,11.442735195159912,11.442735195159912,-4.82812533378601,-3.020251941680908,2.4033682346343994,11.442735195159912,20.482102155685425,25.90572233200073,27.713595724105833,29.159894437789916,0.0,0.0,0.0,-6.635998725891113,18.078733921051025,,,2
fat_tail|support|trail20|24h|100bps,fat_tail,support,20,24,100,>24h,alert,4,-3.4349477291107178,-6.217572212219238,-12.40416853427887,-11.511582231521606,-8.833823323249817,-6.217572212219238,-0.8186966180801392,6.86778635978699,9.429947352409357,11.47967614650726,0.0,0.0,0.0,-8.57729975382487,5.142352024714151,,,2
fat_tail|support|trail20|24h|100bps,fat_tail,support,20,24,100,>24h,control,7096,-3.545320423633647,-5.315593004226685,-19.875680923461914,-17.252102851867676,-11.498539447784424,-5.315593004226685,-1.342367172241211,11.436598777770996,22.098408699035645,69.56358604431162,0.0014092446448703494,0.0,0.0,-4.459110385303376,0.9137899616697287,-5.296604622961331,-1.1814343024841252,7
fat_tail|support|trail20|24h|100bps,fat_tail,support,20,24,100,>24h,signal,48,-4.3004873261864605,-5.691868305206299,-8.84506721496582,-8.5233811378479,-7.53494918346405,-5.691868305206299,-1.271653760690242,1.4925372481346153,3.097058153152464,18.58913870334628,0.0,0.0,0.0,-5.0334150908871536,0.7329277647006931,-6.394869935278799,-2.2700550620620317,6
fat_tail|support|trail20|24h|200bps,fat_tail,support,20,24,200,4–24h,control,1558,-3.696707614741751,-9.010032176971436,-21.45995044708252,-20.35936584472656,-16.161499977111816,-9.010032176971436,1.0927993953227997,19.923694801330566,33.031791687011676,78.86262512207031,0.0012836970474967907,0.0,0.0,-4.653364071988735,0.956656457246984,-6.410499332230749,-1.6308590756575587,6
fat_tail|support|trail20|24h|200bps,fat_tail,support,20,24,200,4–24h,signal,2,10.442735195159912,10.442735195159912,-5.82812533378601,-4.0202519416809075,1.4033682346343994,10.442735195159912,19.482102155685425,24.90572233200073,26.713595724105833,28.159894437789916,0.0,0.0,0.0,-7.635998725891113,18.078733921051025,,,2
fat_tail|support|trail20|24h|200bps,fat_tail,support,20,24,200,>24h,alert,4,-4.434947848320007,-7.217572450637817,-13.404168605804443,-12.511582374572754,-9.833823680877686,-7.217572450637817,-1.8186966180801392,5.86778635978699,8.429947352409357,10.47967614650726,0.0,0.0,0.0,-9.57729991277059,5.1423520644505825,,,2
fat_tail|support|trail20|24h|200bps,fat_tail,support,20,24,200,>24h,control,7096,-4.545320422253561,-6.315593004226685,-20.875680923461914,-18.252102851867676,-12.498539447784424,-6.315593004226685,-2.3423672914505005,10.436598777770996,21.098408699035645,68.56358604431162,0.0012683201803833145,0.0,0.0,-5.459110383909342,0.9137899616557803,-6.2966046364111685,-2.181434297995542,7
fat_tail|support|trail20|24h|200bps,fat_tail,support,20,24,200,>24h,signal,48,-5.300487311246495,-6.691868305206299,-9.84506721496582,-9.5233811378479,-8.53494930267334,-6.691868305206299,-2.2716537564992905,0.49253722727298954,2.0970581114292126,17.58913870334628,0.0,0.0,0.0,-6.033415075629316,0.7329277643828211,-7.394869935278799,-3.2700550620620317,6
fat_tail|support|trail20|24h|300bps,fat_tail,support,20,24,300,4–24h,control,1558,-4.69670762098484,-10.010032176971436,-22.45995044708252,-21.35936584472656,-17.161499977111816,-10.010032176971436,0.09279937576502562,18.923694801330566,32.031790065765335,77.86262512207031,0.0012836970474967907,0.0,0.0,-5.653364078300696,0.956656457315856,-7.410499024361109,-2.6308590756575585,6
fat_tail|support|trail20|24h|300bps,fat_tail,support,20,24,300,4–24h,signal,2,9.442735195159912,9.442735195159912,-6.82812533378601,-5.0202519416809075,0.4033682346343994,9.442735195159912,18.482102155685425,23.90572233200073,25.713595724105833,27.159894437789916,0.0,0.0,0.0,-8.635998725891113,18.078733921051025,,,2
fat_tail|support|trail20|24h|300bps,fat_tail,support,20,24,300,>24h,alert,4,-5.434947848320007,-8.217572450637817,-14.404168605804443,-13.511582374572754,-10.833823680877686,-8.217572450637817,-2.818696618080139,4.86778635978699,7.429947352409357,9.47967614650726,0.0,0.0,0.0,-10.57729991277059,5.1423520644505825,,,2
fat_tail|support|trail20|24h|300bps,fat_tail,support,20,24,300,>24h,control,7096,-5.545320421039025,-7.315593004226685,-21.875680923461914,-19.252102851867676,-13.498539447784424,-7.315593004226685,-3.3423672914505005,9.436598777770996,20.098408699035645,67.56358604431162,0.0011273957158962795,0.0,0.0,-6.459110382682531,0.9137899616435057,-7.296604743185982,-3.1814342495188432,7
fat_tail|support|trail20|24h|300bps,fat_tail,support,20,24,300,>24h,signal,48,-6.300487283927699,-7.691868305206299,-10.84506721496582,-10.5233811378479,-9.53494930267334,-7.691868305206299,-3.2716537714004517,-0.5074627935886361,1.0970580495893936,16.58913881540301,0.0,0.0,0.0,-7.033415047729269,0.7329277638015705,-8.394869935278798,-4.270055062062031,6
fat_tail|support|trail20|72h|100bps,fat_tail,support,20,72,100,4–24h,control,1558,-2.387718766306937,-8.010032176971436,-20.45995044708252,-19.35936584472656,-15.161500692367554,-8.010032176971436,2.0927993953227997,24.831533622741695,34.37170810699456,79.86262512207031,0.0012836970474967907,0.0,0.0,-3.3409665211377026,0.9532477548307656,-5.332056771710774,0.015016021352374563,6
fat_tail|support|trail20|72h|100bps,fat_tail,support,20,72,100,4–24h,signal,2,15.090651988983154,15.090651988983154,-4.463333654403686,-2.2906685829162594,4.2273266315460205,15.090651988983154,25.953977346420288,32.47197256088257,34.64463763236999,36.382769689559936,0.0,0.0,0.0,-6.635998725891113,21.726650714874268,,,2
fat_tail|support|trail20|72h|100bps,fat_tail,support,20,72,100,>24h,alert,4,-3.4349477291107178,-6.217572212219238,-12.40416853427887,-11.511582231521606,-8.833823323249817,-6.217572212219238,-0.8186966180801392,6.86778635978699,9.429947352409357,11.47967614650726,0.0,0.0,0.0,-8.57729975382487,5.142352024714151,,,2
fat_tail|support|trail20|72h|100bps,fat_tail,support,20,72,100,>24h,control,6959,-4.354595726974321,-6.026080131530762,-20.01954288482666,-17.50973892211914,-11.747475147247314,-6.026080131530762,-2.2257769107818604,8.882762336730943,21.50022315978999,70.18733978271486,0.0014369880729989942,0.0,0.0,-5.28395808561226,0.9293623586379383,-5.990608214837607,-1.8198031918120032,7
fat_tail|support|trail20|72h|100bps,fat_tail,support,20,72,100,>24h,signal,40,-6.368770813941955,-6.6628758907318115,-11.143152999877929,-8.674897956848145,-7.781277179718018,-6.6628758907318115,-5.261698126792908,-4.717791032791138,-2.4014958143234275,16.0599251437187,0.0,0.0,0.0,-7.235065044500889,0.8662942305589336,-8.1985806834941,-3.7770837247371674,6
fat_tail|support|trail20|72h|200bps,fat_tail,support,20,72,200,4–24h,control,1558,-3.387718763838454,-9.010032176971436,-21.45995044708252,-20.35936584472656,-16.161499977111816,-9.010032176971436,1.0927993953227997,23.831533622741695,33.37170810699456,78.86262512207031,0.0012836970474967907,0.0,0.0,-4.340966518641988,0.9532477548035341,-6.332056771710774,-0.98498396610959,6
fat_tail|support|trail20|72h|200bps,fat_tail,support,20,72,200,4–24h,signal,2,14.090651988983154,14.090651988983154,-5.463333654403686,-3.2906685829162594,3.2273266315460205,14.090651988983154,24.953977346420288,31.47197256088257,33.64463763236999,35.382769689559936,0.0,0.0,0.0,-7.635998725891113,21.726650714874268,,,2
fat_tail|support|trail20|72h|200bps,fat_tail,support,20,72,200,>24h,alert,4,-4.434947848320007,-7.217572450637817,-13.404168605804443,-12.511582374572754,-9.833823680877686,-7.217572450637817,-1.8186966180801392,5.86778635978699,8.429947352409357,10.47967614650726,0.0,0.0,0.0,-9.57729991277059,5.1423520644505825,,,2
fat_tail|support|trail20|72h|200bps,fat_tail,support,20,72,200,>24h,control,6959,-5.354595725431681,-7.026080131530762,-21.01954288482666,-18.50973892211914,-12.747475147247314,-7.026080131530762,-3.2257769107818604,7.882762336730944,20.50022315978999,69.18733978271486,0.0012932892656990947,0.0,0.0,-6.283958084053944,0.9293623586222637,-6.990608335540051,-2.819803234778024,7
fat_tail|support|trail20|72h|200bps,fat_tail,support,20,72,200,>24h,signal,40,-7.368770790100098,-7.6628758907318115,-12.143152999877929,-9.674897956848145,-8.781277179718018,-7.6628758907318115,-6.261698126792908,-5.717791032791138,-3.4014958143234275,15.059925143718703,0.0,0.0,0.0,-8.235065020047701,0.8662942299476031,-9.1985806834941,-4.777083724737167,6
fat_tail|support|trail20|72h|300bps,fat_tail,support,20,72,300,4–24h,control,1558,-4.387718770081543,-10.010032176971436,-22.45995044708252,-21.35936584472656,-17.161499977111816,-10.010032176971436,0.09279937576502562,22.831533622741695,32.37170810699456,77.86262512207031,0.0012836970474967907,0.0,0.0,-5.3409665249539495,0.9532477548724065,-7.332056578866679,-1.98498396610959,6
fat_tail|support|trail20|72h|300bps,fat_tail,support,20,72,300,4–24h,signal,2,13.090651988983154,13.090651988983154,-6.463333654403686,-4.290668582916259,2.2273266315460205,13.090651988983154,23.953977346420288,30.47197256088257,32.64463763236999,34.382769689559936,0.0,0.0,0.0,-8.635998725891113,21.726650714874268,,,2
fat_tail|support|trail20|72h|300bps,fat_tail,support,20,72,300,>24h,alert,4,-5.434947848320007,-8.217572450637817,-14.404168605804443,-13.511582374572754,-10.833823680877686,-8.217572450637817,-2.818696618080139,4.86778635978699,7.429947352409357,9.47967614650726,0.0,0.0,0.0,-10.57729991277059,5.1423520644505825,,,2
fat_tail|support|trail20|72h|300bps,fat_tail,support,20,72,300,>24h,control,6959,-6.354595725569124,-8.026080131530762,-22.01954288482666,-19.50973892211914,-13.747475147247314,-8.026080131530762,-4.225776672363281,6.882762336730944,19.50022315978999,68.18733978271486,0.0011495904583991954,0.0,0.0,-7.2839580841927845,0.9293623586236608,-7.9906083352440795,-3.8198030930296367,7
fat_tail|support|trail20|72h|300bps,fat_tail,support,20,72,300,>24h,signal,40,-8.368770760297775,-8.662875652313232,-13.143152999877929,-10.674897956848145,-9.781277179718018,-8.662875652313232,-7.261698126792908,-6.717791032791138,-4.401495587825777,14.059925143718703,0.0,0.0,0.0,-9.235064989481216,0.8662942291834419,-10.1985806834941,-5.77708375453949,6
fat_tail|support|trail30|168h|100bps,fat_tail,support,30,168,100,4–24h,control,1461,-8.138188512122525,-10.719585418701172,-29.788049697875977,-27.102426528930664,-21.072118759155273,-10.719585418701172,-2.153918504714966,11.859747886657715,33.862037658691406,57.25479507446289,0.0013689253935660506,0.0,0.0,-9.373852024686435,1.2356635125639102,-11.090125291760208,-6.418189198044578,6
fat_tail|support|trail30|168h|100bps,fat_tail,support,30,168,100,4–24h,signal,1,-6.635998725891113,-6.635998725891113,-6.635998725891113,-6.635998725891113,-6.635998725891113,-6.635998725891113,-6.635998725891113,-6.635998725891113,-6.635998725891113,-6.635998725891113,0.0,0.0,0.0,,,,,1
fat_tail|support|trail30|168h|100bps,fat_tail,support,30,168,100,>24h,alert,4,-1.4733123779296875,-6.217572212219238,-12.40416853427887,-11.511582231521606,-8.833823323249817,-6.217572212219238,1.1429387331008911,12.360365343093877,16.099507546424856,19.090821309089655,0.0,0.0,0.0,-8.57729975382487,7.103987375895182,,,2
fat_tail|support|trail30|168h|100bps,fat_tail,support,30,168,100,>24h,control,6487,-6.268827932652621,-6.937711238861084,-26.049436187744142,-21.642262268066407,-13.627054214477539,-6.937711238861084,-3.067367911338806,3.4814228534698866,25.917871284484853,68.51506240844729,0.0,0.0,0.0,-7.078416008218874,0.8095880755662535,-7.4670628057793955,-4.7056065085097964,6
fat_tail|support|trail30|168h|100bps,fat_tail,support,30,168,100,>24h,signal,39,-7.363493350835947,-6.825036525726318,-11.54013786315918,-8.705837821960449,-7.847325325012207,-6.825036525726318,-5.387332916259766,-4.764182758331299,-4.717791032791138,-2.8212673521041944,0.0,0.0,0.0,-7.512447332081042,0.14895398124509462,-8.572154749994693,-5.986699337429471,6
fat_tail|support|trail30|168h|200bps,fat_tail,support,30,168,200,4–24h,control,1461,-9.138188510842514,-11.719585418701172,-30.788049697875977,-28.102426528930664,-22.072118759155273,-11.719585418701172,-3.153918504714966,10.859747886657715,32.862037658691406,56.25479507446289,0.0013689253935660506,0.0,0.0,-10.373852023385952,1.2356635125434376,-12.090125291760208,-7.418189198044578,6
fat_tail|support|trail30|168h|200bps,fat_tail,support,30,168,200,4–24h,signal,1,-7.635998725891113,-7.635998725891113,-7.635998725891113,-7.635998725891113,-7.635998725891113,-7.635998725891113,-7.635998725891113,-7.635998725891113,-7.635998725891113,-7.635998725891113,0.0,0.0,0.0,,,,,1
fat_tail|support|trail30|168h|200bps,fat_tail,support,30,168,200,>24h,alert,4,-2.473312497138977,-7.217572450637817,-13.404168605804443,-12.511582374572754,-9.833823680877686,-7.217572450637817,0.1429387331008911,11.360365343093877,15.099507546424856,18.090821309089655,0.0,0.0,0.0,-9.57729991277059,7.103987415631613,,,2
fat_tail|support|trail30|168h|200bps,fat_tail,support,30,168,200,>24h,control,6487,-7.268827930368461,-7.937711238861084,-27.049436187744142,-22.642262268066407,-14.627054214477539,-7.937711238861084,-4.067368030548096,2.4814228534698866,24.917871284484853,67.51506240844729,0.0,0.0,0.0,-8.078416005911595,0.8095880755431342,-8.467062805779396,-5.70560646019382,6
fat_tail|support|trail30|168h|200bps,fat_tail,support,30,168,200,>24h,signal,39,-8.363493326382759,-7.825036525726318,-12.54013786315918,-9.705837821960449,-8.847325325012207,-7.825036525726318,-6.387332916259766,-5.764182758331299,-5.717791032791138,-3.8212673521041944,0.0,0.0,0.0,-8.512447306984349,0.14895398060158982,-9.572154749994693,-6.986699337429471,6
fat_tail|support|trail30|168h|300bps,fat_tail,support,30,168,300,4–24h,control,1461,-10.138188511197418,-12.719585418701172,-31.788049697875977,-29.102426528930664,-23.072118759155273,-12.719585418701172,-4.153918266296387,9.859747886657715,31.86203956604004,55.25479507446289,0.0013689253935660506,0.0,0.0,-11.373852023746531,1.235663512549113,-13.090125291760208,-8.418189198044578,6
fat_tail|support|trail30|168h|300bps,fat_tail,support,30,168,300,4–24h,signal,1,-8.635998725891113,-8.635998725891113,-8.635998725891113,-8.635998725891113,-8.635998725891113,-8.635998725891113,-8.635998725891113,-8.635998725891113,-8.635998725891113,-8.635998725891113,0.0,0.0,0.0,,,,,1
fat_tail|support|trail30|168h|300bps,fat_tail,support,30,168,300,>24h,alert,4,-3.473312497138977,-8.217572450637817,-14.404168605804443,-13.511582374572754,-10.833823680877686,-8.217572450637817,-0.8570612668991089,10.360365343093877,14.099507546424856,17.090821309089655,0.0,0.0,0.0,-10.57729991277059,7.103987415631613,,,2
fat_tail|support|trail30|168h|300bps,fat_tail,support,30,168,300,>24h,control,6487,-8.268827926733332,-8.937710762023926,-28.049436187744142,-23.642262268066407,-15.627054214477539,-8.937710762023926,-5.067368030548096,1.4814229726791759,23.917871284484853,66.51506240844729,0.0,0.0,0.0,-9.078416002239674,0.8095880755063423,-9.467063123408646,-6.70560646019382,6
fat_tail|support|trail30|168h|300bps,fat_tail,support,30,168,300,>24h,signal,39,-9.363493301929571,-8.82503604888916,-13.54013786315918,-10.705837821960449,-9.847325325012207,-8.82503604888916,-7.387332916259766,-6.764182758331299,-6.717791032791138,-4.821267352104194,0.0,0.0,0.0,-9.512447281887656,0.14895397995808501,-10.572154749994693,-7.986699337429471,6
fat_tail|support|trail30|24h|100bps,fat_tail,support,30,24,100,4–24h,control,1536,-6.749297388392733,-9.937596321105957,-29.700486660003662,-26.793792724609375,-20.750417232513428,-9.937596321105957,-1.2989606857299805,19.62356472015381,32.188368797302246,57.25479507446289,0.0013020833333333333,0.0,0.0,-7.90259523057457,1.1532978421818365,-10.15508830293696,-3.7982906081663415,6
fat_tail|support|trail30|24h|100bps,fat_tail,support,30,24,100,4–24h,signal,2,11.442735195159912,11.442735195159912,-4.82812533378601,-3.020251941680908,2.4033682346343994,11.442735195159912,20.482102155685425,25.90572233200073,27.713595724105833,29.159894437789916,0.0,0.0,0.0,-6.635998725891113,18.078733921051025,,,2
fat_tail|support|trail30|24h|100bps,fat_tail,support,30,24,100,>24h,alert,4,-1.4733123779296875,-6.217572212219238,-12.40416853427887,-11.511582231521606,-8.833823323249817,-6.217572212219238,1.1429387331008911,12.360365343093877,16.099507546424856,19.090821309089655,0.0,0.0,0.0,-8.57729975382487,7.103987375895182,,,2
fat_tail|support|trail30|24h|100bps,fat_tail,support,30,24,100,>24h,control,6874,-4.7996235474074,-5.883503198623657,-25.494948005676267,-21.1412073135376,-12.915624618530273,-5.883503198623657,-1.9345309436321259,11.963426303863525,27.989762783050494,67.94223571777334,0.0,0.0,0.0,-5.59254576065114,0.7929222132437399,-6.570704444550209,-3.236307628240377,7
fat_tail|support|trail30|24h|100bps,fat_tail,support,30,24,100,>24h,signal,48,-4.404835325083695,-5.84941840171814,-8.84506721496582,-8.5233811378479,-7.53494918346405,-5.84941840171814,-1.271653760690242,1.4925372481346153,3.097058153152464,18.58913870334628,0.0,0.0,0.0,-5.1399832599736905,0.7351479348899952,-6.493079765170228,-2.3341161550702365,6
fat_tail|support|trail30|24h|200bps,fat_tail,support,30,24,200,4–24h,control,1536,-7.749297387796105,-10.937596321105957,-30.700486660003662,-27.793792724609375,-21.750417232513428,-10.937596321105957,-2.2989606857299805,18.62356472015381,31.18837022781372,56.25479507446289,0.0013020833333333333,0.0,0.0,-8.902595229968872,1.1532978421727673,-11.15508830293696,-4.798290679859947,6
fat_tail|support|trail30|24h|200bps,fat_tail,support,30,24,200,4–24h,signal,2,10.442735195159912,10.442735195159912,-5.82812533378601,-4.0202519416809075,1.4033682346343994,10.442735195159912,19.482102155685425,24.90572233200073,26.713595724105833,28.159894437789916,0.0,0.0,0.0,-7.635998725891113,18.078733921051025,,,2
fat_tail|support|trail30|24h|200bps,fat_tail,support,30,24,200,>24h,alert,4,-2.473312497138977,-7.217572450637817,-13.404168605804443,-12.511582374572754,-9.833823680877686,-7.217572450637817,0.1429387331008911,11.360365343093877,15.099507546424856,18.090821309089655,0.0,0.0,0.0,-9.57729991277059,7.103987415631613,,,2
fat_tail|support|trail30|24h|200bps,fat_tail,support,30,24,200,>24h,control,6874,-5.799623545589685,-6.883503198623657,-26.494948005676267,-22.1412073135376,-13.915624618530273,-6.883503198623657,-2.9345309138298035,10.963426303863525,26.989762783050494,66.94223571777334,0.0,0.0,0.0,-6.592545758814993,0.7929222132253084,-7.5707044447729785,-4.236307493009995,7
fat_tail|support|trail30|24h|200bps,fat_tail,support,30,24,200,>24h,signal,48,-5.404835310143729,-6.84941840171814,-9.84506721496582,-9.5233811378479,-8.53494930267334,-6.84941840171814,-2.2716537564992905,0.49253722727298954,2.0970581114292126,17.58913870334628,0.0,0.0,0.0,-6.139983244715853,0.7351479345721241,-7.493079839968214,-3.334116250437668,6
fat_tail|support|trail30|24h|300bps,fat_tail,support,30,24,300,4–24h,control,1536,-8.749297388133678,-11.937596321105957,-31.700486660003662,-28.793792724609375,-22.750417232513428,-11.937596321105957,-3.2989606857299805,17.62356472015381,30.18837022781372,55.25479507446289,0.0013020833333333333,0.0,0.0,-9.902595230311578,1.1532978421778992,-12.15508830293696,-5.798290679859947,6
fat_tail|support|trail30|24h|300bps,fat_tail,support,30,24,300,4–24h,signal,2,9.442735195159912,9.442735195159912,-6.82812533378601,-5.0202519416809075,0.4033682346343994,9.442735195159912,18.482102155685425,23.90572233200073,25.713595724105833,27.159894437789916,0.0,0.0,0.0,-8.635998725891113,18.078733921051025,,,2
fat_tail|support|trail30|24h|300bps,fat_tail,support,30,24,300,>24h,alert,4,-3.473312497138977,-8.217572450637817,-14.404168605804443,-13.511582374572754,-10.833823680877686,-8.217572450637817,-0.8570612668991089,10.360365343093877,14.099507546424856,17.090821309089655,0.0,0.0,0.0,-10.57729991277059,7.103987415631613,,,2
fat_tail|support|trail30|24h|300bps,fat_tail,support,30,24,300,>24h,control,6874,-6.799623541233729,-7.883503198623657,-27.494948005676267,-23.1412073135376,-14.915624618530273,-7.883503198623657,-3.9345309138298035,9.963426303863525,25.989762783050494,65.94223571777334,0.0,0.0,0.0,-7.5925457544148705,0.7929222131811411,-8.570704786500706,-5.236307492303831,7
fat_tail|support|trail30|24h|300bps,fat_tail,support,30,24,300,>24h,signal,48,-6.404835287791987,-7.84941840171814,-10.84506721496582,-10.5233811378479,-9.53494930267334,-7.84941840171814,-3.2716537714004517,-0.5074627935886361,1.0970580495893936,16.58913881540301,0.0,0.0,0.0,-7.139983221888542,0.7351479340965552,-8.493079839968214,-4.334116250437669,6
fat_tail|support|trail30|72h|100bps,fat_tail,support,30,72,100,4–24h,control,1461,-8.138188512122525,-10.719585418701172,-29.788049697875977,-27.102426528930664,-21.072118759155273,-10.719585418701172,-2.153918504714966,11.859747886657715,33.862037658691406,57.25479507446289,0.0013689253935660506,0.0,0.0,-9.373852024686435,1.2356635125639102,-11.090125291760208,-6.418189198044578,6
fat_tail|support|trail30|72h|100bps,fat_tail,support,30,72,100,4–24h,signal,1,-6.635998725891113,-6.635998725891113,-6.635998725891113,-6.635998725891113,-6.635998725891113,-6.635998725891113,-6.635998725891113,-6.635998725891113,-6.635998725891113,-6.635998725891113,0.0,0.0,0.0,,,,,1
fat_tail|support|trail30|72h|100bps,fat_tail,support,30,72,100,>24h,alert,4,-1.4733123779296875,-6.217572212219238,-12.40416853427887,-11.511582231521606,-8.833823323249817,-6.217572212219238,1.1429387331008911,12.360365343093877,16.099507546424856,19.090821309089655,0.0,0.0,0.0,-8.57729975382487,7.103987375895182,,,2
fat_tail|support|trail30|72h|100bps,fat_tail,support,30,72,100,>24h,control,6524,-6.158041815141274,-6.760783672332764,-25.937532329559325,-21.556854820251463,-13.566187858581543,-6.760783672332764,-2.9344234466552734,3.4319612979888783,25.875341796874995,68.44901702880848,0.0,0.0,0.0,-6.973562498409076,0.8155206832678017,-7.292482433066783,-4.600840810071922,7
fat_tail|support|trail30|72h|100bps,fat_tail,support,30,72,100,>24h,signal,39,-7.363493350835947,-6.825036525726318,-11.54013786315918,-8.705837821960449,-7.847325325012207,-6.825036525726318,-5.387332916259766,-4.764182758331299,-4.717791032791138,-2.8212673521041944,0.0,0.0,0.0,-7.512447332081042,0.14895398124509462,-8.572154749994693,-5.986699337429471,6
fat_tail|support|trail30|72h|200bps,fat_tail,support,30,72,200,4–24h,control,1461,-9.138188510842514,-11.719585418701172,-30.788049697875977,-28.102426528930664,-22.072118759155273,-11.719585418701172,-3.153918504714966,10.859747886657715,32.862037658691406,56.25479507446289,0.0013689253935660506,0.0,0.0,-10.373852023385952,1.2356635125434376,-12.090125291760208,-7.418189198044578,6
fat_tail|support|trail30|72h|200bps,fat_tail,support,30,72,200,4–24h,signal,1,-7.635998725891113,-7.635998725891113,-7.635998725891113,-7.635998725891113,-7.635998725891113,-7.635998725891113,-7.635998725891113,-7.635998725891113,-7.635998725891113,-7.635998725891113,0.0,0.0,0.0,,,,,1
fat_tail|support|trail30|72h|200bps,fat_tail,support,30,72,200,>24h,alert,4,-2.473312497138977,-7.217572450637817,-13.404168605804443,-12.511582374572754,-9.833823680877686,-7.217572450637817,0.1429387331008911,11.360365343093877,15.099507546424856,18.090821309089655,0.0,0.0,0.0,-9.57729991277059,7.103987415631613,,,2
fat_tail|support|trail30|72h|200bps,fat_tail,support,30,72,200,>24h,control,6524,-7.1580418130139645,-7.760783672332764,-26.937532329559325,-22.556854820251463,-14.566187858581543,-7.760783672332764,-3.9344234466552734,2.4319612979888783,24.875341796874995,67.44901702880848,0.0,0.0,0.0,-7.973562496260025,0.8155206832460609,-8.292482433301887,-5.6008407447220385,7
fat_tail|support|trail30|72h|200bps,fat_tail,support,30,72,200,>24h,signal,39,-8.363493326382759,-7.825036525726318,-12.54013786315918,-9.705837821960449,-8.847325325012207,-7.825036525726318,-6.387332916259766,-5.764182758331299,-5.717791032791138,-3.8212673521041944,0.0,0.0,0.0,-8.512447306984349,0.14895398060158982,-9.572154749994693,-6.986699337429471,6
fat_tail|support|trail30|72h|300bps,fat_tail,support,30,72,300,4–24h,control,1461,-10.138188511197418,-12.719585418701172,-31.788049697875977,-29.102426528930664,-23.072118759155273,-12.719585418701172,-4.153918266296387,9.859747886657715,31.86203956604004,55.25479507446289,0.0013689253935660506,0.0,0.0,-11.373852023746531,1.235663512549113,-13.090125291760208,-8.418189198044578,6
fat_tail|support|trail30|72h|300bps,fat_tail,support,30,72,300,4–24h,signal,1,-8.635998725891113,-8.635998725891113,-8.635998725891113,-8.635998725891113,-8.635998725891113,-8.635998725891113,-8.635998725891113,-8.635998725891113,-8.635998725891113,-8.635998725891113,0.0,0.0,0.0,,,,,1
fat_tail|support|trail30|72h|300bps,fat_tail,support,30,72,300,>24h,alert,4,-3.473312497138977,-8.217572450637817,-14.404168605804443,-13.511582374572754,-10.833823680877686,-8.217572450637817,-0.8570612668991089,10.360365343093877,14.099507546424856,17.090821309089655,0.0,0.0,0.0,-10.57729991277059,7.103987415631613,,,2
fat_tail|support|trail30|72h|300bps,fat_tail,support,30,72,300,>24h,control,6524,-8.158041809409157,-8.760783672332764,-27.937532329559325,-23.556854820251463,-15.566187858581543,-8.760783672332764,-4.934423446655273,1.431961381435381,23.875341796874995,66.44901702880848,0.0,0.0,0.0,-8.973562492618377,0.8155206832092201,-9.292482803356464,-6.6008407447220385,7
fat_tail|support|trail30|72h|300bps,fat_tail,support,30,72,300,>24h,signal,39,-9.363493301929571,-8.82503604888916,-13.54013786315918,-10.705837821960449,-9.847325325012207,-8.82503604888916,-7.387332916259766,-6.764182758331299,-6.717791032791138,-4.821267352104194,0.0,0.0,0.0,-9.512447281887656,0.14895397995808501,-10.572154749994693,-7.986699337429471,6
fat_tail|support|trail40|168h|100bps,fat_tail,support,40,168,100,4–24h,control,1450,-6.960208639461419,-14.515408039093018,-38.60355434417725,-35.0421085357666,-25.179145336151123,-14.515408039093018,-5.545557260513306,11.841383457183895,37.640906333923326,276.09271240234375,0.02482758620689655,0.0,0.0,-13.347862710926698,6.387654071465279,-14.745275870813353,10.668742956938567,6
fat_tail|support|trail40|168h|100bps,fat_tail,support,40,168,100,4–24h,signal,1,-6.635998725891113,-6.635998725891113,-6.635998725891113,-6.635998725891113,-6.635998725891113,-6.635998725891113,-6.635998725891113,-6.635998725891113,-6.635998725891113,-6.635998725891113,0.0,0.0,0.0,,,,,1
fat_tail|support|trail40|168h|100bps,fat_tail,support,40,168,100,>24h,alert,4,-5.788978397846222,-6.217572212219238,-12.40416853427887,-11.511582231521606,-8.833823323249817,-6.217572212219238,-3.1727272868156433,0.2765004873275769,1.426243078708646,2.3460371518135053,0.0,0.0,0.0,-8.57729975382487,2.7883213559786473,,,2
fat_tail|support|trail40|168h|100bps,fat_tail,support,40,168,100,>24h,control,6176,-7.996676527525882,-7.580972671508789,-30.815032958984375,-24.304530143737793,-14.649977922439575,-7.580972671508789,-3.402400553226471,-1.2371777296066284,13.398558139801025,66.04779815673828,0.0051813471502590676,0.0,0.0,-9.13832706205442,1.1416505345285382,-9.682471357258462,-6.7904075435664355,6
fat_tail|support|trail40|168h|100bps,fat_tail,support,40,168,100,>24h,signal,39,-7.363493350835947,-6.825036525726318,-11.54013786315918,-8.705837821960449,-7.847325325012207,-6.825036525726318,-5.387332916259766,-4.764182758331299,-4.717791032791138,-2.8212673521041944,0.0,0.0,0.0,-7.512447332081042,0.14895398124509462,-8.572154749994693,-5.986699337429471,6
fat_tail|support|trail40|168h|200bps,fat_tail,support,40,168,200,4–24h,control,1450,-7.960208633295421,-15.515408039093018,-39.60355434417725,-36.0421085357666,-26.179145336151123,-15.515408039093018,-6.545557260513306,10.841383457183895,36.640906333923326,275.09271240234375,0.02482758620689655,0.0,0.0,-14.347862704621551,6.38765407132613,-15.745275870813353,9.668742956938567,6
fat_tail|support|trail40|168h|200bps,fat_tail,support,40,168,200,4–24h,signal,1,-7.635998725891113,-7.635998725891113,-7.635998725891113,-7.635998725891113,-7.635998725891113,-7.635998725891113,-7.635998725891113,-7.635998725891113,-7.635998725891113,-7.635998725891113,0.0,0.0,0.0,,,,,1
fat_tail|support|trail40|168h|200bps,fat_tail,support,40,168,200,>24h,alert,4,-6.7889785170555115,-7.217572450637817,-13.404168605804443,-12.511582374572754,-9.833823680877686,-7.217572450637817,-4.172727286815643,-0.7234995126724231,0.426243078708646,1.3460371518135053,0.0,0.0,0.0,-9.57729991277059,2.7883213957150783,,,2
fat_tail|support|trail40|168h|200bps,fat_tail,support,40,168,200,>24h,control,6176,-8.996676524784995,-8.580973148345947,-31.815032958984375,-25.304530143737793,-15.649977922439575,-8.580973148345947,-4.402400612831116,-2.2371777296066284,12.398558139801025,65.04779815673828,0.005019430051813471,0.0,0.0,-10.13832705928574,1.1416505345007444,-10.682471357258462,-7.7904075435664355,6
fat_tail|support|trail40|168h|200bps,fat_tail,support,40,168,200,>24h,signal,39,-8.363493326382759,-7.825036525726318,-12.54013786315918,-9.705837821960449,-8.847325325012207,-7.825036525726318,-6.387332916259766,-5.764182758331299,-5.717791032791138,-3.8212673521041944,0.0,0.0,0.0,-8.512447306984349,0.14895398060158982,-9.572154749994693,-6.986699337429471,6
fat_tail|support|trail40|168h|300bps,fat_tail,support,40,168,300,4–24h,control,1450,-8.960208645329393,-16.51540756225586,-40.60355434417725,-37.0421085357666,-27.179145336151123,-16.51540756225586,-7.545557260513306,9.841383457183895,35.640906333923326,274.09271240234375,0.02413793103448276,0.0,0.0,-15.347862716927095,6.3876540715977015,-16.745276812532254,8.668742956938567,6
fat_tail|support|trail40|168h|300bps,fat_tail,support,40,168,300,4–24h,signal,1,-8.635998725891113,-8.635998725891113,-8.635998725891113,-8.635998725891113,-8.635998725891113,-8.635998725891113,-8.635998725891113,-8.635998725891113,-8.635998725891113,-8.635998725891113,0.0,0.0,0.0,,,,,1
fat_tail|support|trail40|168h|300bps,fat_tail,support,40,168,300,>24h,alert,4,-7.7889785170555115,-8.217572450637817,-14.404168605804443,-13.511582374572754,-10.833823680877686,-8.217572450637817,-5.172727286815643,-1.723499512672423,-0.573756921291354,0.34603715181350514,0.0,0.0,0.0,-10.57729991277059,2.7883213957150783,,,2
fat_tail|support|trail40|168h|300bps,fat_tail,support,40,168,300,>24h,control,6176,-9.99667652511147,-9.580973148345947,-32.815032958984375,-26.304530143737793,-16.649977684020996,-9.580973148345947,-5.402400612831116,-3.2371777296066284,11.398558139801025,64.04779815673828,0.005019430051813471,0.0,0.0,-11.138327059615525,1.1416505345040555,-11.682471357258462,-8.790407543566436,6
fat_tail|support|trail40|168h|300bps,fat_tail,support,40,168,300,>24h,signal,39,-9.363493301929571,-8.82503604888916,-13.54013786315918,-10.705837821960449,-9.847325325012207,-8.82503604888916,-7.387332916259766,-6.764182758331299,-6.717791032791138,-4.821267352104194,0.0,0.0,0.0,-9.512447281887656,0.14895397995808501,-10.572154749994693,-7.986699337429471,6
fat_tail|support|trail40|24h|100bps,fat_tail,support,40,24,100,4–24h,control,1525,-5.619232721035598,-13.347198486328125,-38.52056884765625,-34.55407638549804,-24.537206649780273,-13.347198486328125,-3.9464046955108643,20.877826309204107,36.02652435302732,276.09271240234375,0.02360655737704918,0.0,0.0,-11.657265034463688,6.03803231342809,-14.745275870813353,12.0367001073305,6
fat_tail|support|trail40|24h|100bps,fat_tail,support,40,24,100,4–24h,signal,2,11.442735195159912,11.442735195159912,-4.82812533378601,-3.020251941680908,2.4033682346343994,11.442735195159912,20.482102155685425,25.90572233200073,27.713595724105833,29.159894437789916,0.0,0.0,0.0,-6.635998725891113,18.078733921051025,,,2
fat_tail|support|trail40|24h|100bps,fat_tail,support,40,24,100,>24h,alert,4,-5.788978397846222,-6.217572212219238,-12.40416853427887,-11.511582231521606,-8.833823323249817,-6.217572212219238,-3.1727272868156433,0.2765004873275769,1.426243078708646,2.3460371518135053,0.0,0.0,0.0,-8.57729975382487,2.7883213559786473,,,2
fat_tail|support|trail40|24h|100bps,fat_tail,support,40,24,100,>24h,control,6628,-5.747859810152625,-6.408374547958374,-30.386751651763916,-23.179424858093263,-13.740094184875488,-6.408374547958374,-2.3300191164016724,7.033264303207415,23.587677860259998,89.7306141662595,0.009052504526252263,0.0,0.0,-7.067054883783659,1.3191950736310343,-7.700528136667791,-3.8979790676509443,7
fat_tail|support|trail40|24h|100bps,fat_tail,support,40,24,100,>24h,signal,48,-4.404835325083695,-5.84941840171814,-8.84506721496582,-8.5233811378479,-7.53494918346405,-5.84941840171814,-1.271653760690242,1.4925372481346153,3.097058153152464,18.58913870334628,0.0,0.0,0.0,-5.1399832599736905,0.7351479348899952,-6.493079765170228,-2.3341161550702365,6
fat_tail|support|trail40|24h|200bps,fat_tail,support,40,24,200,4–24h,control,1525,-6.619232715798206,-14.347198486328125,-39.52056884765625,-35.55407638549804,-25.537206649780273,-14.347198486328125,-4.946404457092285,19.877826309204107,35.02652435302732,275.09271240234375,0.02360655737704918,0.0,0.0,-12.657265029114042,6.038032313315836,-15.745275870813353,11.0367001073305,6
fat_tail|support|trail40|24h|200bps,fat_tail,support,40,24,200,4–24h,signal,2,10.442735195159912,10.442735195159912,-5.82812533378601,-4.0202519416809075,1.4033682346343994,10.442735195159912,19.482102155685425,24.90572233200073,26.713595724105833,28.159894437789916,0.0,0.0,0.0,-7.635998725891113,18.078733921051025,,,2
fat_tail|support|trail40|24h|200bps,fat_tail,support,40,24,200,>24h,alert,4,-6.7889785170555115,-7.217572450637817,-13.404168605804443,-12.511582374572754,-9.833823680877686,-7.217572450637817,-4.172727286815643,-0.7234995126724231,0.426243078708646,1.3460371518135053,0.0,0.0,0.0,-9.57729991277059,2.7883213957150783,,,2
fat_tail|support|trail40|24h|200bps,fat_tail,support,40,24,200,>24h,control,6628,-6.747859808713435,-7.408374547958374,-31.386751651763916,-24.179424858093263,-14.740094184875488,-7.408374547958374,-3.3300191164016724,6.033264303207415,22.587677860259998,88.7306141662595,0.008901629450814725,0.0,0.0,-8.067054882329773,1.3191950736163376,-8.700528138863381,-4.897979067874209,7
fat_tail|support|trail40|24h|200bps,fat_tail,support,40,24,200,>24h,signal,48,-5.404835310143729,-6.84941840171814,-9.84506721496582,-9.5233811378479,-8.53494930267334,-6.84941840171814,-2.2716537564992905,0.49253722727298954,2.0970581114292126,17.58913870334628,0.0,0.0,0.0,-6.139983244715853,0.7351479345721241,-7.493079839968214,-3.334116250437668,6
fat_tail|support|trail40|24h|300bps,fat_tail,support,40,24,300,4–24h,control,1525,-7.619232727240344,-15.347198486328125,-40.52056884765625,-36.55407638549804,-26.537206649780273,-15.347198486328125,-5.946404457092285,18.877826309204107,34.02652435302732,274.09271240234375,0.022950819672131147,0.0,0.0,-13.657265040801423,6.03803231356108,-16.745276812532254,10.0367001073305,6
fat_tail|support|trail40|24h|300bps,fat_tail,support,40,24,300,4–24h,signal,2,9.442735195159912,9.442735195159912,-6.82812533378601,-5.0202519416809075,0.4033682346343994,9.442735195159912,18.482102155685425,23.90572233200073,25.713595724105833,27.159894437789916,0.0,0.0,0.0,-8.635998725891113,18.078733921051025,,,2
fat_tail|support|trail40|24h|300bps,fat_tail,support,40,24,300,>24h,alert,4,-7.7889785170555115,-8.217572450637817,-14.404168605804443,-13.511582374572754,-10.833823680877686,-8.217572450637817,-5.172727286815643,-1.723499512672423,-0.573756921291354,0.34603715181350514,0.0,0.0,0.0,-10.57729991277059,2.7883213957150783,,,2
fat_tail|support|trail40|24h|300bps,fat_tail,support,40,24,300,>24h,control,6628,-7.7478598087851145,-8.408374786376953,-32.386752891540525,-25.179424858093263,-15.740094184875488,-8.408374786376953,-4.330019116401672,5.033264303207415,21.587677860259998,87.7306141662595,0.008750754375377187,0.0,0.0,-9.067054882402184,1.3191950736170694,-9.700528131789337,-5.897978953116255,7
fat_tail|support|trail40|24h|300bps,fat_tail,support,40,24,300,>24h,signal,48,-6.404835287791987,-7.84941840171814,-10.84506721496582,-10.5233811378479,-9.53494930267334,-7.84941840171814,-3.2716537714004517,-0.5074627935886361,1.0970580495893936,16.58913881540301,0.0,0.0,0.0,-7.139983221888542,0.7351479340965552,-8.493079839968214,-4.334116250437669,6
fat_tail|support|trail40|72h|100bps,fat_tail,support,40,72,100,4–24h,control,1450,-6.960208639461419,-14.515408039093018,-38.60355434417725,-35.0421085357666,-25.179145336151123,-14.515408039093018,-5.545557260513306,11.841383457183895,37.640906333923326,276.09271240234375,0.02482758620689655,0.0,0.0,-13.347862710926698,6.387654071465279,-14.745275870813353,10.668742956938567,6
fat_tail|support|trail40|72h|100bps,fat_tail,support,40,72,100,4–24h,signal,1,-6.635998725891113,-6.635998725891113,-6.635998725891113,-6.635998725891113,-6.635998725891113,-6.635998725891113,-6.635998725891113,-6.635998725891113,-6.635998725891113,-6.635998725891113,0.0,0.0,0.0,,,,,1
fat_tail|support|trail40|72h|100bps,fat_tail,support,40,72,100,>24h,alert,4,-5.788978397846222,-6.217572212219238,-12.40416853427887,-11.511582231521606,-8.833823323249817,-6.217572212219238,-3.1727272868156433,0.2765004873275769,1.426243078708646,2.3460371518135053,0.0,0.0,0.0,-8.57729975382487,2.7883213559786473,,,2
fat_tail|support|trail40|72h|100bps,fat_tail,support,40,72,100,>24h,control,6255,-7.857069661117476,-7.425135135650635,-30.815032958984375,-24.044955444335937,-14.465397834777832,-7.425135135650635,-3.2742464542388916,-1.060729432106014,13.185197734832753,65.37585281372074,0.005115907274180656,0.0,0.0,-8.994864527335828,1.1377948662183517,-9.451135571494415,-6.578858813000084,7
fat_tail|support|trail40|72h|100bps,fat_tail,support,40,72,100,>24h,signal,39,-7.363493350835947,-6.825036525726318,-11.54013786315918,-8.705837821960449,-7.847325325012207,-6.825036525726318,-5.387332916259766,-4.764182758331299,-4.717791032791138,-2.8212673521041944,0.0,0.0,0.0,-7.512447332081042,0.14895398124509462,-8.572154749994693,-5.986699337429471,6
fat_tail|support|trail40|72h|200bps,fat_tail,support,40,72,200,4–24h,control,1450,-7.960208633295421,-15.515408039093018,-39.60355434417725,-36.0421085357666,-26.179145336151123,-15.515408039093018,-6.545557260513306,10.841383457183895,36.640906333923326,275.09271240234375,0.02482758620689655,0.0,0.0,-14.347862704621551,6.38765407132613,-15.745275870813353,9.668742956938567,6
fat_tail|support|trail40|72h|200bps,fat_tail,support,40,72,200,4–24h,signal,1,-7.635998725891113,-7.635998725891113,-7.635998725891113,-7.635998725891113,-7.635998725891113,-7.635998725891113,-7.635998725891113,-7.635998725891113,-7.635998725891113,-7.635998725891113,0.0,0.0,0.0,,,,,1
fat_tail|support|trail40|72h|200bps,fat_tail,support,40,72,200,>24h,alert,4,-6.7889785170555115,-7.217572450637817,-13.404168605804443,-12.511582374572754,-9.833823680877686,-7.217572450637817,-4.172727286815643,-0.7234995126724231,0.426243078708646,1.3460371518135053,0.0,0.0,0.0,-9.57729991277059,2.7883213957150783,,,2
fat_tail|support|trail40|72h|200bps,fat_tail,support,40,72,200,>24h,control,6255,-8.857069658532703,-8.425135612487793,-31.815032958984375,-25.044955444335937,-15.465397834777832,-8.425135612487793,-4.274246454238892,-2.060729503631588,12.185197734832753,64.37585281372074,0.00495603517186251,0.0,0.0,-9.994864524724756,1.1377948661920527,-10.451135571878007,-7.578858813630536,7
fat_tail|support|trail40|72h|200bps,fat_tail,support,40,72,200,>24h,signal,39,-8.363493326382759,-7.825036525726318,-12.54013786315918,-9.705837821960449,-8.847325325012207,-7.825036525726318,-6.387332916259766,-5.764182758331299,-5.717791032791138,-3.8212673521041944,0.0,0.0,0.0,-8.512447306984349,0.14895398060158982,-9.572154749994693,-6.986699337429471,6
fat_tail|support|trail40|72h|300bps,fat_tail,support,40,72,300,4–24h,control,1450,-8.960208645329393,-16.51540756225586,-40.60355434417725,-37.0421085357666,-27.179145336151123,-16.51540756225586,-7.545557260513306,9.841383457183895,35.640906333923326,274.09271240234375,0.02413793103448276,0.0,0.0,-15.347862716927095,6.3876540715977015,-16.745276812532254,8.668742956938567,6
fat_tail|support|trail40|72h|300bps,fat_tail,support,40,72,300,4–24h,signal,1,-8.635998725891113,-8.635998725891113,-8.635998725891113,-8.635998725891113,-8.635998725891113,-8.635998725891113,-8.635998725891113,-8.635998725891113,-8.635998725891113,-8.635998725891113,0.0,0.0,0.0,,,,,1
fat_tail|support|trail40|72h|300bps,fat_tail,support,40,72,300,>24h,alert,4,-7.7889785170555115,-8.217572450637817,-14.404168605804443,-13.511582374572754,-10.833823680877686,-8.217572450637817,-5.172727286815643,-1.723499512672423,-0.573756921291354,0.34603715181350514,0.0,0.0,0.0,-10.57729991277059,2.7883213957150783,,,2
fat_tail|support|trail40|72h|300bps,fat_tail,support,40,72,300,>24h,control,6255,-9.857069658903296,-9.425135612487793,-32.815032958984375,-26.044955444335937,-16.46539878845215,-9.425135612487793,-5.274246454238892,-3.060729503631588,11.185197734832753,63.37585281372074,0.00495603517186251,0.0,0.0,-10.99486452509912,1.137794866195824,-11.451135571878007,-8.578858813630536,7
fat_tail|support|trail40|72h|300bps,fat_tail,support,40,72,300,>24h,signal,39,-9.363493301929571,-8.82503604888916,-13.54013786315918,-10.705837821960449,-9.847325325012207,-8.82503604888916,-7.387332916259766,-6.764182758331299,-6.717791032791138,-4.821267352104194,0.0,0.0,0.0,-9.512447281887656,0.14895397995808501,-10.572154749994693,-7.986699337429471,6
ladder|atr2|trail40|168h|100bps,ladder,atr2,40,168,100,4–24h,control,1865,-7.43262370182426,-20.835407257080078,-39.20564651489258,-34.69951705932617,-27.376474380493164,-20.835407257080078,-14.943103790283203,50.40948181152348,81.00699310302734,262.5463562011719,0.03485254691689008,0.0005361930294906167,0.0,-13.365310612244233,5.9326869104199735,-17.70125440325056,11.858911716766157,6
ladder|atr2|trail40|168h|100bps,ladder,atr2,40,168,100,4–24h,signal,1,-14.553088188171387,-14.553088188171387,-14.553088188171387,-14.553088188171387,-14.553088188171387,-14.553088188171387,-14.553088188171387,-14.553088188171387,-14.553088188171387,-14.553088188171387,0.0,0.0,0.0,,,,,1
ladder|atr2|trail40|168h|100bps,ladder,atr2,40,168,100,>24h,alert,4,-5.932209253311157,-6.059073209762573,-7.2313299655914305,-7.159174537658691,-6.942708253860474,-6.059073209762573,-5.048574209213257,-4.60375280380249,-4.455479001998902,-4.336859960556031,0.0,0.0,0.0,-6.4738772710164385,0.5416680177052813,,,2
ladder|atr2|trail40|168h|100bps,ladder,atr2,40,168,100,>24h,control,7405,-5.879245073903179,-7.865671157836914,-23.157304763793945,-19.300624084472656,-13.980600357055664,-7.865671157836914,-4.02595853805542,-2.558095359802246,42.964442443847574,81.35183990478515,0.005536799459824443,0.0,0.0,-7.105390988951003,1.226145915047824,-7.988452290290565,-4.844995026513173,7
ladder|atr2|trail40|168h|100bps,ladder,atr2,40,168,100,>24h,signal,52,-1.9779653136546795,-3.736550807952881,-15.075778102874754,-6.864624404907226,-4.982948303222656,-3.736550807952881,-2.8447762727737427,-2.447214865684509,-2.161868226528169,78.90997138977052,0.0,0.0,0.0,-3.6199475783927766,1.641982264738097,-5.707110223316011,4.065213561058044,6
ladder|atr2|trail40|168h|200bps,ladder,atr2,40,168,200,4–24h,control,1865,-8.432623695879775,-21.835407257080078,-40.20564651489258,-35.69951705932617,-28.376474380493164,-21.835407257080078,-15.943103790283203,49.40948181152348,80.00699310302734,261.5463562011719,0.03431635388739947,0.0005361930294906167,0.0,-14.365310606176108,5.932686910296333,-18.701254577636718,10.858911716766157,6
ladder|atr2|trail40|168h|200bps,ladder,atr2,40,168,200,4–24h,signal,1,-15.553088188171387,-15.553088188171387,-15.553088188171387,-15.553088188171387,-15.553088188171387,-15.553088188171387,-15.553088188171387,-15.553088188171387,-15.553088188171387,-15.553088188171387,0.0,0.0,0.0,,,,,1
ladder|atr2|trail40|168h|200bps,ladder,atr2,40,168,200,>24h,alert,4,-6.932209134101868,-7.059073209762573,-8.231329560279846,-8.15917420387268,-7.942708134651184,-7.059073209762573,-6.048574209213257,-5.60375280380249,-5.455479001998902,-5.336859960556031,0.0,0.0,0.0,-7.47387711207072,0.541667977968852,,,2
ladder|atr2|trail40|168h|200bps,ladder,atr2,40,168,200,>24h,control,7405,-6.879245069459996,-8.865671157836914,-24.157304763793945,-20.300624084472656,-14.980600357055664,-8.865671157836914,-5.02595853805542,-3.558095359802246,41.964442443847574,80.35183990478515,0.0052667116812964215,0.0,0.0,-8.105390984462359,1.2261459150023626,-8.988452286456697,-5.844994890501683,7
ladder|atr2|trail40|168h|200bps,ladder,atr2,40,168,200,>24h,signal,52,-2.9779653136546793,-4.73655104637146,-16.075778102874754,-7.864624404907226,-5.982948303222656,-4.73655104637146,-3.8447762727737427,-3.447214865684509,-3.161868226528169,77.90997138977052,0.0,0.0,0.0,-4.619947578392777,1.6419822647380977,-6.7071101779029485,3.065213578087943,6
ladder|atr2|trail40|168h|300bps,ladder,atr2,40,168,300,4–24h,control,1865,-9.432623724771249,-22.835407257080078,-41.20564651489258,-36.69951705932617,-29.376474380493164,-22.835407257080078,-16.943103790283203,48.40948181152348,79.00699310302734,260.5463562011719,0.032707774798927614,0.0005361930294906167,0.0,-15.3653106356685,5.932686910897251,-19.701254577636718,9.85891187675346,6
ladder|atr2|trail40|168h|300bps,ladder,atr2,40,168,300,4–24h,signal,1,-16.553089141845703,-16.553089141845703,-16.553089141845703,-16.553089141845703,-16.553089141845703,-16.553089141845703,-16.553089141845703,-16.553089141845703,-16.553089141845703,-16.553089141845703,0.0,0.0,0.0,,,,,1
ladder|atr2|trail40|168h|300bps,ladder,atr2,40,168,300,>24h,alert,4,-7.932209253311157,-8.059073448181152,-9.23132963180542,-9.159174346923828,-8.942708492279053,-8.059073448181152,-7.048574209213257,-6.60375280380249,-6.455479001998902,-6.336859960556031,0.0,0.0,0.0,-8.47387727101644,0.5416680177052822,,,2
ladder|atr2|trail40|168h|300bps,ladder,atr2,40,168,300,>24h,control,7405,-7.8792450595433285,-9.865671157836914,-25.157304763793945,-21.300624084472656,-15.980600357055664,-9.865671157836914,-6.02595853805542,-4.558095455169678,40.964442443847574,79.35183990478515,0.0052667116812964215,0.0,0.0,-9.105390975485069,1.22614591594174,-9.98845229412443,-6.844994867833101,7
ladder|atr2|trail40|168h|300bps,ladder,atr2,40,168,300,>24h,signal,52,-3.977965309069707,-5.73655104637146,-17.075778102874754,-8.864624404907227,-6.982948303222656,-5.73655104637146,-4.844776272773743,-4.4472150802612305,-4.1618683576583875,76.90997138977052,0.0,0.0,0.0,-5.619947573717902,1.6419822646481954,-7.7071101779029485,2.065213578087943,6
ladder|atr2|trail40|24h|100bps,ladder,atr2,40,24,100,4–24h,control,1918,-6.533305031477597,-20.45403480529785,-38.945274353027344,-34.584075927734375,-26.885452270507812,-20.45403480529785,-14.030524730682373,49.63437271118164,77.63675689697266,262.5463562011719,0.03388946819603754,0.0005213764337851929,0.0,-12.280562944171276,5.747257912693679,-17.70125440325056,13.097945541409036,6
ladder|atr2|trail40|24h|100bps,ladder,atr2,40,24,100,4–24h,signal,2,7.484190464019775,7.484190464019775,-12.34936032295227,-10.145632457733154,-3.5344488620758057,7.484190464019775,18.502829790115356,25.114013385772708,27.31774125099182,29.080723543167114,0.0,0.0,0.0,-14.553088188171387,22.037278652191162,,,2
ladder|atr2|trail40|24h|100bps,ladder,atr2,40,24,100,>24h,alert,4,-3.795681804418564,-4.801451206207275,-7.00231716632843,-6.701148939132691,-5.797644257545471,-4.801451206207275,-2.799488753080368,-0.08559914827346704,0.8190307199954965,1.5427346146106704,0.0,0.0,0.0,-5.635462601979573,1.8397807975610094,,,2
ladder|atr2|trail40|24h|100bps,ladder,atr2,40,24,100,>24h,control,7682,-4.573594747856959,-7.062771797180176,-22.777896118164062,-19.044389152526854,-13.652465581893921,-7.062771797180176,-3.2524813413619995,2.4748244047164936,41.79509277343748,91.87529052734342,0.008851861494402499,0.0,0.0,-5.8889965915590015,1.315401843702042,-7.002144446323365,-3.3959504258576163,7
ladder|atr2|trail40|24h|100bps,ladder,atr2,40,24,100,>24h,signal,59,-1.0147103680203022,-3.237457513809204,-12.778449821472165,-6.73378963470459,-4.877227306365967,-3.237457513809204,-2.5157647132873535,1.2030441522598272,6.212973070144502,78.5183613586426,0.0,0.0,0.0,-2.4419145155376913,1.427204147517389,-5.090272227200595,4.133423008750162,6
ladder|atr2|trail40|24h|200bps,ladder,atr2,40,24,200,4–24h,control,1918,-7.533305025697376,-21.45403480529785,-39.945274353027344,-35.584075927734375,-27.885452270507812,-21.45403480529785,-15.030524730682373,48.63437271118164,76.63675689697266,261.5463562011719,0.03336809176225235,0.0005213764337851929,0.0,-13.28056293827422,5.747257912576845,-18.701254577636718,12.097945541409036,6
ladder|atr2|trail40|24h|200bps,ladder,atr2,40,24,200,4–24h,signal,2,6.484190464019775,6.484190464019775,-13.34936032295227,-11.145632457733154,-4.534448862075806,6.484190464019775,17.502829790115356,24.114013385772708,26.31774125099182,28.080723543167114,0.0,0.0,0.0,-15.553088188171387,22.037278652191162,,,2
ladder|atr2|trail40|24h|200bps,ladder,atr2,40,24,200,>24h,alert,4,-4.7956817001104355,-5.801451206207275,-8.002316761016846,-7.701148605346679,-6.797644138336182,-5.801451206207275,-3.7994887679815292,-1.0855991899967183,-0.18096933066845156,0.542734556794165,0.0,0.0,0.0,-6.6354624430338545,1.839780742923419,,,2
ladder|atr2|trail40|24h|200bps,ladder,atr2,40,24,200,>24h,control,7682,-5.573594744807627,-8.062771797180176,-23.777896118164062,-20.044389152526854,-14.652465581893921,-8.062771797180176,-4.25248110294342,1.474824297428133,40.79509277343748,90.87529052734342,0.008591512626920072,0.0,0.0,-6.888996587475587,1.31540184266796,-8.002144444899105,-4.395950422358429,7
ladder|atr2|trail40|24h|200bps,ladder,atr2,40,24,200,>24h,signal,59,-2.0147103659682353,-4.237457275390625,-13.778449821472165,-7.73378963470459,-5.877227306365967,-4.237457275390625,-3.5157647132873535,0.20304411053657578,5.212973070144502,77.5183613586426,0.0,0.0,0.0,-3.4419145134502442,1.427204147482009,-6.090272279219194,3.13342302442799,6
ladder|atr2|trail40|24h|300bps,ladder,atr2,40,24,300,4–24h,control,1918,-8.533305053852645,-22.45403480529785,-40.945274353027344,-36.584075927734375,-28.885452270507812,-22.45403480529785,-16.03052568435669,47.63437271118164,75.63675689697266,260.5463562011719,0.03180396246089677,0.0005213764337851929,0.0,-14.280562966998588,5.747257913145942,-19.701254577636718,11.097945686471796,6
ladder|atr2|trail40|24h|300bps,ladder,atr2,40,24,300,4–24h,signal,2,5.484189987182617,5.484189987182617,-14.349361228942872,-12.145633316040039,-5.534449577331543,5.484189987182617,16.502829551696777,23.114013290405275,25.317741203308103,27.08072353363037,0.0,0.0,0.0,-16.553089141845703,22.03727912902832,,,2
ladder|atr2|trail40|24h|300bps,ladder,atr2,40,24,300,>24h,alert,4,-5.7956817001104355,-6.801451206207275,-9.002316761016846,-8.70114860534668,-7.797644138336182,-6.801451206207275,-4.799488767981529,-2.085599189996718,-1.1809693306684514,-0.45726544320583495,0.0,0.0,0.0,-7.6354624430338545,1.839780742923419,,,2
ladder|atr2|trail40|24h|300bps,ladder,atr2,40,24,300,>24h,control,7682,-6.573594739054221,-9.062771797180176,-24.777896118164062,-21.044389152526854,-15.652465581893921,-9.062771797180176,-5.25248110294342,0.4748243540525454,39.79509277343748,89.87529052734342,0.008461338193178859,0.0,0.0,-7.888996581663928,1.315401842609707,-9.002144623595953,-5.395950354707476,7
ladder|atr2|trail40|24h|300bps,ladder,atr2,40,24,300,>24h,signal,59,-3.0147103657156733,-5.237457275390625,-14.778449821472165,-8.73378963470459,-6.877227306365967,-5.237457275390625,-4.5157647132873535,-0.7969559073448176,4.212972962856142,76.5183613586426,0.0,0.0,0.0,-4.4419145131933275,1.4272041474776542,-7.090272279219194,2.13342302442799,6
ladder|atr2|trail40|72h|100bps,ladder,atr2,40,72,100,4–24h,control,1865,-7.43262370182426,-20.835407257080078,-39.20564651489258,-34.69951705932617,-27.376474380493164,-20.835407257080078,-14.943103790283203,50.40948181152348,81.00699310302734,262.5463562011719,0.03485254691689008,0.0005361930294906167,0.0,-13.365310612244233,5.9326869104199735,-17.70125440325056,11.858911716766157,6
ladder|atr2|trail40|72h|100bps,ladder,atr2,40,72,100,4–24h,signal,1,-14.553088188171387,-14.553088188171387,-14.553088188171387,-14.553088188171387,-14.553088188171387,-14.553088188171387,-14.553088188171387,-14.553088188171387,-14.553088188171387,-14.553088188171387,0.0,0.0,0.0,,,,,1
ladder|atr2|trail40|72h|100bps,ladder,atr2,40,72,100,>24h,alert,4,-5.932209253311157,-6.059073209762573,-7.2313299655914305,-7.159174537658691,-6.942708253860474,-6.059073209762573,-5.048574209213257,-4.60375280380249,-4.455479001998902,-4.336859960556031,0.0,0.0,0.0,-6.4738772710164385,0.5416680177052813,,,2
ladder|atr2|trail40|72h|100bps,ladder,atr2,40,72,100,>24h,control,7453,-5.728719966916707,-7.750338554382324,-23.12593650817871,-19.268082046508788,-13.927932739257812,-7.750338554382324,-3.93047833442688,-2.4932978630065916,43.07766189575187,81.71461364746088,0.006037837112572118,0.0,0.0,-6.962293445934736,1.2335734790180295,-7.8856779348896735,-4.638994112274121,7
ladder|atr2|trail40|72h|100bps,ladder,atr2,40,72,100,>24h,signal,52,-1.9779653136546795,-3.736550807952881,-15.075778102874754,-6.864624404907226,-4.982948303222656,-3.736550807952881,-2.8447762727737427,-2.447214865684509,-2.161868226528169,78.90997138977052,0.0,0.0,0.0,-3.6199475783927766,1.641982264738097,-5.707110223316011,4.065213561058044,6
ladder|atr2|trail40|72h|200bps,ladder,atr2,40,72,200,4–24h,control,1865,-8.432623695879775,-21.835407257080078,-40.20564651489258,-35.69951705932617,-28.376474380493164,-21.835407257080078,-15.943103790283203,49.40948181152348,80.00699310302734,261.5463562011719,0.03431635388739947,0.0005361930294906167,0.0,-14.365310606176108,5.932686910296333,-18.701254577636718,10.858911716766157,6
ladder|atr2|trail40|72h|200bps,ladder,atr2,40,72,200,4–24h,signal,1,-15.553088188171387,-15.553088188171387,-15.553088188171387,-15.553088188171387,-15.553088188171387,-15.553088188171387,-15.553088188171387,-15.553088188171387,-15.553088188171387,-15.553088188171387,0.0,0.0,0.0,,,,,1
ladder|atr2|trail40|72h|200bps,ladder,atr2,40,72,200,>24h,alert,4,-6.932209134101868,-7.059073209762573,-8.231329560279846,-8.15917420387268,-7.942708134651184,-7.059073209762573,-6.048574209213257,-5.60375280380249,-5.455479001998902,-5.336859960556031,0.0,0.0,0.0,-7.47387711207072,0.541667977968852,,,2
ladder|atr2|trail40|72h|200bps,ladder,atr2,40,72,200,>24h,control,7453,-6.728719962568118,-8.750338554382324,-24.12593650817871,-20.268082046508788,-14.927932739257812,-8.750338554382324,-4.930478096008301,-3.4932978630065916,42.07766189575187,80.71461364746088,0.005769488796457802,0.0,0.0,-7.962293441541943,1.2335734789738249,-8.885678011949276,-5.6389941611983545,7
ladder|atr2|trail40|72h|200bps,ladder,atr2,40,72,200,>24h,signal,52,-2.9779653136546793,-4.73655104637146,-16.075778102874754,-7.864624404907226,-5.982948303222656,-4.73655104637146,-3.8447762727737427,-3.447214865684509,-3.161868226528169,77.90997138977052,0.0,0.0,0.0,-4.619947578392777,1.6419822647380977,-6.7071101779029485,3.065213578087943,6
ladder|atr2|trail40|72h|300bps,ladder,atr2,40,72,300,4–24h,control,1865,-9.432623724771249,-22.835407257080078,-41.20564651489258,-36.69951705932617,-29.376474380493164,-22.835407257080078,-16.943103790283203,48.40948181152348,79.00699310302734,260.5463562011719,0.032707774798927614,0.0005361930294906167,0.0,-15.3653106356685,5.932686910897251,-19.701254577636718,9.85891187675346,6
ladder|atr2|trail40|72h|300bps,ladder,atr2,40,72,300,4–24h,signal,1,-16.553089141845703,-16.553089141845703,-16.553089141845703,-16.553089141845703,-16.553089141845703,-16.553089141845703,-16.553089141845703,-16.553089141845703,-16.553089141845703,-16.553089141845703,0.0,0.0,0.0,,,,,1
ladder|atr2|trail40|72h|300bps,ladder,atr2,40,72,300,>24h,alert,4,-7.932209253311157,-8.059073448181152,-9.23132963180542,-9.159174346923828,-8.942708492279053,-8.059073448181152,-7.048574209213257,-6.60375280380249,-6.455479001998902,-6.336859960556031,0.0,0.0,0.0,-8.47387727101644,0.5416680177052822,,,2
ladder|atr2|trail40|72h|300bps,ladder,atr2,40,72,300,>24h,control,7453,-7.728719952515883,-9.750338554382324,-25.12593650817871,-21.268082046508788,-15.927932739257812,-9.750338554382324,-5.930478096008301,-4.493297672271728,41.07766189575187,79.71461364746088,0.005769488796457802,0.0,0.0,-8.962293432421596,1.2335734799057132,-9.885678325688822,-6.6389941611983545,7
ladder|atr2|trail40|72h|300bps,ladder,atr2,40,72,300,>24h,signal,52,-3.977965309069707,-5.73655104637146,-17.075778102874754,-8.864624404907227,-6.982948303222656,-5.73655104637146,-4.844776272773743,-4.4472150802612305,-4.1618683576583875,76.90997138977052,0.0,0.0,0.0,-5.619947573717902,1.6419822646481954,-7.7071101779029485,2.065213578087943,6
ladder|fixed10|trail40|168h|100bps,ladder,fixed10,40,168,100,4–24h,control,1932,-6.555697867588967,-11.0,-11.0,-11.0,-11.0,-11.0,-11.0,-11.0,41.894050788879376,86.01348876953125,0.006211180124223602,0.0,0.0,-8.250316276170622,1.694618408581655,-8.338138773903918,-4.299964868232104,6
ladder|fixed10|trail40|168h|100bps,ladder,fixed10,40,168,100,4–24h,signal,1,-11.0,-11.0,-11.0,-11.0,-11.0,-11.0,-11.0,-11.0,-11.0,-11.0,0.0,0.0,0.0,,,,,1
ladder|fixed10|trail40|168h|100bps,ladder,fixed10,40,168,100,>24h,alert,4,-11.574188709259033,-11.0,-12.952241611480712,-12.607728385925293,-11.574188709259033,-11.0,-11.0,-11.0,-11.0,-11.0,0.0,0.0,0.0,-13.296754837036133,1.7225661277770996,,,2
ladder|fixed10|trail40|168h|100bps,ladder,fixed10,40,168,100,>24h,control,6377,-8.747417833993142,-11.0,-12.91680221557617,-11.0,-11.0,-11.0,-11.0,-11.0,-11.0,79.64231018066405,0.004861220009408813,0.0,0.0,-10.000752543149236,1.2533347091560945,-10.155391923859215,-6.763400564635186,6
ladder|fixed10|trail40|168h|100bps,ladder,fixed10,40,168,100,>24h,signal,26,-5.309657096862793,-11.0,-20.689645767211914,-14.84293270111084,-11.0,-11.0,-11.0,-11.0,54.37652587890625,80.36452293395996,0.0,0.0,0.0,-8.792568588256836,3.4829114913940433,-13.174000104268393,7.348607819655846,6
ladder|fixed10|trail40|168h|200bps,ladder,fixed10,40,168,200,4–24h,control,1932,-7.555697863640005,-12.0,-12.0,-12.0,-12.0,-12.0,-12.0,-12.0,40.894050788879376,85.01348876953125,0.005693581780538302,0.0,0.0,-9.250316276170622,1.694618412530617,-9.338138773903918,-5.2999648112672135,6
ladder|fixed10|trail40|168h|200bps,ladder,fixed10,40,168,200,4–24h,signal,1,-12.0,-12.0,-12.0,-12.0,-12.0,-12.0,-12.0,-12.0,-12.0,-12.0,0.0,0.0,0.0,,,,,1
ladder|fixed10|trail40|168h|200bps,ladder,fixed10,40,168,200,>24h,alert,4,-12.574188709259033,-12.0,-13.952241611480712,-13.607728385925293,-12.574188709259033,-12.0,-12.0,-12.0,-12.0,-12.0,0.0,0.0,0.0,-14.296754837036133,1.7225661277770996,,,2
ladder|fixed10|trail40|168h|200bps,ladder,fixed10,40,168,200,>24h,control,6377,-9.747417833095847,-12.0,-13.91680221557617,-12.0,-12.0,-12.0,-12.0,-12.0,-12.0,78.64231018066405,0.004547592912027599,0.0,0.0,-11.000752542242845,1.2533347091469977,-11.155391578417934,-7.7634007968551835,6
ladder|fixed10|trail40|168h|200bps,ladder,fixed10,40,168,200,>24h,signal,26,-6.309657096862793,-12.0,-21.689645767211914,-15.84293270111084,-12.0,-12.0,-12.0,-12.0,53.37652587890625,79.36452293395996,0.0,0.0,0.0,-9.792568588256836,3.4829114913940433,-14.174000104268393,6.348607819655846,6
ladder|fixed10|trail40|168h|300bps,ladder,fixed10,40,168,300,4–24h,control,1932,-8.555697864627247,-13.0,-13.0,-13.0,-13.0,-13.0,-13.0,-13.0,39.894050788879376,84.01348876953125,0.004658385093167702,0.0,0.0,-10.250316277169757,1.6946184125425106,-10.338138773903918,-6.299964814863864,6
ladder|fixed10|trail40|168h|300bps,ladder,fixed10,40,168,300,4–24h,signal,1,-13.0,-13.0,-13.0,-13.0,-13.0,-13.0,-13.0,-13.0,-13.0,-13.0,0.0,0.0,0.0,,,,,1
ladder|fixed10|trail40|168h|300bps,ladder,fixed10,40,168,300,>24h,alert,4,-13.574188709259033,-13.0,-14.952241611480712,-14.607728385925293,-13.574188709259033,-13.0,-13.0,-13.0,-13.0,-13.0,0.0,0.0,0.0,-15.296754837036133,1.7225661277770996,,,2
ladder|fixed10|trail40|168h|300bps,ladder,fixed10,40,168,300,>24h,control,6377,-10.74741783279675,-13.0,-14.91680221557617,-13.0,-13.0,-13.0,-13.0,-13.0,-13.0,77.64231018066405,0.004547592912027599,0.0,0.0,-12.000752543149236,1.2533347103524868,-12.155391578417934,-8.763400796855183,6
ladder|fixed10|trail40|168h|300bps,ladder,fixed10,40,168,300,>24h,signal,26,-7.309657096862793,-13.0,-22.689645767211914,-16.84293270111084,-13.0,-13.0,-13.0,-13.0,52.37652587890625,78.36452293395996,0.0,0.0,0.0,-10.792568588256836,3.4829114913940433,-15.174000104268393,5.348607819655846,6
ladder|fixed10|trail40|24h|100bps,ladder,fixed10,40,24,100,4–24h,control,2007,-5.551886224485358,-11.0,-11.0,-11.0,-11.0,-11.0,-11.0,-11.0,40.662620925903255,86.01348876953125,0.005979073243647235,0.0,0.0,-7.170807028009046,1.6189208035236877,-8.309152488311312,-1.7141337766485698,6
ladder|fixed10|trail40|24h|100bps,ladder,fixed10,40,24,100,4–24h,signal,2,9.260734558105469,9.260734558105469,-8.973926544189453,-6.947853088378906,-0.8696327209472656,9.260734558105469,19.391101837158203,25.469322204589844,27.49539566040039,29.11625442504883,0.0,0.0,0.0,-11.0,20.26073455810547,,,2
ladder|fixed10|trail40|24h|100bps,ladder,fixed10,40,24,100,>24h,alert,4,-8.393273562192917,-11.0,-12.952241611480712,-12.607728385925293,-11.574188709259033,-11.0,-7.819084852933884,-2.093437588214872,-0.18488849997520895,1.3419507706165281,0.0,0.0,0.0,-11.765584945678711,3.372311383485794,,,2
ladder|fixed10|trail40|24h|100bps,ladder,fixed10,40,24,100,>24h,control,7101,-6.209920604467791,-11.0,-11.0,-11.0,-11.0,-11.0,-11.0,3.092822313308716,20.331220626831055,82.00663757324219,0.008449514152936205,0.0,0.0,-7.574419129162527,1.3644985246947359,-8.728400358568265,-3.7612918449460335,7
ladder|fixed10|trail40|24h|100bps,ladder,fixed10,40,24,100,>24h,signal,42,-1.9121188340886008,-11.0,-18.301572132110593,-11.0,-11.0,-11.0,1.1565854251384735,3.4231763839721663,28.917545390128986,79.46941429138181,0.0,0.0,0.0,-3.9529785663343784,2.0408597322457775,-8.435197432835897,4.8483979885394755,6
ladder|fixed10|trail40|24h|200bps,ladder,fixed10,40,24,200,4–24h,control,2007,-6.55188622115914,-12.0,-12.0,-12.0,-12.0,-12.0,-12.0,-12.0,39.662620925903255,85.01348876953125,0.005480817140009965,0.0,0.0,-8.170807028489728,1.6189208073305874,-9.309152488311312,-2.7141338283732788,6
ladder|fixed10|trail40|24h|200bps,ladder,fixed10,40,24,200,4–24h,signal,2,8.260734558105469,8.260734558105469,-9.973926544189453,-7.947853088378906,-1.8696327209472656,8.260734558105469,18.391101837158203,24.469322204589844,26.49539566040039,28.11625442504883,0.0,0.0,0.0,-12.0,20.26073455810547,,,2
ladder|fixed10|trail40|24h|200bps,ladder,fixed10,40,24,200,>24h,alert,4,-9.393273577094078,-12.0,-13.952241611480712,-13.607728385925293,-12.574188709259033,-12.0,-8.819084867835045,-3.093437629938123,-1.184888550639157,0.34195071280002276,0.0,0.0,0.0,-12.765584945678711,3.372311368584633,,,2
ladder|fixed10|trail40|24h|200bps,ladder,fixed10,40,24,200,>24h,control,7101,-7.209920604056804,-12.0,-12.0,-12.0,-12.0,-12.0,-12.0,2.092822313308716,19.331220626831055,81.00663757324219,0.008308688917053936,0.0,0.0,-8.574419127661914,1.3644985236051097,-9.728400359182945,-4.761291917202608,7
ladder|fixed10|trail40|24h|200bps,ladder,fixed10,40,24,200,>24h,signal,42,-2.9121188383017267,-12.0,-19.301572132110593,-12.0,-12.0,-12.0,0.1565854400396347,2.423176372051237,27.917545390128986,78.46941429138181,0.0,0.0,0.0,-4.952978570650264,2.040859732348537,-9.435197432835897,3.8483979885394755,6
ladder|fixed10|trail40|24h|300bps,ladder,fixed10,40,24,300,4–24h,control,2007,-7.551886222109488,-13.0,-13.0,-13.0,-13.0,-13.0,-13.0,-13.0,38.662620925903255,84.01348876953125,0.004484304932735426,0.0,0.0,-9.170807029451094,1.6189208073416061,-10.309152543571752,-3.7141338283732788,6
ladder|fixed10|trail40|24h|300bps,ladder,fixed10,40,24,300,4–24h,signal,2,7.260734558105469,7.260734558105469,-10.973926544189453,-8.947853088378906,-2.8696327209472656,7.260734558105469,17.391101837158203,23.469322204589844,25.49539566040039,27.11625442504883,0.0,0.0,0.0,-13.0,20.26073455810547,,,2
ladder|fixed10|trail40|24h|300bps,ladder,fixed10,40,24,300,>24h,alert,4,-10.393273577094078,-13.0,-14.952241611480712,-14.607728385925293,-13.574188709259033,-13.0,-9.819084867835045,-4.093437629938123,-2.1848885506391573,-0.6580492871999772,0.0,0.0,0.0,-13.765584945678711,3.372311368584633,,,2
ladder|fixed10|trail40|24h|300bps,ladder,fixed10,40,24,300,>24h,control,7101,-8.209920604012524,-13.0,-13.0,-13.0,-13.0,-13.0,-13.0,1.0928221940994263,18.331220626831055,80.00663757324219,0.008167863681171665,0.0,0.0,-9.574419127617178,1.364498523604654,-10.728400357953587,-5.7612919166403,7
ladder|fixed10|trail40|24h|300bps,ladder,fixed10,40,24,300,>24h,signal,42,-3.9121188343103444,-13.0,-20.301572132110593,-13.0,-13.0,-13.0,-0.8434145599603653,1.4231762692332248,26.917545402049914,77.46941429138181,0.0,0.0,0.0,-5.95297856656153,2.0408597322511857,-10.435197512308756,2.848397915179913,6
ladder|fixed10|trail40|72h|100bps,ladder,fixed10,40,72,100,4–24h,control,1932,-6.555697867588967,-11.0,-11.0,-11.0,-11.0,-11.0,-11.0,-11.0,41.894050788879376,86.01348876953125,0.006211180124223602,0.0,0.0,-8.250316276170622,1.694618408581655,-8.338138773903918,-4.299964868232104,6
ladder|fixed10|trail40|72h|100bps,ladder,fixed10,40,72,100,4–24h,signal,1,-11.0,-11.0,-11.0,-11.0,-11.0,-11.0,-11.0,-11.0,-11.0,-11.0,0.0,0.0,0.0,,,,,1
ladder|fixed10|trail40|72h|100bps,ladder,fixed10,40,72,100,>24h,alert,4,-11.574188709259033,-11.0,-12.952241611480712,-12.607728385925293,-11.574188709259033,-11.0,-11.0,-11.0,-11.0,-11.0,0.0,0.0,0.0,-13.296754837036133,1.7225661277770996,,,2
ladder|fixed10|trail40|72h|100bps,ladder,fixed10,40,72,100,>24h,control,6693,-8.26051443138732,-11.0,-12.292195320129393,-11.0,-11.0,-11.0,-11.0,-11.0,1.4295688867568794,79.52607971191405,0.0046317047661736145,0.0,0.0,-9.489733941017443,1.2292195096301235,-9.513309759524034,-6.487619179111553,7
ladder|fixed10|trail40|72h|100bps,ladder,fixed10,40,72,100,>24h,signal,29,-4.723562458465839,-11.0,-20.288889694213868,-12.537173080444333,-11.0,-11.0,-11.0,1.2841481447219845,46.36999917030319,80.19669006347655,0.0,0.0,0.0,-7.812372910124915,3.088810451659076,-13.087040100097656,6.296309232711792,6
ladder|fixed10|trail40|72h|200bps,ladder,fixed10,40,72,200,4–24h,control,1932,-7.555697863640005,-12.0,-12.0,-12.0,-12.0,-12.0,-12.0,-12.0,40.894050788879376,85.01348876953125,0.005693581780538302,0.0,0.0,-9.250316276170622,1.694618412530617,-9.338138773903918,-5.2999648112672135,6
ladder|fixed10|trail40|72h|200bps,ladder,fixed10,40,72,200,4–24h,signal,1,-12.0,-12.0,-12.0,-12.0,-12.0,-12.0,-12.0,-12.0,-12.0,-12.0,0.0,0.0,0.0,,,,,1
ladder|fixed10|trail40|72h|200bps,ladder,fixed10,40,72,200,>24h,alert,4,-12.574188709259033,-12.0,-13.952241611480712,-13.607728385925293,-12.574188709259033,-12.0,-12.0,-12.0,-12.0,-12.0,0.0,0.0,0.0,-14.296754837036133,1.7225661277770996,,,2
ladder|fixed10|trail40|72h|200bps,ladder,fixed10,40,72,200,>24h,control,6693,-9.26051443062186,-12.0,-13.292195320129393,-12.0,-12.0,-12.0,-12.0,-12.0,0.4295688271522347,78.52607971191405,0.004332885103839832,0.0,0.0,-10.489733940244244,1.229219509622384,-10.513309596674384,-7.487619417375214,7
ladder|fixed10|trail40|72h|200bps,ladder,fixed10,40,72,200,>24h,signal,29,-5.7235624615488385,-12.0,-21.288889694213868,-13.537173080444333,-12.0,-12.0,-12.0,0.2841481089591976,45.369999146461325,79.19669006347655,0.0,0.0,0.0,-8.81237291331802,3.0888104517691817,-14.087040100097656,5.296309232711792,6
ladder|fixed10|trail40|72h|300bps,ladder,fixed10,40,72,300,4–24h,control,1932,-8.555697864627247,-13.0,-13.0,-13.0,-13.0,-13.0,-13.0,-13.0,39.894050788879376,84.01348876953125,0.004658385093167702,0.0,0.0,-10.250316277169757,1.6946184125425106,-10.338138773903918,-6.299964814863864,6
ladder|fixed10|trail40|72h|300bps,ladder,fixed10,40,72,300,4–24h,signal,1,-13.0,-13.0,-13.0,-13.0,-13.0,-13.0,-13.0,-13.0,-13.0,-13.0,0.0,0.0,0.0,,,,,1
ladder|fixed10|trail40|72h|300bps,ladder,fixed10,40,72,300,>24h,alert,4,-13.574188709259033,-13.0,-14.952241611480712,-14.607728385925293,-13.574188709259033,-13.0,-13.0,-13.0,-13.0,-13.0,0.0,0.0,0.0,-15.296754837036133,1.7225661277770996,,,2
ladder|fixed10|trail40|72h|300bps,ladder,fixed10,40,72,300,>24h,control,6693,-10.260514430032218,-13.0,-14.292195320129393,-13.0,-13.0,-13.0,-13.0,-13.0,-0.5704311728477653,77.52607971191405,0.004332885103839832,0.0,0.0,-11.489733940800074,1.2292195107678552,-11.513309596674384,-8.487619417375214,7
ladder|fixed10|trail40|72h|300bps,ladder,fixed10,40,72,300,>24h,signal,29,-6.7235624615488385,-13.0,-22.288889694213868,-14.537173080444333,-13.0,-13.0,-13.0,-0.7158519089221957,44.36999915838226,78.19669006347655,0.0,0.0,0.0,-9.81237291331802,3.0888104517691817,-15.087040100097656,4.296309232711792,6
ladder|fixed20|trail40|168h|100bps,ladder,fixed20,40,168,100,4–24h,control,1891,-12.61489700325452,-21.0,-21.0,-21.0,-21.0,-21.0,-21.0,-21.0,52.82925033569336,101.64104385375967,0.012162876784769964,0.0005288207297726071,0.0,-14.644314366528112,2.029417363273593,-17.31741979343821,-6.1746317346501955,6
ladder|fixed20|trail40|168h|100bps,ladder,fixed20,40,168,100,4–24h,signal,1,-21.0,-21.0,-21.0,-21.0,-21.0,-21.0,-21.0,-21.0,-21.0,-21.0,0.0,0.0,0.0,,,,,1
ladder|fixed20|trail40|168h|100bps,ladder,fixed20,40,168,100,>24h,alert,2,-21.0,-21.0,-21.0,-21.0,-21.0,-21.0,-21.0,-21.0,-21.0,-21.0,0.0,0.0,0.0,,,,,2
ladder|fixed20|trail40|168h|100bps,ladder,fixed20,40,168,100,>24h,control,4849,-10.588165496791557,-21.0,-21.0,-21.0,-21.0,-21.0,-21.0,44.92026138305662,71.55648956298823,133.99427734374947,0.016910703237780985,0.0,0.0,-12.31478349963824,1.726618002846683,-16.400519379152012,-4.478939889491289,6
ladder|fixed20|trail40|168h|100bps,ladder,fixed20,40,168,100,>24h,signal,17,-9.528660942526425,-21.0,-22.28550910949707,-21.463350296020508,-21.0,-21.0,-21.0,17.86748046875003,77.28758697509765,80.86802154541016,0.0,0.0,0.0,-15.234397888183594,5.7057369456571685,-21.686496173010934,7.536149161202567,5
ladder|fixed20|trail40|168h|200bps,ladder,fixed20,40,168,200,4–24h,control,1891,-13.614897000228583,-22.0,-22.0,-22.0,-22.0,-22.0,-22.0,-22.0,51.82925033569336,100.64104385375967,0.011634056054997356,0.0005288207297726071,0.0,-15.644314367546995,2.0294173673184126,-18.31741979343821,-7.1746317346501955,6
ladder|fixed20|trail40|168h|200bps,ladder,fixed20,40,168,200,4–24h,signal,1,-22.0,-22.0,-22.0,-22.0,-22.0,-22.0,-22.0,-22.0,-22.0,-22.0,0.0,0.0,0.0,,,,,1
ladder|fixed20|trail40|168h|200bps,ladder,fixed20,40,168,200,>24h,alert,2,-22.0,-22.0,-22.0,-22.0,-22.0,-22.0,-22.0,-22.0,-22.0,-22.0,0.0,0.0,0.0,,,,,2
ladder|fixed20|trail40|168h|200bps,ladder,fixed20,40,168,200,>24h,control,4849,-11.588165494038115,-22.0,-22.0,-22.0,-22.0,-22.0,-22.0,43.92026138305662,70.55648956298823,132.99427734374947,0.016498247061249742,0.0,0.0,-13.31478349685669,1.726618002818574,-17.40051934579654,-5.478939864435807,6
ladder|fixed20|trail40|168h|200bps,ladder,fixed20,40,168,200,>24h,signal,17,-10.528660942526425,-22.0,-23.28550910949707,-22.463350296020508,-22.0,-22.0,-22.0,16.86748046875003,76.28758697509765,79.86802154541016,0.0,0.0,0.0,-16.234397888183594,5.7057369456571685,-22.686496173010934,6.536149161202567,5
ladder|fixed20|trail40|168h|300bps,ladder,fixed20,40,168,300,4–24h,control,1891,-14.614897002245874,-23.0,-23.0,-23.0,-23.0,-23.0,-23.0,-23.0,50.82925033569336,99.64104385375967,0.010047593865679535,0.0005288207297726071,0.0,-16.64431436958476,2.029417367338885,-19.31741979343821,-8.174631734650196,6
ladder|fixed20|trail40|168h|300bps,ladder,fixed20,40,168,300,4–24h,signal,1,-23.0,-23.0,-23.0,-23.0,-23.0,-23.0,-23.0,-23.0,-23.0,-23.0,0.0,0.0,0.0,,,,,1
ladder|fixed20|trail40|168h|300bps,ladder,fixed20,40,168,300,>24h,alert,2,-23.0,-23.0,-23.0,-23.0,-23.0,-23.0,-23.0,-23.0,-23.0,-23.0,0.0,0.0,0.0,,,,,2
ladder|fixed20|trail40|168h|300bps,ladder,fixed20,40,168,300,>24h,control,4849,-12.588165492858069,-23.0,-23.0,-23.0,-23.0,-23.0,-23.0,42.92026138305662,69.55648956298823,131.99427734374947,0.016498247061249742,0.0,0.0,-14.314783495664596,1.7266180028065268,-18.40051934579654,-6.478939864435807,6
ladder|fixed20|trail40|168h|300bps,ladder,fixed20,40,168,300,>24h,signal,17,-11.528660942526425,-23.0,-24.28550910949707,-23.463350296020508,-23.0,-23.0,-23.0,15.867480468750031,75.28758697509765,78.86802154541016,0.0,0.0,0.0,-17.234397888183594,5.7057369456571685,-23.686496173010934,5.536149161202567,5
ladder|fixed20|trail40|24h|100bps,ladder,fixed20,40,24,100,4–24h,control,1966,-11.359001833934144,-21.0,-21.0,-21.0,-21.0,-21.0,-21.0,21.24104118347168,51.860920906066895,101.35394134521482,0.011698880976602238,0.000508646998982706,0.0,-13.3569988425197,1.9979970085855552,-17.31741979343821,-3.046726551275144,6
ladder|fixed20|trail40|24h|100bps,ladder,fixed20,40,24,100,4–24h,signal,2,4.260734558105469,4.260734558105469,-18.473926544189453,-15.947853088378906,-8.369632720947266,4.260734558105469,16.891101837158203,24.469322204589844,26.995395660400387,29.016254425048828,0.0,0.0,0.0,-21.0,25.26073455810547,,,2
ladder|fixed20|trail40|24h|100bps,ladder,fixed20,40,24,100,>24h,alert,4,-13.527301996946335,-17.416434288024902,-21.0,-21.0,-21.0,-17.416434288024902,-9.943736284971237,-2.943298161029813,-0.6098187863826805,1.2569647133350332,0.0,0.0,0.0,-18.6109561920166,5.083654195070267,,,2
ladder|fixed20|trail40|24h|100bps,ladder,fixed20,40,24,100,>24h,control,6063,-5.536463262900889,-21.0,-21.0,-21.0,-21.0,-21.0,-0.47712332010269165,40.688889312744145,66.6269721984862,128.09717544555667,0.022761009401286492,0.0,0.0,-7.180613017853802,1.6441497549529132,-12.940996876232065,1.1207390505437504,7
ladder|fixed20|trail40|24h|100bps,ladder,fixed20,40,24,100,>24h,signal,30,0.020437826154132685,0.2907169973477721,-21.196664905548097,-21.0,-18.388548374176025,0.2907169973477721,1.7227610647678375,8.01481757164005,55.45898857116686,80.14074577331543,0.0,0.0,0.0,-2.7982757035642862,2.8187135297184187,-8.709716235890108,10.5692757316998,5
ladder|fixed20|trail40|24h|200bps,ladder,fixed20,40,24,200,4–24h,control,1966,-12.359001831508726,-22.0,-22.0,-22.0,-22.0,-22.0,-22.0,20.24104118347168,50.860920906066895,100.35394134521482,0.011190233977619531,0.000508646998982706,0.0,-14.356998843989906,1.9979970124811803,-18.31741979343821,-4.046726551275143,6
ladder|fixed20|trail40|24h|200bps,ladder,fixed20,40,24,200,4–24h,signal,2,3.2607345581054688,3.2607345581054688,-19.473926544189453,-16.947853088378906,-9.369632720947266,3.2607345581054688,15.891101837158203,23.469322204589844,25.995395660400387,28.016254425048828,0.0,0.0,0.0,-22.0,25.26073455810547,,,2
ladder|fixed20|trail40|24h|200bps,ladder,fixed20,40,24,200,>24h,alert,4,-14.527302011847496,-18.416434288024902,-22.0,-22.0,-22.0,-18.416434288024902,-10.943736299872398,-3.9432982027530645,-1.6098188370466286,0.25696465551852793,0.0,0.0,0.0,-19.6109561920166,5.0836541801691055,,,2
ladder|fixed20|trail40|24h|200bps,ladder,fixed20,40,24,200,>24h,control,6063,-6.536463262855786,-22.0,-22.0,-22.0,-22.0,-22.0,-1.4771233797073364,39.688889312744145,65.6269721984862,127.09717834472659,0.02243113969981857,0.0,0.0,-8.180613016537098,1.6441497536813117,-13.940996876232065,0.12073882623293772,7
ladder|fixed20|trail40|24h|200bps,ladder,fixed20,40,24,200,>24h,signal,30,-0.9795621797442436,-0.7092829942703247,-22.196664905548097,-22.0,-19.388548374176025,-0.7092829942703247,0.7227610573172569,7.01481757164005,54.45898857116686,79.14074577331543,0.0,0.0,0.0,-3.7982757096660547,2.818713529921811,-9.709716235890108,9.5692757316998,5
ladder|fixed20|trail40|24h|300bps,ladder,fixed20,40,24,300,4–24h,control,1966,-13.35900183344906,-23.0,-23.0,-23.0,-23.0,-23.0,-23.0,19.24104118347168,49.860920906066895,99.35394134521482,0.009664292980671414,0.000508646998982706,0.0,-15.356998845950182,1.9979970125011217,-19.31741979343821,-5.046726656508172,6
ladder|fixed20|trail40|24h|300bps,ladder,fixed20,40,24,300,4–24h,signal,2,2.2607345581054688,2.2607345581054688,-20.473926544189453,-17.947853088378906,-10.369632720947266,2.2607345581054688,14.891101837158203,22.469322204589844,24.995395660400387,27.016254425048828,0.0,0.0,0.0,-23.0,25.26073455810547,,,2
ladder|fixed20|trail40|24h|300bps,ladder,fixed20,40,24,300,>24h,alert,4,-15.527302011847496,-19.416434288024902,-23.0,-23.0,-23.0,-19.416434288024902,-11.943736299872398,-4.9432982027530645,-2.6098188370466286,-0.7430353444814721,0.0,0.0,0.0,-20.6109561920166,5.0836541801691055,,,2
ladder|fixed20|trail40|24h|300bps,ladder,fixed20,40,24,300,>24h,control,6063,-7.536463261933892,-23.0,-23.0,-23.0,-23.0,-23.0,-2.477123260498047,38.688889312744145,64.6269721984862,126.09717834472659,0.02193633514761669,0.0,0.0,-9.180613015605834,1.6441497536719423,-14.940996876232065,-0.8792611190306001,7
ladder|fixed20|trail40|24h|300bps,ladder,fixed20,40,24,300,>24h,signal,30,-1.979562174156308,-1.7092829942703247,-23.196664905548097,-23.0,-20.388548374176025,-1.7092829942703247,-0.27723895013332367,6.014817786216771,53.45898857116686,78.14074577331543,0.0,0.0,0.0,-4.798275703885432,2.818713529729124,-10.709716235890108,8.569275093646269,5
ladder|fixed20|trail40|72h|100bps,ladder,fixed20,40,72,100,4–24h,control,1891,-12.61489700325452,-21.0,-21.0,-21.0,-21.0,-21.0,-21.0,-21.0,52.82925033569336,101.64104385375967,0.012162876784769964,0.0005288207297726071,0.0,-14.644314366528112,2.029417363273593,-17.31741979343821,-6.1746317346501955,6
ladder|fixed20|trail40|72h|100bps,ladder,fixed20,40,72,100,4–24h,signal,1,-21.0,-21.0,-21.0,-21.0,-21.0,-21.0,-21.0,-21.0,-21.0,-21.0,0.0,0.0,0.0,,,,,1
ladder|fixed20|trail40|72h|100bps,ladder,fixed20,40,72,100,>24h,alert,2,-21.0,-21.0,-21.0,-21.0,-21.0,-21.0,-21.0,-21.0,-21.0,-21.0,0.0,0.0,0.0,,,,,2
ladder|fixed20|trail40|72h|100bps,ladder,fixed20,40,72,100,>24h,control,5309,-9.445168153505284,-21.0,-21.0,-21.0,-21.0,-21.0,-21.0,42.103492736816406,70.00270996093748,129.14505310058598,0.01544546995667734,0.0,0.0,-11.146026150904753,1.7008579973994689,-14.870603471874462,-3.887306990745946,7
ladder|fixed20|trail40|72h|100bps,ladder,fixed20,40,72,100,>24h,signal,20,-8.045973140001298,-21.0,-21.78788995742798,-21.38401699066162,-21.0,-21.0,-16.19784289598465,9.121621668338882,76.44842262268067,80.70018867492675,0.0,0.0,0.0,-12.772768052000748,4.72679491199945,-21.686377207438152,6.370208740234375,5
ladder|fixed20|trail40|72h|200bps,ladder,fixed20,40,72,200,4–24h,control,1891,-13.614897000228583,-22.0,-22.0,-22.0,-22.0,-22.0,-22.0,-22.0,51.82925033569336,100.64104385375967,0.011634056054997356,0.0005288207297726071,0.0,-15.644314367546995,2.0294173673184126,-18.31741979343821,-7.1746317346501955,6
ladder|fixed20|trail40|72h|200bps,ladder,fixed20,40,72,200,4–24h,signal,1,-22.0,-22.0,-22.0,-22.0,-22.0,-22.0,-22.0,-22.0,-22.0,-22.0,0.0,0.0,0.0,,,,,1
ladder|fixed20|trail40|72h|200bps,ladder,fixed20,40,72,200,>24h,alert,2,-22.0,-22.0,-22.0,-22.0,-22.0,-22.0,-22.0,-22.0,-22.0,-22.0,0.0,0.0,0.0,,,,,2
ladder|fixed20|trail40|72h|200bps,ladder,fixed20,40,72,200,>24h,control,5309,-10.445168151141804,-22.0,-22.0,-22.0,-22.0,-22.0,-22.0,41.103492736816406,69.00270996093748,128.14505249023443,0.015068751177246186,0.0,0.0,-12.146026148516986,1.7008579973751825,-15.87060347228888,-4.887306958535604,7
ladder|fixed20|trail40|72h|200bps,ladder,fixed20,40,72,200,>24h,signal,20,-9.045973144471645,-22.0,-22.78788995742798,-22.38401699066162,-22.0,-22.0,-17.19784289598465,8.121621614694702,75.44842262268067,79.70018867492675,0.0,0.0,0.0,-13.772768056706377,4.726794912234732,-22.686377207438152,5.370208740234375,5
ladder|fixed20|trail40|72h|300bps,ladder,fixed20,40,72,300,4–24h,control,1891,-14.614897002245874,-23.0,-23.0,-23.0,-23.0,-23.0,-23.0,-23.0,50.82925033569336,99.64104385375967,0.010047593865679535,0.0005288207297726071,0.0,-16.64431436958476,2.029417367338885,-19.31741979343821,-8.174631734650196,6
ladder|fixed20|trail40|72h|300bps,ladder,fixed20,40,72,300,4–24h,signal,1,-23.0,-23.0,-23.0,-23.0,-23.0,-23.0,-23.0,-23.0,-23.0,-23.0,0.0,0.0,0.0,,,,,1
ladder|fixed20|trail40|72h|300bps,ladder,fixed20,40,72,300,>24h,alert,2,-23.0,-23.0,-23.0,-23.0,-23.0,-23.0,-23.0,-23.0,-23.0,-23.0,0.0,0.0,0.0,,,,,2
ladder|fixed20|trail40|72h|300bps,ladder,fixed20,40,72,300,>24h,control,5309,-11.445168149572554,-23.0,-23.0,-23.0,-23.0,-23.0,-23.0,40.103492736816406,68.00270996093748,127.1450595092774,0.015068751177246186,0.0,0.0,-13.146026148383447,1.7008579988108927,-16.87060347228888,-5.887306958535604,7
ladder|fixed20|trail40|72h|300bps,ladder,fixed20,40,72,300,>24h,signal,20,-10.045973144471645,-23.0,-23.78788995742798,-23.38401699066162,-23.0,-23.0,-18.19784289598465,7.121621641516791,74.44842262268067,78.70018867492675,0.0,0.0,0.0,-14.772768056706377,4.726794912234732,-23.686377207438152,4.370208740234375,5
ladder|support|trail40|168h|100bps,ladder,support,40,168,100,4–24h,control,1361,-15.311519300998965,-19.504499435424805,-84.22309112548828,-65.31900024414062,-44.03907775878906,-19.504499435424805,-6.495700836181641,43.84389114379883,58.62181091308594,262.5463562011719,0.03232916972814107,0.0,0.0,-22.001851893978248,6.690332592979283,-26.952894907254088,3.3175512182483122,6
ladder|support|trail40|168h|100bps,ladder,support,40,168,100,4–24h,signal,1,-6.635998725891113,-6.635998725891113,-6.635998725891113,-6.635998725891113,-6.635998725891113,-6.635998725891113,-6.635998725891113,-6.635998725891113,-6.635998725891113,-6.635998725891113,0.0,0.0,0.0,,,,,1
ladder|support|trail40|168h|100bps,ladder,support,40,168,100,>24h,alert,4,-8.643020153045654,-8.093180418014526,-12.628268814086914,-11.959782791137695,-9.954324722290039,-8.093180418014526,-6.781875848770142,-5.7661293029785154,-5.427547121047974,-5.156681375503541,0.0,0.0,0.0,-9.827705224355062,1.1846850713094081,,,2
ladder|support|trail40|168h|100bps,ladder,support,40,168,100,>24h,control,5947,-6.285181610789122,-7.561302661895752,-35.366140365600586,-25.567752075195312,-14.931333541870117,-7.561302661895752,-3.459863543510437,-1.3385949134826622,49.753178024291984,92.61810272216796,0.007734992433159576,0.0,0.0,-7.532740302314291,1.2475586915251693,-11.272047446353133,-2.4807401386306265,6
ladder|support|trail40|168h|100bps,ladder,support,40,168,100,>24h,signal,39,-7.363493350835947,-6.825036525726318,-11.54013786315918,-8.705837821960449,-7.847325325012207,-6.825036525726318,-5.387332916259766,-4.764182758331299,-4.717791032791138,-2.8212673521041944,0.0,0.0,0.0,-7.512447332081042,0.14895398124509462,-8.572154749994693,-5.986699337429471,6
ladder|support|trail40|168h|200bps,ladder,support,40,168,200,4–24h,control,1361,-16.31151928348107,-20.504499435424805,-85.22309112548828,-66.31900024414062,-45.03907775878906,-20.504499435424805,-7.495700836181641,42.84389114379883,57.62181091308594,261.5463562011719,0.03232916972814107,0.0,0.0,-23.00185187603855,6.690332592557482,-27.952894907254088,2.3175512182483122,6
ladder|support|trail40|168h|200bps,ladder,support,40,168,200,4–24h,signal,1,-7.635998725891113,-7.635998725891113,-7.635998725891113,-7.635998725891113,-7.635998725891113,-7.635998725891113,-7.635998725891113,-7.635998725891113,-7.635998725891113,-7.635998725891113,0.0,0.0,0.0,,,,,1
ladder|support|trail40|168h|200bps,ladder,support,40,168,200,>24h,alert,4,-9.643020272254944,-9.093180656433105,-13.628268814086914,-12.959782791137695,-10.954324722290039,-9.093180656433105,-7.78187620639801,-6.766129446029662,-6.427547192573548,-6.156681389808655,0.0,0.0,0.0,-10.827705383300781,1.1846851110458374,,,2
ladder|support|trail40|168h|200bps,ladder,support,40,168,200,>24h,control,5947,-7.285181605036126,-8.561302185058594,-36.366140365600586,-26.567752075195312,-15.931333541870117,-8.561302185058594,-4.4598634243011475,-2.3385948657989464,48.753178024291984,91.61810272216796,0.007230536404910039,0.0,0.0,-8.532740297798634,1.2475586927625084,-12.27204797123634,-3.4807401386306265,6
ladder|support|trail40|168h|200bps,ladder,support,40,168,200,>24h,signal,39,-8.363493326382759,-7.825036525726318,-12.54013786315918,-9.705837821960449,-8.847325325012207,-7.825036525726318,-6.387332916259766,-5.764182758331299,-5.717791032791138,-3.8212673521041944,0.0,0.0,0.0,-8.512447306984349,0.14895398060158982,-9.572154749994693,-6.986699337429471,6
ladder|support|trail40|168h|300bps,ladder,support,40,168,300,4–24h,control,1361,-17.311519276999448,-21.504499435424805,-86.22309112548828,-67.31900024414062,-46.03907775878906,-21.504499435424805,-8.49570083618164,41.84389114379883,56.62181091308594,260.5463562011719,0.03159441587068332,0.0,0.0,-24.001851869400863,6.690332592401415,-28.952894907254088,1.3175512182483125,6
ladder|support|trail40|168h|300bps,ladder,support,40,168,300,4–24h,signal,1,-8.635998725891113,-8.635998725891113,-8.635998725891113,-8.635998725891113,-8.635998725891113,-8.635998725891113,-8.635998725891113,-8.635998725891113,-8.635998725891113,-8.635998725891113,0.0,0.0,0.0,,,,,1
ladder|support|trail40|168h|300bps,ladder,support,40,168,300,>24h,alert,4,-10.643020272254944,-10.093180656433105,-14.628268814086914,-13.959782791137695,-11.954324722290039,-10.093180656433105,-8.78187620639801,-7.766129446029662,-7.427547192573548,-7.156681389808655,0.0,0.0,0.0,-11.827705383300781,1.1846851110458374,,,2
ladder|support|trail40|168h|300bps,ladder,support,40,168,300,>24h,control,5947,-8.285181602991507,-9.561302185058594,-37.366140365600586,-27.567752075195312,-16.9313325881958,-9.561302185058594,-5.4598634243011475,-3.3385948657989464,47.753178024291984,90.61810272216796,0.007230536404910039,0.0,0.0,-9.53274029702915,1.247558694037643,-13.27204797123634,-4.480739988089159,6
ladder|support|trail40|168h|300bps,ladder,support,40,168,300,>24h,signal,39,-9.363493301929571,-8.82503604888916,-13.54013786315918,-10.705837821960449,-9.847325325012207,-8.82503604888916,-7.387332916259766,-6.764182758331299,-6.717791032791138,-4.821267352104194,0.0,0.0,0.0,-9.512447281887656,0.14895397995808501,-10.572154749994693,-7.986699337429471,6
ladder|support|trail40|24h|100bps,ladder,support,40,24,100,4–24h,control,1436,-12.750818127833702,-17.409067153930664,-83.2466812133789,-63.58040237426758,-41.91913986206055,-17.409067153930664,-3.8960529565811157,42.78805923461914,57.44738006591797,262.5463562011719,0.03064066852367688,0.0,0.0,-19.025397599719867,6.274579471886165,-26.193147830327895,7.983268211484926,6
ladder|support|trail40|24h|100bps,ladder,support,40,24,100,4–24h,signal,2,11.442735195159912,11.442735195159912,-4.82812533378601,-3.020251941680908,2.4033682346343994,11.442735195159912,20.482102155685425,25.90572233200073,27.713595724105833,29.159894437789916,0.0,0.0,0.0,-6.635998725891113,18.078733921051025,,,2
ladder|support|trail40|24h|100bps,ladder,support,40,24,100,>24h,alert,4,-6.002059668302536,-6.217572212219238,-12.40416853427887,-11.511582231521606,-8.833823323249817,-6.217572212219238,-3.3858085572719574,-0.3201270699501024,0.7017667591571783,1.5192818224430067,0.0,0.0,0.0,-8.57729975382487,2.575240085522333,,,2
ladder|support|trail40|24h|100bps,ladder,support,40,24,100,>24h,control,6518,-4.393632240973131,-6.371075868606567,-34.11220874786377,-24.47276458740234,-13.958767414093018,-6.371075868606567,-2.2801684141159058,14.11287727355959,47.33096160888669,111.68608421325683,0.014575023013194232,0.0,0.0,-5.788711033528436,1.3950787925553048,-8.252477277266763,-0.41782617914131187,7
ladder|support|trail40|24h|100bps,ladder,support,40,24,100,>24h,signal,48,-4.404835325083695,-5.84941840171814,-8.84506721496582,-8.5233811378479,-7.53494918346405,-5.84941840171814,-1.271653760690242,1.4925372481346153,3.097058153152464,18.58913870334628,0.0,0.0,0.0,-5.1399832599736905,0.7351479348899952,-6.493079765170228,-2.3341161550702365,6
ladder|support|trail40|24h|200bps,ladder,support,40,24,200,4–24h,control,1436,-13.75081811181184,-18.409067153930664,-84.2466812133789,-64.58040237426758,-42.91913986206055,-18.409067153930664,-4.896052718162537,41.78805923461914,56.44738006591797,261.5463562011719,0.03064066852367688,0.0,0.0,-20.025397583332836,6.274579471520996,-27.193147830327895,6.983268211484926,6
ladder|support|trail40|24h|200bps,ladder,support,40,24,200,4–24h,signal,2,10.442735195159912,10.442735195159912,-5.82812533378601,-4.0202519416809075,1.4033682346343994,10.442735195159912,19.482102155685425,24.90572233200073,26.713595724105833,28.159894437789916,0.0,0.0,0.0,-7.635998725891113,18.078733921051025,,,2
ladder|support|trail40|24h|200bps,ladder,support,40,24,200,>24h,alert,4,-7.002059802412987,-7.217572450637817,-13.404168605804443,-12.511582374572754,-9.833823680877686,-7.217572450637817,-4.385808572173119,-1.320127111673354,-0.2982332915067698,0.5192817646265013,0.0,0.0,0.0,-9.57729991277059,2.575240110357603,,,2
ladder|support|trail40|24h|200bps,ladder,support,40,24,200,>24h,control,6518,-5.393632239379342,-7.371075868606567,-35.11220874786377,-25.47276458740234,-14.958767414093018,-7.371075868606567,-3.2801684141159058,13.11287727355959,46.33096160888669,110.68608421325683,0.014268180423442774,0.0,0.0,-6.788711030735858,1.3950787913565152,-9.252477278408596,-1.4178261793952818,7
ladder|support|trail40|24h|200bps,ladder,support,40,24,200,>24h,signal,48,-5.404835310143729,-6.84941840171814,-9.84506721496582,-9.5233811378479,-8.53494930267334,-6.84941840171814,-2.2716537564992905,0.49253722727298954,2.0970581114292126,17.58913870334628,0.0,0.0,0.0,-6.139983244715853,0.7351479345721241,-7.493079839968214,-3.334116250437668,6
ladder|support|trail40|24h|300bps,ladder,support,40,24,300,4–24h,control,1436,-14.750818105502713,-19.409067153930664,-85.2466812133789,-65.58040237426758,-43.91913986206055,-19.409067153930664,-5.896052718162537,40.78805923461914,55.44738006591797,260.5463562011719,0.029944289693593314,0.0,0.0,-21.02539757687991,6.274579471377198,-28.193147830327895,5.983268211484926,6
ladder|support|trail40|24h|300bps,ladder,support,40,24,300,4–24h,signal,2,9.442735195159912,9.442735195159912,-6.82812533378601,-5.0202519416809075,0.4033682346343994,9.442735195159912,18.482102155685425,23.90572233200073,25.713595724105833,27.159894437789916,0.0,0.0,0.0,-8.635998725891113,18.078733921051025,,,2
ladder|support|trail40|24h|300bps,ladder,support,40,24,300,>24h,alert,4,-8.002059802412987,-8.217572450637817,-14.404168605804443,-13.511582374572754,-10.833823680877686,-8.217572450637817,-5.385808572173119,-2.320127111673354,-1.2982332915067698,-0.48071823537349867,0.0,0.0,0.0,-10.57729991277059,2.575240110357603,,,2
ladder|support|trail40|24h|300bps,ladder,support,40,24,300,>24h,control,6518,-6.393632238687941,-8.371076107025146,-36.11220874786377,-26.47276458740234,-15.958767414093018,-8.371076107025146,-4.280168652534485,12.11287727355959,45.33096160888669,109.68608421325683,0.013807916538815588,0.0,0.0,-7.788711030037383,1.3950787913494427,-10.252477276124933,-2.4178261301251127,7
ladder|support|trail40|24h|300bps,ladder,support,40,24,300,>24h,signal,48,-6.404835287791987,-7.84941840171814,-10.84506721496582,-10.5233811378479,-9.53494930267334,-7.84941840171814,-3.2716537714004517,-0.5074627935886361,1.0970580495893936,16.58913881540301,0.0,0.0,0.0,-7.139983221888542,0.7351479340965552,-8.493079839968214,-4.334116250437669,6
ladder|support|trail40|72h|100bps,ladder,support,40,72,100,4–24h,control,1361,-15.311519300998965,-19.504499435424805,-84.22309112548828,-65.31900024414062,-44.03907775878906,-19.504499435424805,-6.495700836181641,43.84389114379883,58.62181091308594,262.5463562011719,0.03232916972814107,0.0,0.0,-22.001851893978248,6.690332592979283,-26.952894907254088,3.3175512182483122,6
ladder|support|trail40|72h|100bps,ladder,support,40,72,100,4–24h,signal,1,-6.635998725891113,-6.635998725891113,-6.635998725891113,-6.635998725891113,-6.635998725891113,-6.635998725891113,-6.635998725891113,-6.635998725891113,-6.635998725891113,-6.635998725891113,0.0,0.0,0.0,,,,,1
ladder|support|trail40|72h|100bps,ladder,support,40,72,100,>24h,alert,4,-8.643020153045654,-8.093180418014526,-12.628268814086914,-11.959782791137695,-9.954324722290039,-8.093180418014526,-6.781875848770142,-5.7661293029785154,-5.427547121047974,-5.156681375503541,0.0,0.0,0.0,-9.827705224355062,1.1846850713094081,,,2
ladder|support|trail40|72h|100bps,ladder,support,40,72,100,>24h,control,6047,-5.746056114334064,-7.383359432220459,-34.890771484375,-25.3743896484375,-14.627817630767822,-7.383359432220459,-3.293373227119446,-1.1457645893096924,53.79130935668945,95.62217544555664,0.008433934182239127,0.0,0.0,-7.000918626078307,1.2548625117442427,-10.885559835958343,-1.3995461724823335,7
ladder|support|trail40|72h|100bps,ladder,support,40,72,100,>24h,signal,39,-7.363493350835947,-6.825036525726318,-11.54013786315918,-8.705837821960449,-7.847325325012207,-6.825036525726318,-5.387332916259766,-4.764182758331299,-4.717791032791138,-2.8212673521041944,0.0,0.0,0.0,-7.512447332081042,0.14895398124509462,-8.572154749994693,-5.986699337429471,6
ladder|support|trail40|72h|200bps,ladder,support,40,72,200,4–24h,control,1361,-16.31151928348107,-20.504499435424805,-85.22309112548828,-66.31900024414062,-45.03907775878906,-20.504499435424805,-7.495700836181641,42.84389114379883,57.62181091308594,261.5463562011719,0.03232916972814107,0.0,0.0,-23.00185187603855,6.690332592557482,-27.952894907254088,2.3175512182483122,6
ladder|support|trail40|72h|200bps,ladder,support,40,72,200,4–24h,signal,1,-7.635998725891113,-7.635998725891113,-7.635998725891113,-7.635998725891113,-7.635998725891113,-7.635998725891113,-7.635998725891113,-7.635998725891113,-7.635998725891113,-7.635998725891113,0.0,0.0,0.0,,,,,1
ladder|support|trail40|72h|200bps,ladder,support,40,72,200,>24h,alert,4,-9.643020272254944,-9.093180656433105,-13.628268814086914,-12.959782791137695,-10.954324722290039,-9.093180656433105,-7.78187620639801,-6.766129446029662,-6.427547192573548,-6.156681389808655,0.0,0.0,0.0,-10.827705383300781,1.1846851110458374,,,2
ladder|support|trail40|72h|200bps,ladder,support,40,72,200,>24h,control,6047,-6.746056108106971,-8.383359909057617,-35.890771484375,-26.3743896484375,-15.627817630767822,-8.383359909057617,-4.293373346328735,-2.1457645893096924,52.79130935668945,94.62217544555664,0.007937820406813297,0.0,0.0,-8.000918621062297,1.2548625129553264,-11.885559493483388,-2.399546173090835,7
ladder|support|trail40|72h|200bps,ladder,support,40,72,200,>24h,signal,39,-8.363493326382759,-7.825036525726318,-12.54013786315918,-9.705837821960449,-8.847325325012207,-7.825036525726318,-6.387332916259766,-5.764182758331299,-5.717791032791138,-3.8212673521041944,0.0,0.0,0.0,-8.512447306984349,0.14895398060158982,-9.572154749994693,-6.986699337429471,6
ladder|support|trail40|72h|300bps,ladder,support,40,72,300,4–24h,control,1361,-17.311519276999448,-21.504499435424805,-86.22309112548828,-67.31900024414062,-46.03907775878906,-21.504499435424805,-8.49570083618164,41.84389114379883,56.62181091308594,260.5463562011719,0.03159441587068332,0.0,0.0,-24.001851869400863,6.690332592401415,-28.952894907254088,1.3175512182483125,6
ladder|support|trail40|72h|300bps,ladder,support,40,72,300,4–24h,signal,1,-8.635998725891113,-8.635998725891113,-8.635998725891113,-8.635998725891113,-8.635998725891113,-8.635998725891113,-8.635998725891113,-8.635998725891113,-8.635998725891113,-8.635998725891113,0.0,0.0,0.0,,,,,1
ladder|support|trail40|72h|300bps,ladder,support,40,72,300,>24h,alert,4,-10.643020272254944,-10.093180656433105,-14.628268814086914,-13.959782791137695,-11.954324722290039,-10.093180656433105,-8.78187620639801,-7.766129446029662,-7.427547192573548,-7.156681389808655,0.0,0.0,0.0,-11.827705383300781,1.1846851110458374,,,2
ladder|support|trail40|72h|300bps,ladder,support,40,72,300,>24h,control,6047,-7.746056105199803,-9.383359909057617,-36.890771484375,-27.3743896484375,-16.627817153930664,-9.383359909057617,-5.293373346328735,-3.1457645893096924,51.79130935668945,93.62217544555664,0.007937820406813297,0.0,0.0,-9.000918619400043,1.2548625142002399,-12.885559493483388,-3.3995460757305604,7
ladder|support|trail40|72h|300bps,ladder,support,40,72,300,>24h,signal,39,-9.363493301929571,-8.82503604888916,-13.54013786315918,-10.705837821960449,-9.847325325012207,-8.82503604888916,-7.387332916259766,-6.764182758331299,-6.717791032791138,-4.821267352104194,0.0,0.0,0.0,-9.512447281887656,0.14895397995808501,-10.572154749994693,-7.986699337429471,6
