rule_id,day,trades,mean,median,p5,p10,p25,p50,p75,p90,p95,p99,share_ge_2x,share_ge_5x,share_ge_10x,mean_without_top_1pct,top_1pct_contribution
fat_tail|atr2|trail20|168h|100bps,2026-09-26,42,-2.6349990367889404,-2.6349990367889404,-2.6349990367889404,-2.6349990367889404,-2.6349990367889404,-2.6349990367889404,-2.6349990367889404,-2.6349990367889404,-2.6349990367889404,-2.6349990367889404,0.0,0.0,0.0,,
fat_tail|atr2|trail20|168h|100bps,2026-09-27,364,-3.2344106347351285,-8.16370677947998,-18.490271472930907,-17.399915313720705,-13.071290969848633,-8.16370677947998,-2.5570008754730225,11.609200382232665,34.68286380767822,82.52350616455078,0.0,0.0,0.0,-6.15797598016533,2.9235653454302013
fat_tail|atr2|trail20|168h|100bps,2026-09-28,2481,-6.025375338206507,-6.570258140563965,-20.845458984375,-17.602697372436523,-11.902141571044922,-6.570258140563965,-2.887390613555908,2.12787127494812,12.025598526000977,69.53529357910156,0.0008061265618702137,0.0,0.0,-7.019095313158547,0.9937199749520405
fat_tail|atr2|trail20|168h|100bps,2026-09-29,2144,-5.633352780271558,-7.063091278076172,-19.195420360565187,-17.270956802368165,-13.480232954025269,-7.063091278076172,-3.114995300769806,8.651408195495616,18.061582183837885,59.03598014831558,0.0,0.0,0.0,-6.381963602870239,0.748610822598681
fat_tail|atr2|trail20|168h|100bps,2026-09-30,1959,-2.4037433577037186,-6.256513595581055,-17.593830871582032,-15.525264739990234,-12.161520004272461,-6.256513595581055,-2.366105079650879,15.416498565673837,28.643115615844724,76.35587951660176,0.004594180704441042,0.0,0.0,-3.8104247863410095,1.4066814286372908
fat_tail|atr2|trail20|168h|100bps,2026-10-01,1952,-0.5472807887497646,-4.486877202987671,-18.95236110687256,-16.64157943725586,-9.750733852386475,-4.486877202987671,0.6463178992271423,20.13345832824708,29.288594436645504,84.27761848449708,0.004610655737704918,0.0,0.0,-1.8120425604745374,1.2647617717247728
fat_tail|atr2|trail20|168h|100bps,2026-10-02,1027,-4.916482139861224,-6.191617012023926,-20.675193786621094,-18.93222198486328,-13.18020248413086,-6.191617012023926,-3.006042957305908,5.994578075408933,27.441147804260194,73.80753662109376,0.006815968841285297,0.0,0.0,-6.069742390533953,1.1532602506727292
fat_tail|atr2|trail20|168h|200bps,2026-09-26,42,-3.6349990367889404,-3.6349990367889404,-3.6349990367889404,-3.6349990367889404,-3.6349990367889404,-3.6349990367889404,-3.6349990367889404,-3.6349990367889404,-3.6349990367889404,-3.6349990367889404,0.0,0.0,0.0,,
fat_tail|atr2|trail20|168h|200bps,2026-09-27,364,-4.234410635471999,-9.16370677947998,-19.490271472930907,-18.399915313720705,-14.071290969848633,-9.16370677947998,-3.5570008754730225,10.609200382232665,33.68286380767822,81.52350616455078,0.0,0.0,0.0,-7.157975980927321,2.923565345455322
fat_tail|atr2|trail20|168h|200bps,2026-09-28,2481,-7.025375336761474,-7.570258140563965,-21.845458984375,-18.602697372436523,-12.902141571044922,-7.570258140563965,-3.887390613555908,1.1278712749481201,11.025598526000977,68.53529357910156,0.0008061265618702137,0.0,0.0,-8.019095311696423,0.9937199749349492
fat_tail|atr2|trail20|168h|200bps,2026-09-29,2144,-6.633352766513699,-8.06309175491333,-20.195420360565187,-18.270956802368165,-14.480232954025269,-8.06309175491333,-4.114995241165161,7.651408672332773,17.061582183837885,58.03598014831558,0.0,0.0,0.0,-7.381963588969745,0.7486108224560457
fat_tail|atr2|trail20|168h|200bps,2026-09-30,1959,-3.4037433606650893,-7.256513595581055,-18.593830871582032,-16.525264739990234,-13.161520004272461,-7.256513595581055,-3.366105079650879,14.416498565673837,27.643115615844724,75.35587951660176,0.004594180704441042,0.0,0.0,-4.8104247893329255,1.4066814286678362
fat_tail|atr2|trail20|168h|200bps,2026-10-01,1952,-1.5472807918873723,-5.486877202987671,-19.95236110687256,-17.64157943725586,-10.750733852386475,-5.486877202987671,-0.35368210077285767,19.13345832824708,28.288594436645504,83.27761848449708,0.004098360655737705,0.0,0.0,-2.8120425636446256,1.2647617717572532
fat_tail|atr2|trail20|168h|200bps,2026-10-02,1027,-5.916482129264822,-7.191617012023926,-21.675193786621094,-19.93222198486328,-14.18020248413086,-7.191617012023926,-4.006042957305908,4.994578075408933,26.441147804260194,72.80753662109376,0.006815968841285297,0.0,0.0,-7.069742379822827,1.153260250558005
fat_tail|atr2|trail20|168h|300bps,2026-09-26,42,-4.6349992752075195,-4.6349992752075195,-4.6349992752075195,-4.6349992752075195,-4.6349992752075195,-4.6349992752075195,-4.6349992752075195,-4.6349992752075195,-4.6349992752075195,-4.6349992752075195,0.0,0.0,0.0,,
fat_tail|atr2|trail20|168h|300bps,2026-09-27,364,-5.234410630866558,-10.16370677947998,-20.490271472930907,-19.399915313720705,-15.071290969848633,-10.16370677947998,-4.5570008754730225,9.609200382232665,32.68286380767822,80.52350616455078,0.0,0.0,0.0,-8.157975976164876,2.923565345298318
fat_tail|atr2|trail20|168h|300bps,2026-09-28,2481,-8.025375338688685,-8.570258140563965,-22.845458984375,-19.602697372436523,-13.902141571044922,-8.570258140563965,-4.887390613555908,0.12787124514579773,10.025598526000977,67.53529357910156,0.0008061265618702137,0.0,0.0,-9.019095313646428,0.9937199749577434
fat_tail|atr2|trail20|168h|300bps,2026-09-29,2144,-7.6333527567574,-9.06309175491333,-21.195420360565187,-19.270956802368165,-15.480232954025269,-9.06309175491333,-5.114995241165161,6.651408672332773,16.061582183837885,57.03598014831558,0.0,0.0,0.0,-8.381963577314608,0.7486108205572073
fat_tail|atr2|trail20|168h|300bps,2026-09-30,1959,-4.403743342639553,-8.256513595581055,-19.593830871582032,-17.525264739990234,-14.161520004272461,-8.256513595581055,-4.366105079650879,13.416498565673837,26.643115615844724,74.35587951660176,0.00408371618172537,0.0,0.0,-5.810424771121462,1.4066814284819094
fat_tail|atr2|trail20|168h|300bps,2026-10-01,1952,-2.547280794846421,-6.486877202987671,-20.95236110687256,-18.64157943725586,-11.750733852386475,-6.486877202987671,-1.353682041168213,18.13345832824708,27.288594436645504,82.27761848449708,0.004098360655737705,0.0,0.0,-3.8120425666343056,1.2647617717878847
fat_tail|atr2|trail20|168h|300bps,2026-10-02,1027,-6.916482126947852,-8.191617012023926,-22.675193786621094,-20.93222198486328,-15.18020248413086,-8.191617012023926,-5.006042957305908,3.9945779323577852,25.441147804260194,71.80753662109376,0.006815968841285297,0.0,0.0,-8.06974237748077,1.1532602505329184
fat_tail|atr2|trail20|24h|100bps,2026-09-26,42,-2.6349990367889404,-2.6349990367889404,-2.6349990367889404,-2.6349990367889404,-2.6349990367889404,-2.6349990367889404,-2.6349990367889404,-2.6349990367889404,-2.6349990367889404,-2.6349990367889404,0.0,0.0,0.0,,
fat_tail|atr2|trail20|24h|100bps,2026-09-27,364,-2.997470539022278,-8.16370677947998,-18.490271472930907,-17.399915313720705,-13.071290969848633,-8.16370677947998,-2.5570008754730225,11.919849395751953,34.68286380767822,82.52350616455078,0.0,0.0,0.0,-5.912958381189541,2.915487842167263
fat_tail|atr2|trail20|24h|100bps,2026-09-28,2471,-5.630431632044902,-6.0823974609375,-20.845458984375,-17.634984970092773,-11.849031448364258,-6.0823974609375,-2.685230851173401,3.671612024307251,13.476809024810791,69.53529357910156,0.0008093889113719142,0.0,0.0,-6.623530735690978,0.9930991036460757
fat_tail|atr2|trail20|24h|100bps,2026-09-29,2190,-4.510442913385729,-6.456916332244873,-19.116324710845948,-17.09052562713623,-13.380124807357788,-6.456916332244873,-2.268912613391876,11.87477893829346,20.723687648773186,58.616216812133906,0.0,0.0,0.0,-5.231775085195191,0.7213321718094621
fat_tail|atr2|trail20|24h|100bps,2026-09-30,2011,-2.2199413875153327,-5.817512035369873,-17.286380767822266,-15.365156173706055,-11.992712497711182,-5.817512035369873,-0.38025374710559845,14.443678855895996,25.75340461730957,75.17034912109382,0.0044753853804077575,0.0,0.0,-3.6276515973031045,1.4077102097877718
fat_tail|atr2|trail20|24h|100bps,2026-10-01,1970,-0.20031984805443848,-4.443809270858765,-18.947761440277098,-16.55456256866455,-9.655181407928467,-4.443809270858765,0.41099441051483154,20.14394187927246,32.03433504104612,84.12868644714351,0.004568527918781726,0.0,0.0,-1.4498483219817997,1.249528473927361
fat_tail|atr2|trail20|24h|100bps,2026-10-02,1027,-4.916482139861224,-6.191617012023926,-20.675193786621094,-18.93222198486328,-13.18020248413086,-6.191617012023926,-3.006042957305908,5.994578075408933,27.441147804260194,73.80753662109376,0.006815968841285297,0.0,0.0,-6.069742390533953,1.1532602506727292
fat_tail|atr2|trail20|24h|200bps,2026-09-26,42,-3.6349990367889404,-3.6349990367889404,-3.6349990367889404,-3.6349990367889404,-3.6349990367889404,-3.6349990367889404,-3.6349990367889404,-3.6349990367889404,-3.6349990367889404,-3.6349990367889404,0.0,0.0,0.0,,
fat_tail|atr2|trail20|24h|200bps,2026-09-27,364,-3.997470541069141,-9.16370677947998,-19.490271472930907,-18.399915313720705,-14.071290969848633,-9.16370677947998,-3.5570008754730225,10.919849395751953,33.68286380767822,81.52350616455078,0.0,0.0,0.0,-6.912958383306184,2.915487842237043
fat_tail|atr2|trail20|24h|200bps,2026-09-28,2471,-6.63043163019903,-7.0823974609375,-21.845458984375,-18.634984970092773,-12.849031448364258,-7.0823974609375,-3.685230851173401,2.671612024307251,12.476809024810791,68.53529357910156,0.0008093889113719142,0.0,0.0,-7.623530733823184,0.9930991036241545
fat_tail|atr2|trail20|24h|200bps,2026-09-29,2190,-5.510442900727822,-7.456916332244873,-20.116324710845948,-18.09052562713623,-14.380124807357788,-7.456916332244873,-3.268912613391876,10.87477893829346,19.723687648773186,57.616216812133906,0.0,0.0,0.0,-6.231775072408837,0.7213321716810146
fat_tail|atr2|trail20|24h|200bps,2026-09-30,2011,-3.219941389860427,-6.817512035369873,-18.286380767822266,-16.365156173706055,-12.992712497711182,-6.817512035369873,-1.3802537322044373,13.443678855895996,24.75340461730957,74.17034912109382,0.0044753853804077575,0.0,0.0,-4.627651599672946,1.4077102098125192
fat_tail|atr2|trail20|24h|200bps,2026-10-01,1970,-1.200319851768501,-5.443809270858765,-19.947761440277098,-17.55456256866455,-10.655181407928467,-5.443809270858765,-0.5890055894851685,19.14394187927246,31.034333992004374,83.12868644714351,0.0040609137055837565,0.0,0.0,-2.449848325733955,1.2495284739654542
fat_tail|atr2|trail20|24h|200bps,2026-10-02,1027,-5.916482129264822,-7.191617012023926,-21.675193786621094,-19.93222198486328,-14.18020248413086,-7.191617012023926,-4.006042957305908,4.994578075408933,26.441147804260194,72.80753662109376,0.006815968841285297,0.0,0.0,-7.069742379822827,1.153260250558005
fat_tail|atr2|trail20|24h|300bps,2026-09-26,42,-4.6349992752075195,-4.6349992752075195,-4.6349992752075195,-4.6349992752075195,-4.6349992752075195,-4.6349992752075195,-4.6349992752075195,-4.6349992752075195,-4.6349992752075195,-4.6349992752075195,0.0,0.0,0.0,,
fat_tail|atr2|trail20|24h|300bps,2026-09-27,364,-4.997470536463699,-10.16370677947998,-20.490271472930907,-19.399915313720705,-15.071290969848633,-10.16370677947998,-4.5570008754730225,9.919849395751953,32.68286380767822,80.52350616455078,0.0,0.0,0.0,-7.912958378543738,2.915487842080039
fat_tail|atr2|trail20|24h|300bps,2026-09-28,2471,-7.630431633028803,-8.0823974609375,-22.845458984375,-19.634984970092773,-13.849031448364258,-8.0823974609375,-4.68523097038269,1.6716119050979614,11.476809024810791,67.53529357910156,0.0008093889113719142,0.0,0.0,-8.623530736686563,0.9930991036577597
fat_tail|atr2|trail20|24h|300bps,2026-09-29,2190,-6.510442893641744,-8.456916332244873,-21.116324710845948,-19.09052562713623,-15.380124807357788,-8.456916332244873,-4.268912434577942,9.87477893829346,18.723687648773186,56.616216812133906,0.0,0.0,0.0,-7.2317750634913045,0.7213321698495605
fat_tail|atr2|trail20|24h|300bps,2026-09-30,2011,-4.219941373764431,-7.817512035369873,-19.286380767822266,-17.365156173706055,-13.992712497711182,-7.817512035369873,-2.3802536725997925,12.443678855895996,23.75340461730957,73.17034912109382,0.003978120338140228,0.0,0.0,-5.627651583407093,1.4077102096426612
fat_tail|atr2|trail20|24h|300bps,2026-10-01,1970,-2.2003198527991015,-6.443809270858765,-20.947761440277098,-18.55456256866455,-11.655181407928467,-6.443809270858765,-1.5890055894851685,18.14394187927246,30.034333992004374,82.12868644714351,0.0040609137055837565,0.0,0.0,-3.449848326775126,1.2495284739760244
fat_tail|atr2|trail20|24h|300bps,2026-10-02,1027,-6.916482126947852,-8.191617012023926,-22.675193786621094,-20.93222198486328,-15.18020248413086,-8.191617012023926,-5.006042957305908,3.9945779323577852,25.441147804260194,71.80753662109376,0.006815968841285297,0.0,0.0,-8.06974237748077,1.1532602505329184
fat_tail|atr2|trail20|72h|100bps,2026-09-26,42,-2.6349990367889404,-2.6349990367889404,-2.6349990367889404,-2.6349990367889404,-2.6349990367889404,-2.6349990367889404,-2.6349990367889404,-2.6349990367889404,-2.6349990367889404,-2.6349990367889404,0.0,0.0,0.0,,
fat_tail|atr2|trail20|72h|100bps,2026-09-27,364,-3.2344106347351285,-8.16370677947998,-18.490271472930907,-17.399915313720705,-13.071290969848633,-8.16370677947998,-2.5570008754730225,11.609200382232665,34.68286380767822,82.52350616455078,0.0,0.0,0.0,-6.15797598016533,2.9235653454302013
fat_tail|atr2|trail20|72h|100bps,2026-09-28,2496,-5.935077237164362,-6.466001510620117,-20.845458984375,-17.585412979125977,-11.88093090057373,-6.466001510620117,-2.843877673149109,2.2651017904281616,12.610558986663818,69.53529357910156,0.0008012820512820513,0.0,0.0,-6.92169366750574,0.9866164303413782
fat_tail|atr2|trail20|72h|100bps,2026-09-29,2144,-5.633352780271558,-7.063091278076172,-19.195420360565187,-17.270956802368165,-13.480232954025269,-7.063091278076172,-3.114995300769806,8.651408195495616,18.061582183837885,59.03598014831558,0.0,0.0,0.0,-6.381963602870239,0.748610822598681
fat_tail|atr2|trail20|72h|100bps,2026-09-30,1959,-2.4037433577037186,-6.256513595581055,-17.593830871582032,-15.525264739990234,-12.161520004272461,-6.256513595581055,-2.366105079650879,15.416498565673837,28.643115615844724,76.35587951660176,0.004594180704441042,0.0,0.0,-3.8104247863410095,1.4066814286372908
fat_tail|atr2|trail20|72h|100bps,2026-10-01,1952,-0.5472807887497646,-4.486877202987671,-18.95236110687256,-16.64157943725586,-9.750733852386475,-4.486877202987671,0.6463178992271423,20.13345832824708,29.288594436645504,84.27761848449708,0.004610655737704918,0.0,0.0,-1.8120425604745374,1.2647617717247728
fat_tail|atr2|trail20|72h|100bps,2026-10-02,1027,-4.916482139861224,-6.191617012023926,-20.675193786621094,-18.93222198486328,-13.18020248413086,-6.191617012023926,-3.006042957305908,5.994578075408933,27.441147804260194,73.80753662109376,0.006815968841285297,0.0,0.0,-6.069742390533953,1.1532602506727292
fat_tail|atr2|trail20|72h|200bps,2026-09-26,42,-3.6349990367889404,-3.6349990367889404,-3.6349990367889404,-3.6349990367889404,-3.6349990367889404,-3.6349990367889404,-3.6349990367889404,-3.6349990367889404,-3.6349990367889404,-3.6349990367889404,0.0,0.0,0.0,,
fat_tail|atr2|trail20|72h|200bps,2026-09-27,364,-4.234410635471999,-9.16370677947998,-19.490271472930907,-18.399915313720705,-14.071290969848633,-9.16370677947998,-3.5570008754730225,10.609200382232665,33.68286380767822,81.52350616455078,0.0,0.0,0.0,-7.157975980927321,2.923565345455322
fat_tail|atr2|trail20|72h|200bps,2026-09-28,2496,-6.935077235847413,-7.466001510620117,-21.845458984375,-18.585412979125977,-12.88093090057373,-7.466001510620117,-3.843877673149109,1.2651017308235168,11.610558986663818,68.53529357910156,0.0008012820512820513,0.0,0.0,-7.921693666173311,0.9866164303258973
fat_tail|atr2|trail20|72h|200bps,2026-09-29,2144,-6.633352766513699,-8.06309175491333,-20.195420360565187,-18.270956802368165,-14.480232954025269,-8.06309175491333,-4.114995241165161,7.651408672332773,17.061582183837885,58.03598014831558,0.0,0.0,0.0,-7.381963588969745,0.7486108224560457
fat_tail|atr2|trail20|72h|200bps,2026-09-30,1959,-3.4037433606650893,-7.256513595581055,-18.593830871582032,-16.525264739990234,-13.161520004272461,-7.256513595581055,-3.366105079650879,14.416498565673837,27.643115615844724,75.35587951660176,0.004594180704441042,0.0,0.0,-4.8104247893329255,1.4066814286678362
fat_tail|atr2|trail20|72h|200bps,2026-10-01,1952,-1.5472807918873723,-5.486877202987671,-19.95236110687256,-17.64157943725586,-10.750733852386475,-5.486877202987671,-0.35368210077285767,19.13345832824708,28.288594436645504,83.27761848449708,0.004098360655737705,0.0,0.0,-2.8120425636446256,1.2647617717572532
fat_tail|atr2|trail20|72h|200bps,2026-10-02,1027,-5.916482129264822,-7.191617012023926,-21.675193786621094,-19.93222198486328,-14.18020248413086,-7.191617012023926,-4.006042957305908,4.994578075408933,26.441147804260194,72.80753662109376,0.006815968841285297,0.0,0.0,-7.069742379822827,1.153260250558005
fat_tail|atr2|trail20|72h|300bps,2026-09-26,42,-4.6349992752075195,-4.6349992752075195,-4.6349992752075195,-4.6349992752075195,-4.6349992752075195,-4.6349992752075195,-4.6349992752075195,-4.6349992752075195,-4.6349992752075195,-4.6349992752075195,0.0,0.0,0.0,,
fat_tail|atr2|trail20|72h|300bps,2026-09-27,364,-5.234410630866558,-10.16370677947998,-20.490271472930907,-19.399915313720705,-15.071290969848633,-10.16370677947998,-4.5570008754730225,9.609200382232665,32.68286380767822,80.52350616455078,0.0,0.0,0.0,-8.157975976164876,2.923565345298318
fat_tail|atr2|trail20|72h|300bps,2026-09-28,2496,-7.935077237906323,-8.466001510620117,-22.845458984375,-19.585412979125977,-13.88093090057373,-8.466001510620117,-4.84387743473053,0.26510172337293625,10.610558986663818,67.53529357910156,0.0008012820512820513,0.0,0.0,-8.921693668256422,0.9866164303500993
fat_tail|atr2|trail20|72h|300bps,2026-09-29,2144,-7.6333527567574,-9.06309175491333,-21.195420360565187,-19.270956802368165,-15.480232954025269,-9.06309175491333,-5.114995241165161,6.651408672332773,16.061582183837885,57.03598014831558,0.0,0.0,0.0,-8.381963577314608,0.7486108205572073
fat_tail|atr2|trail20|72h|300bps,2026-09-30,1959,-4.403743342639553,-8.256513595581055,-19.593830871582032,-17.525264739990234,-14.161520004272461,-8.256513595581055,-4.366105079650879,13.416498565673837,26.643115615844724,74.35587951660176,0.00408371618172537,0.0,0.0,-5.810424771121462,1.4066814284819094
fat_tail|atr2|trail20|72h|300bps,2026-10-01,1952,-2.547280794846421,-6.486877202987671,-20.95236110687256,-18.64157943725586,-11.750733852386475,-6.486877202987671,-1.353682041168213,18.13345832824708,27.288594436645504,82.27761848449708,0.004098360655737705,0.0,0.0,-3.8120425666343056,1.2647617717878847
fat_tail|atr2|trail20|72h|300bps,2026-10-02,1027,-6.916482126947852,-8.191617012023926,-22.675193786621094,-20.93222198486328,-15.18020248413086,-8.191617012023926,-5.006042957305908,3.9945779323577852,25.441147804260194,71.80753662109376,0.006815968841285297,0.0,0.0,-8.06974237748077,1.1532602505329184
fat_tail|atr2|trail30|168h|100bps,2026-09-26,42,-2.6349990367889404,-2.6349990367889404,-2.6349990367889404,-2.6349990367889404,-2.6349990367889404,-2.6349990367889404,-2.6349990367889404,-2.6349990367889404,-2.6349990367889404,-2.6349990367889404,0.0,0.0,0.0,,
fat_tail|atr2|trail30|168h|100bps,2026-09-27,354,-7.355407340462598,-10.590612411499023,-24.062881851196288,-21.173319244384764,-15.849034070968628,-10.590612411499023,-3.517211616039276,-1.795290470123295,18.25075588226313,68.87581634521484,0.0,0.0,0.0,-10.03018711890742,2.6747797784448224
fat_tail|atr2|trail30|168h|100bps,2026-09-28,2410,-8.277605139983516,-8.62178897857666,-26.446911525726318,-22.107791900634766,-15.308607578277588,-8.62178897857666,-4.375483870506287,-1.900668704509739,10.220356178283682,57.25479507446289,0.0,0.0,0.0,-9.199433076002894,0.921827936019378
fat_tail|atr2|trail30|168h|100bps,2026-09-29,2098,-4.831292316502225,-7.692121505737305,-23.388707160949707,-19.73500862121582,-14.233402967453003,-7.692121505737305,-3.4915791749954224,10.916024494171142,40.8568826675415,74.7615019989014,0.0023832221163012394,0.0,0.0,-5.752580779070572,0.9212884625683468
fat_tail|atr2|trail30|168h|100bps,2026-09-30,1849,-4.029832340830311,-8.108190536499023,-22.235126495361328,-18.91374282836914,-14.34870433807373,-8.108190536499023,-3.4808106422424316,12.643509101867686,43.542361450195266,69.67656280517576,0.004326663061114116,0.0,0.0,-5.6272713303006165,1.5974389894703052
fat_tail|atr2|trail30|168h|100bps,2026-10-01,1834,-4.371199353484309,-6.000443696975708,-23.929895877838135,-21.281173706054688,-15.327582836151123,-6.000443696975708,-2.6642823219299316,6.735499286651614,22.509781074523882,69.37693534851081,0.0027262813522355507,0.0021810250817884407,0.0,-6.378917610459543,2.0077182569752337
fat_tail|atr2|trail30|168h|100bps,2026-10-02,996,-8.034807538587495,-7.815688371658325,-29.609737396240234,-22.264466285705566,-14.69947361946106,-7.815688371658325,-4.470970630645752,-1.8184256553649902,21.2496600151062,71.32670555114704,0.0030120481927710845,0.0,0.0,-9.096252468665854,1.061444930078359
fat_tail|atr2|trail30|168h|200bps,2026-09-26,42,-3.6349990367889404,-3.6349990367889404,-3.6349990367889404,-3.6349990367889404,-3.6349990367889404,-3.6349990367889404,-3.6349990367889404,-3.6349990367889404,-3.6349990367889404,-3.6349990367889404,0.0,0.0,0.0,,
fat_tail|atr2|trail30|168h|200bps,2026-09-27,354,-8.3554073397891,-11.590612411499023,-25.062881851196288,-22.173319244384764,-16.849034786224365,-11.590612411499023,-4.517211437225342,-2.795290470123295,17.25075588226313,67.87581634521484,0.0,0.0,0.0,-11.030187118210291,2.6747797784211915
fat_tail|atr2|trail30|168h|200bps,2026-09-28,2410,-9.277605137513387,-9.62178897857666,-27.446911525726318,-23.107791900634766,-16.308608055114746,-9.62178897857666,-5.375483870506287,-2.9006688117980994,9.220356178283682,56.25479507446289,0.0,0.0,0.0,-10.199433073501627,0.9218279359882402
fat_tail|atr2|trail30|168h|200bps,2026-09-29,2098,-5.831292304870015,-8.692121505737305,-24.388707160949707,-20.73500862121582,-15.233402967453003,-8.692121505737305,-4.491579174995422,9.916024494171142,39.8568826675415,73.7615019989014,0.0023832221163012394,0.0,0.0,-6.752580767320752,0.9212884624507369
fat_tail|atr2|trail30|168h|200bps,2026-09-30,1849,-5.029832337964316,-9.108190536499023,-23.235126495361328,-19.91374282836914,-15.34870433807373,-9.108190536499023,-4.480810642242432,11.643509101867686,42.542361450195266,68.67656280517576,0.004326663061114116,0.0,0.0,-6.627271335743001,1.597438997778685
fat_tail|atr2|trail30|168h|200bps,2026-10-01,1834,-5.371199354821879,-7.000443696975708,-24.929895877838135,-22.281173706054688,-16.327581882476807,-7.000443696975708,-3.6642823219299316,5.735499286651614,21.509781074523882,68.37693534851081,0.0027262813522355507,0.0021810250817884407,0.0,-7.378917611811115,2.007718256989236
fat_tail|atr2|trail30|168h|200bps,2026-10-02,996,-9.034807534454517,-8.815688133239746,-30.609737396240234,-23.264466285705566,-15.69947361946106,-8.815688133239746,-5.470970630645752,-2.8184256553649902,20.2496600151062,70.32670555114704,0.0030120481927710845,0.0,0.0,-10.09625246449096,1.0614449300364424
fat_tail|atr2|trail30|168h|300bps,2026-09-26,42,-4.6349992752075195,-4.6349992752075195,-4.6349992752075195,-4.6349992752075195,-4.6349992752075195,-4.6349992752075195,-4.6349992752075195,-4.6349992752075195,-4.6349992752075195,-4.6349992752075195,0.0,0.0,0.0,,
fat_tail|atr2|trail30|168h|300bps,2026-09-27,354,-9.355407335211412,-12.590612411499023,-26.062881851196288,-23.173319244384764,-17.849034786224365,-12.590612411499023,-5.517211437225342,-3.795290541648869,16.25075588226313,66.87581634521484,0.0,0.0,0.0,-12.030187113471984,2.6747797782605716
fat_tail|atr2|trail30|168h|300bps,2026-09-28,2410,-10.27760514330343,-10.62178897857666,-28.446911525726318,-24.107791900634766,-17.308608055114746,-10.62178897857666,-6.375483870506287,-3.9006688117980994,8.220356178283682,55.25479507446289,0.0,0.0,0.0,-11.199433079364654,0.9218279360612236
fat_tail|atr2|trail30|168h|300bps,2026-09-29,2098,-6.831292293163116,-9.692121505737305,-25.388707160949707,-21.73500862121582,-16.233402729034424,-9.692121505737305,-5.491579174995422,8.916024494171142,38.8568826675415,72.7615019989014,0.0023832221163012394,0.0,0.0,-7.752580755495488,0.921288462332372
fat_tail|atr2|trail30|168h|300bps,2026-09-30,1849,-6.029832321402993,-10.108190536499023,-24.235126495361328,-20.91374282836914,-16.348703384399414,-10.108190536499023,-5.480810642242432,10.643509101867686,41.542361450195266,67.67656280517576,0.004326663061114116,0.0,0.0,-7.62727131900973,1.5974389976067371
fat_tail|atr2|trail30|168h|300bps,2026-10-01,1834,-6.371199356125934,-8.000443935394287,-25.929895877838135,-23.281173706054688,-17.327581882476807,-8.000443935394287,-4.664282321929932,4.735499286651614,20.509781074523882,67.37693534851081,0.0027262813522355507,0.0021810250817884407,0.0,-8.378917613128822,2.007718257002888
fat_tail|atr2|trail30|168h|300bps,2026-10-02,996,-10.034807526412978,-9.815688133239746,-31.609737396240234,-24.264466285705566,-16.699472904205322,-9.815688133239746,-6.470970630645752,-3.8184256553649902,19.2496600151062,69.32670555114704,0.0030120481927710845,0.0,0.0,-11.096252456367862,1.0614449299548845
fat_tail|atr2|trail30|24h|100bps,2026-09-26,42,-2.6349990367889404,-2.6349990367889404,-2.6349990367889404,-2.6349990367889404,-2.6349990367889404,-2.6349990367889404,-2.6349990367889404,-2.6349990367889404,-2.6349990367889404,-2.6349990367889404,0.0,0.0,0.0,,
fat_tail|atr2|trail30|24h|100bps,2026-09-27,362,-6.779999735687977,-10.1845383644104,-24.035735416412354,-20.875420570373535,-15.473657608032227,-10.1845383644104,-3.1651155948638916,4.387475490570072,17.729886054992676,68.87581634521484,0.0,0.0,0.0,-9.37391342989036,2.5939136942023824
fat_tail|atr2|trail30|24h|100bps,2026-09-28,2441,-7.712454399046676,-8.044517517089844,-26.37552833557129,-21.843313217163086,-15.155306816101074,-8.044517517089844,-3.58315372467041,1.4030513763427734,11.924323081970215,57.25479507446289,0.0,0.0,0.0,-8.615397561841371,0.9029431627946956
fat_tail|atr2|trail30|24h|100bps,2026-09-29,2146,-3.554970498572608,-6.8234686851501465,-23.265963077545166,-19.44638442993164,-14.113158226013184,-6.8234686851501465,-2.538692057132721,20.14250946044922,40.74871253967285,74.74158401489258,0.002329916123019571,0.0,0.0,-4.480124335220388,0.9251538366477803
fat_tail|atr2|trail30|24h|100bps,2026-09-30,1984,-2.7109850068036687,-6.754261493682861,-22.235126495361328,-18.382903671264646,-13.975380659103394,-6.754261493682861,-2.287224590778351,18.958055305480958,39.45969924926752,68.71240982055667,0.004032258064516129,0.0,0.0,-4.223243806588636,1.5122587997849672
fat_tail|atr2|trail30|24h|100bps,2026-10-01,1917,-3.1572365342169597,-5.79294490814209,-23.808270263671876,-21.066209411621095,-14.776501655578613,-5.79294490814209,-2.1396090984344482,14.813912582397466,29.32256546020507,68.59403656005851,0.0026082420448617634,0.0020865936358894104,0.0,-5.1039105418610005,1.9466740076440407
fat_tail|atr2|trail30|24h|100bps,2026-10-02,996,-8.034807538587495,-7.815688371658325,-29.609737396240234,-22.264466285705566,-14.69947361946106,-7.815688371658325,-4.470970630645752,-1.8184256553649902,21.2496600151062,71.32670555114704,0.0030120481927710845,0.0,0.0,-9.096252468665854,1.061444930078359
fat_tail|atr2|trail30|24h|200bps,2026-09-26,42,-3.6349990367889404,-3.6349990367889404,-3.6349990367889404,-3.6349990367889404,-3.6349990367889404,-3.6349990367889404,-3.6349990367889404,-3.6349990367889404,-3.6349990367889404,-3.6349990367889404,0.0,0.0,0.0,,
fat_tail|atr2|trail30|24h|200bps,2026-09-27,362,-7.779999735029363,-11.1845383644104,-25.035735416412354,-21.875420570373535,-16.47365665435791,-11.1845383644104,-4.165115475654602,3.3874754667282136,16.729886054992676,67.87581634521484,0.0,0.0,0.0,-10.373913429209164,2.5939136941798013
fat_tail|atr2|trail30|24h|200bps,2026-09-28,2441,-8.712454396165336,-9.044517517089844,-27.37552833557129,-22.843313217163086,-16.15530776977539,-9.044517517089844,-4.58315372467041,0.40305137634277344,10.924323081970215,56.25479507446289,0.0,0.0,0.0,-9.61539755892418,0.9029431627588433
fat_tail|atr2|trail30|24h|200bps,2026-09-29,2146,-4.554970488310267,-7.8234686851501465,-24.265963077545166,-20.44638442993164,-15.113158226013184,-7.8234686851501465,-3.538692057132721,19.14250946044922,39.74871253967285,73.74158401489258,0.002329916123019571,0.0,0.0,-5.480124324851752,0.9251538365414849
fat_tail|atr2|trail30|24h|200bps,2026-09-30,1984,-3.7109850039536645,-7.754261493682861,-23.235126495361328,-19.382903671264646,-14.975380659103394,-7.754261493682861,-3.287224590778351,17.958055305480958,38.45969924926752,67.71240982055667,0.004032258064516129,0.0,0.0,-5.2232438114788495,1.512258807525185
fat_tail|atr2|trail30|24h|200bps,2026-10-01,1917,-4.157236536172883,-6.79294490814209,-24.808270263671876,-22.066209411621095,-15.776501655578613,-6.79294490814209,-3.1396090984344482,13.813912582397466,28.32256546020507,67.59403656005851,0.0026082420448617634,0.0020865936358894104,0.0,-6.103910543837545,1.9466740076646616
fat_tail|atr2|trail30|24h|200bps,2026-10-02,996,-9.034807534454517,-8.815688133239746,-30.609737396240234,-23.264466285705566,-15.69947361946106,-8.815688133239746,-5.470970630645752,-2.8184256553649902,20.2496600151062,70.32670555114704,0.0030120481927710845,0.0,0.0,-10.09625246449096,1.0614449300364424
fat_tail|atr2|trail30|24h|300bps,2026-09-26,42,-4.6349992752075195,-4.6349992752075195,-4.6349992752075195,-4.6349992752075195,-4.6349992752075195,-4.6349992752075195,-4.6349992752075195,-4.6349992752075195,-4.6349992752075195,-4.6349992752075195,0.0,0.0,0.0,,
fat_tail|atr2|trail30|24h|300bps,2026-09-27,362,-8.77999973055284,-12.1845383644104,-26.035735416412354,-22.875420570373535,-17.47365665435791,-12.1845383644104,-5.165115475654602,2.3874754667282136,15.729886054992676,66.87581634521484,0.0,0.0,0.0,-11.373913424579161,2.5939136940263214
fat_tail|atr2|trail30|24h|300bps,2026-09-28,2441,-9.712454403086731,-10.044517517089844,-28.37552833557129,-23.843313217163086,-17.15530776977539,-10.044517517089844,-5.58315372467041,-0.5969486236572266,9.924323081970215,55.25479507446289,0.0,0.0,0.0,-10.615397565931696,0.9029431628449647
fat_tail|atr2|trail30|24h|300bps,2026-09-29,2146,-5.554970479424457,-8.823468685150146,-25.265963077545166,-21.44638442993164,-16.113158226013184,-8.823468685150146,-4.538691997528076,18.14250946044922,38.74871253967285,72.74158401489258,0.002329916123019571,0.0,0.0,-6.480124315873905,0.9251538364494474
fat_tail|atr2|trail30|24h|300bps,2026-09-30,1984,-4.710984990010113,-8.754261493682861,-24.235126495361328,-20.382903671264646,-15.975380659103394,-8.754261493682861,-4.287224650382996,16.958055305480958,37.45969924926752,66.71240982055667,0.004032258064516129,0.0,0.0,-6.223243797393307,1.5122588073831942
fat_tail|atr2|trail30|24h|300bps,2026-10-01,1917,-5.157236535741472,-7.79294490814209,-25.808270263671876,-23.066209411621095,-16.77650260925293,-7.79294490814209,-4.139608860015869,12.813912582397466,27.32256546020507,66.59403656005851,0.0026082420448617634,0.0020865936358894104,0.0,-7.103910543401586,1.9466740076601141
fat_tail|atr2|trail30|24h|300bps,2026-10-02,996,-10.034807526412978,-9.815688133239746,-31.609737396240234,-24.264466285705566,-16.699472904205322,-9.815688133239746,-6.470970630645752,-3.8184256553649902,19.2496600151062,69.32670555114704,0.0030120481927710845,0.0,0.0,-11.096252456367862,1.0614449299548845
fat_tail|atr2|trail30|72h|100bps,2026-09-26,42,-2.6349990367889404,-2.6349990367889404,-2.6349990367889404,-2.6349990367889404,-2.6349990367889404,-2.6349990367889404,-2.6349990367889404,-2.6349990367889404,-2.6349990367889404,-2.6349990367889404,0.0,0.0,0.0,,
fat_tail|atr2|trail30|72h|100bps,2026-09-27,363,-6.924214189784914,-10.200966835021973,-24.061124801635742,-20.927325439453124,-15.537586212158203,-10.200966835021973,-3.178638219833374,4.377925395965577,17.7261962890625,68.87581634521484,0.0,0.0,0.0,-9.515668225169522,2.591454035384608
fat_tail|atr2|trail30|72h|100bps,2026-09-28,2448,-7.958449748822555,-8.354569435119629,-26.37348356246948,-21.837721633911134,-15.185789585113525,-8.354569435119629,-4.203553915023804,-0.024765429645750126,11.49756293296815,57.25479507446289,0.0,0.0,0.0,-8.861830983723832,0.9033812349012775
fat_tail|atr2|trail30|72h|100bps,2026-09-29,2098,-4.781172025590084,-7.692121505737305,-23.388707160949707,-19.73500862121582,-14.233402967453003,-7.692121505737305,-3.4188536405563354,10.916024494171142,40.8568826675415,74.7615019989014,0.0023832221163012394,0.0,0.0,-5.701953735096729,0.9207817095066453
fat_tail|atr2|trail30|72h|100bps,2026-09-30,1849,-4.029832340830311,-8.108190536499023,-22.235126495361328,-18.91374282836914,-14.34870433807373,-8.108190536499023,-3.4808106422424316,12.643509101867686,43.542361450195266,69.67656280517576,0.004326663061114116,0.0,0.0,-5.6272713303006165,1.5974389894703052
fat_tail|atr2|trail30|72h|100bps,2026-10-01,1834,-4.371199353484309,-6.000443696975708,-23.929895877838135,-21.281173706054688,-15.327582836151123,-6.000443696975708,-2.6642823219299316,6.735499286651614,22.509781074523882,69.37693534851081,0.0027262813522355507,0.0021810250817884407,0.0,-6.378917610459543,2.0077182569752337
fat_tail|atr2|trail30|72h|100bps,2026-10-02,996,-8.034807538587495,-7.815688371658325,-29.609737396240234,-22.264466285705566,-14.69947361946106,-7.815688371658325,-4.470970630645752,-1.8184256553649902,21.2496600151062,71.32670555114704,0.0030120481927710845,0.0,0.0,-9.096252468665854,1.061444930078359
fat_tail|atr2|trail30|72h|200bps,2026-09-26,42,-3.6349990367889404,-3.6349990367889404,-3.6349990367889404,-3.6349990367889404,-3.6349990367889404,-3.6349990367889404,-3.6349990367889404,-3.6349990367889404,-3.6349990367889404,-3.6349990367889404,0.0,0.0,0.0,,
fat_tail|atr2|trail30|72h|200bps,2026-09-27,363,-7.924214189128114,-11.200966835021973,-25.061124801635742,-21.927325439453124,-16.537585258483887,-11.200966835021973,-4.178638219833374,3.3779253482818614,16.7261962890625,67.87581634521484,0.0,0.0,0.0,-10.515668224490266,2.591454035362152
fat_tail|atr2|trail30|72h|200bps,2026-09-28,2448,-8.95844974651251,-9.354569435119629,-27.37348356246948,-22.837721633911134,-16.185789585113525,-9.354569435119629,-5.203553915023804,-1.024765402078602,10.49756293296815,56.25479507446289,0.0,0.0,0.0,-9.861830981385125,0.9033812348726151
fat_tail|atr2|trail30|72h|200bps,2026-09-29,2098,-5.781172014050207,-8.692121505737305,-24.388707160949707,-20.73500862121582,-15.233402967453003,-8.692121505737305,-4.4188536405563354,9.916024494171142,39.8568826675415,73.7615019989014,0.0023832221163012394,0.0,0.0,-6.701953723440176,0.9207817093899688
fat_tail|atr2|trail30|72h|200bps,2026-09-30,1849,-5.029832337964316,-9.108190536499023,-23.235126495361328,-19.91374282836914,-15.34870433807373,-9.108190536499023,-4.480810642242432,11.643509101867686,42.542361450195266,68.67656280517576,0.004326663061114116,0.0,0.0,-6.627271335743001,1.597438997778685
fat_tail|atr2|trail30|72h|200bps,2026-10-01,1834,-5.371199354821879,-7.000443696975708,-24.929895877838135,-22.281173706054688,-16.327581882476807,-7.000443696975708,-3.6642823219299316,5.735499286651614,21.509781074523882,68.37693534851081,0.0027262813522355507,0.0021810250817884407,0.0,-7.378917611811115,2.007718256989236
fat_tail|atr2|trail30|72h|200bps,2026-10-02,996,-9.034807534454517,-8.815688133239746,-30.609737396240234,-23.264466285705566,-15.69947361946106,-8.815688133239746,-5.470970630645752,-2.8184256553649902,20.2496600151062,70.32670555114704,0.0030120481927710845,0.0,0.0,-10.09625246449096,1.0614449300364424
fat_tail|atr2|trail30|72h|300bps,2026-09-26,42,-4.6349992752075195,-4.6349992752075195,-4.6349992752075195,-4.6349992752075195,-4.6349992752075195,-4.6349992752075195,-4.6349992752075195,-4.6349992752075195,-4.6349992752075195,-4.6349992752075195,0.0,0.0,0.0,,
fat_tail|atr2|trail30|72h|300bps,2026-09-27,363,-8.92421418072312,-12.200966835021973,-26.061124801635742,-22.927325439453124,-17.537585258483887,-12.200966835021973,-5.178638219833374,2.3779253482818614,15.726196289062498,66.87581634521484,0.0,0.0,0.0,-11.515668215797922,2.5914540350748023
fat_tail|atr2|trail30|72h|300bps,2026-09-28,2448,-9.958449752358765,-10.354569435119629,-28.37348356246948,-23.837721633911134,-17.185789585113525,-10.354569435119629,-6.203553915023804,-2.024765503406498,9.49756293296815,55.25479507446289,0.0,0.0,0.0,-10.861830987303916,0.9033812349451509
fat_tail|atr2|trail30|72h|300bps,2026-09-29,2098,-6.781172002203034,-9.692121505737305,-25.388707160949707,-21.73500862121582,-16.233402729034424,-9.692121505737305,-5.4188536405563354,8.916024494171142,38.8568826675415,72.7615019989014,0.0023832221163012394,0.0,0.0,-7.701953711473219,0.9207817092701847
fat_tail|atr2|trail30|72h|300bps,2026-09-30,1849,-6.029832321402993,-10.108190536499023,-24.235126495361328,-20.91374282836914,-16.348703384399414,-10.108190536499023,-5.480810642242432,10.643509101867686,41.542361450195266,67.67656280517576,0.004326663061114116,0.0,0.0,-7.62727131900973,1.5974389976067371
fat_tail|atr2|trail30|72h|300bps,2026-10-01,1834,-6.371199356125934,-8.000443935394287,-25.929895877838135,-23.281173706054688,-17.327581882476807,-8.000443935394287,-4.664282321929932,4.735499286651614,20.509781074523882,67.37693534851081,0.0027262813522355507,0.0021810250817884407,0.0,-8.378917613128822,2.007718257002888
fat_tail|atr2|trail30|72h|300bps,2026-10-02,996,-10.034807526412978,-9.815688133239746,-31.609737396240234,-24.264466285705566,-16.699472904205322,-9.815688133239746,-6.470970630645752,-3.8184256553649902,19.2496600151062,69.32670555114704,0.0030120481927710845,0.0,0.0,-11.096252456367862,1.0614449299548845
fat_tail|atr2|trail40|168h|100bps,2026-09-26,42,-2.6349990367889404,-2.6349990367889404,-2.6349990367889404,-2.6349990367889404,-2.6349990367889404,-2.6349990367889404,-2.6349990367889404,-2.6349990367889404,-2.6349990367889404,-2.6349990367889404,0.0,0.0,0.0,,
fat_tail|atr2|trail40|168h|100bps,2026-09-27,351,-10.065314610799154,-11.186511993408203,-26.889680862426758,-23.06011962890625,-16.95170307159424,-11.186511993408203,-4.111560583114624,-2.696528911590576,3.420195698738098,44.60784149169922,0.0,0.0,0.0,-12.000647570179627,1.9353329593804727
fat_tail|atr2|trail40|168h|100bps,2026-09-28,2367,-7.9075466098541645,-9.212528228759766,-28.279233360290526,-24.17515754699707,-16.57052707672119,-9.212528228759766,-4.648356914520264,-2.457969760894775,27.184887123107348,114.86671051025411,0.012674271229404309,0.0,0.0,-9.35080185577089,1.443255245916725
fat_tail|atr2|trail40|168h|100bps,2026-09-29,2020,-5.576307815224817,-8.965435981750488,-24.461029624938966,-21.715512466430663,-15.791829586029053,-8.965435981750488,-3.9229437112808228,-1.3219307661055946,54.9694707870483,73.89883392333984,0.0,0.0,0.0,-6.449747179167577,0.8734393639427598
fat_tail|atr2|trail40|168h|100bps,2026-09-30,1837,-1.062775617693518,-9.29470443725586,-23.1347297668457,-18.953716278076172,-14.686665534973145,-9.29470443725586,-3.8039581775665283,8.673583412170412,34.992548370361156,276.09271240234375,0.026673924877517692,0.0,0.0,-5.976335516109691,4.913559898416173
fat_tail|atr2|trail40|168h|100bps,2026-10-01,1830,-6.88252982736611,-8.280397415161133,-26.469370651245118,-23.081004714965818,-17.211294174194336,-8.280397415161133,-3.6220271587371826,-1.9426195740699752,10.864005613327011,75.78490821838415,0.007103825136612022,0.002185792349726776,0.0,-9.276630478050746,2.3941006506846367
fat_tail|atr2|trail40|168h|100bps,2026-10-02,939,-11.734667170288972,-9.778684616088867,-34.584075927734375,-25.953958892822264,-17.983259201049805,-9.778684616088867,-5.001075267791748,-3.0485892295837402,-2.0029614329338115,50.18669540405274,0.0010649627263045794,0.0,0.0,-12.606280392158148,0.8716132218691754
fat_tail|atr2|trail40|168h|200bps,2026-09-26,42,-3.6349990367889404,-3.6349990367889404,-3.6349990367889404,-3.6349990367889404,-3.6349990367889404,-3.6349990367889404,-3.6349990367889404,-3.6349990367889404,-3.6349990367889404,-3.6349990367889404,0.0,0.0,0.0,,
fat_tail|atr2|trail40|168h|200bps,2026-09-27,351,-11.065314606553809,-12.186511993408203,-27.889680862426758,-24.06011962890625,-17.95170307159424,-12.186511993408203,-5.111560583114624,-3.696528911590576,2.420195698738098,43.60784149169922,0.0,0.0,0.0,-13.000647565784003,1.9353329592301947
fat_tail|atr2|trail40|168h|200bps,2026-09-28,2367,-8.907546608859494,-10.212528228759766,-29.279233360290526,-25.17515754699707,-17.57052707672119,-10.212528228759766,-5.648356914520264,-3.457969760894775,26.184887123107348,113.86671051025411,0.0122517955217575,0.0,0.0,-10.350801854766031,1.4432552459065366
fat_tail|atr2|trail40|168h|200bps,2026-09-29,2020,-6.576307803923541,-9.965435981750488,-25.461029624938966,-22.715512466430663,-16.791828632354736,-9.965435981750488,-4.922943711280823,-2.3219307661055946,53.9694707870483,72.89883392333984,0.0,0.0,0.0,-7.449747167747578,0.873439363824037
fat_tail|atr2|trail40|168h|200bps,2026-09-30,1837,-2.0627756121126803,-10.29470443725586,-24.1347297668457,-19.953716278076172,-15.686665534973145,-10.29470443725586,-4.803958415985107,7.6735831260681175,33.992548370361156,275.09271240234375,0.026673924877517692,0.0,0.0,-6.976335510429913,4.913559898317233
fat_tail|atr2|trail40|168h|200bps,2026-10-01,1830,-7.882529825041366,-9.280397415161133,-27.469370651245118,-24.081004714965818,-18.211294174194336,-9.280397415161133,-4.6220269203186035,-2.942619466781615,9.864005613327011,74.78490821838415,0.007103825136612022,0.002185792349726776,0.0,-10.276630475701612,2.3941006506602465
fat_tail|atr2|trail40|168h|200bps,2026-10-02,939,-12.734667168987698,-10.778684616088867,-35.584075927734375,-26.953958892822264,-18.983259201049805,-10.778684616088867,-6.001075267791748,-4.04858922958374,-3.0029614210128828,49.18669540405274,0.0010649627263045794,0.0,0.0,-13.606280390842867,0.8716132218551689
fat_tail|atr2|trail40|168h|300bps,2026-09-26,42,-4.6349992752075195,-4.6349992752075195,-4.6349992752075195,-4.6349992752075195,-4.6349992752075195,-4.6349992752075195,-4.6349992752075195,-4.6349992752075195,-4.6349992752075195,-4.6349992752075195,0.0,0.0,0.0,,
fat_tail|atr2|trail40|168h|300bps,2026-09-27,351,-12.065314597949024,-13.186511993408203,-28.889680862426758,-25.06011962890625,-18.95170307159424,-13.186511993408203,-6.111560583114624,-4.696528911590576,1.4201956689357758,42.60784149169922,0.0,0.0,0.0,-14.000647556874627,1.9353329589256028
fat_tail|atr2|trail40|168h|300bps,2026-09-28,2367,-9.907546619826045,-11.212528228759766,-30.279233360290526,-26.17515754699707,-18.57052707672119,-11.212528228759766,-6.648356914520264,-4.457969856262207,25.184887123107348,112.86671051025411,0.0122517955217575,0.0,0.0,-11.350801865844915,1.44325524601887
fat_tail|atr2|trail40|168h|300bps,2026-09-29,2020,-7.576307794569742,-10.965435981750488,-26.461029624938966,-23.715512466430663,-17.791828632354736,-10.965435981750488,-5.922943711280823,-3.3219307661055946,52.9694707870483,71.89883392333984,0.0,0.0,0.0,-8.449747158295516,0.8734393637257734
fat_tail|atr2|trail40|168h|300bps,2026-09-30,1837,-3.0627756011619085,-11.29470443725586,-25.1347297668457,-20.953716278076172,-16.686664581298828,-11.29470443725586,-5.803958415985107,6.6735831260681175,32.992548370361156,274.09271240234375,0.026673924877517692,0.0,0.0,-7.976335499285001,4.913559898123092
fat_tail|atr2|trail40|168h|300bps,2026-10-01,1830,-8.882529832463447,-10.280397415161133,-28.469370651245118,-25.081004714965818,-19.211294174194336,-10.280397415161133,-5.6220269203186035,-3.942619466781615,8.864005613327011,73.78490821838415,0.006010928961748634,0.002185792349726776,0.0,-11.276630483201563,2.3941006507381157
fat_tail|atr2|trail40|168h|300bps,2026-10-02,939,-13.734667164226945,-11.778684616088867,-36.584075927734375,-27.953958892822264,-19.983259201049805,-11.778684616088867,-7.001075267791748,-5.04858922958374,-4.002961421012882,48.18669540405274,0.0010649627263045794,0.0,0.0,-14.606280386030866,0.871613221803921
fat_tail|atr2|trail40|24h|100bps,2026-09-26,42,-2.6349990367889404,-2.6349990367889404,-2.6349990367889404,-2.6349990367889404,-2.6349990367889404,-2.6349990367889404,-2.6349990367889404,-2.6349990367889404,-2.6349990367889404,-2.6349990367889404,0.0,0.0,0.0,,
fat_tail|atr2|trail40|24h|100bps,2026-09-27,359,-9.424710680183262,-10.992383003234863,-26.889680862426758,-22.27275848388672,-16.752389907836914,-10.992383003234863,-3.9827191829681396,-2.3228264331817625,11.64360408782958,44.60784149169922,0.0,0.0,0.0,-11.293271562208016,1.8685608820247541
fat_tail|atr2|trail40|24h|100bps,2026-09-28,2396,-7.479594850785975,-8.885436534881592,-28.160990715026855,-24.110711097717285,-16.43380832672119,-8.885436534881592,-4.154302000999451,-0.5911471843719482,22.75924825668335,114.45524291992213,0.012520868113522538,0.0,0.0,-8.900874867213146,1.421280016427171
fat_tail|atr2|trail40|24h|100bps,2026-09-29,2080,-3.9864653652354787,-8.541572570800781,-24.41082630157471,-21.501646041870117,-15.570133686065674,-8.541572570800781,-2.794247627258301,17.65182323455813,53.80230712890625,76.10790565490724,0.0009615384615384616,0.0,0.0,-4.907102160655132,0.9206367954196533
fat_tail|atr2|trail40|24h|100bps,2026-09-30,1973,0.9397272158783374,-8.085932731628418,-22.297347259521484,-18.399607849121093,-14.57763385772705,-8.085932731628418,-2.761414051055908,18.939586639404293,36.325548553466604,276.09271240234375,0.03649265078560568,0.0,0.0,-3.5965404430432972,4.536267658921634
fat_tail|atr2|trail40|24h|100bps,2026-10-01,1913,-5.496510011227232,-7.846438884735107,-26.203436660766602,-22.709415435791016,-16.8381290435791,-7.846438884735107,-3.2741777896881104,3.6946810722351024,29.128371810913055,68.31168701171826,0.006795608991113434,0.0020909566126502874,0.0,-7.812240969950537,2.3157309587233046
fat_tail|atr2|trail40|24h|100bps,2026-10-02,939,-11.734667170288972,-9.778684616088867,-34.584075927734375,-25.953958892822264,-17.983259201049805,-9.778684616088867,-5.001075267791748,-3.0485892295837402,-2.0029614329338115,50.18669540405274,0.0010649627263045794,0.0,0.0,-12.606280392158148,0.8716132218691754
fat_tail|atr2|trail40|24h|200bps,2026-09-26,42,-3.6349990367889404,-3.6349990367889404,-3.6349990367889404,-3.6349990367889404,-3.6349990367889404,-3.6349990367889404,-3.6349990367889404,-3.6349990367889404,-3.6349990367889404,-3.6349990367889404,0.0,0.0,0.0,,
fat_tail|atr2|trail40|24h|200bps,2026-09-27,359,-10.42471067603252,-11.992383003234863,-27.889680862426758,-23.27275848388672,-17.752389907836914,-11.992383003234863,-4.98271918296814,-3.3228264331817625,10.64360408782958,43.60784149169922,0.0,0.0,0.0,-12.293271557913734,1.8685608818812138
fat_tail|atr2|trail40|24h|200bps,2026-09-28,2396,-8.479594850049,-9.885436534881592,-29.160990715026855,-25.110711097717285,-17.43380832672119,-9.885436534881592,-5.154302000999451,-1.5911471247673035,21.75924825668335,113.45524291992213,0.012103505843071787,0.0,0.0,-9.900874866468715,1.4212800164197148
fat_tail|atr2|trail40|24h|200bps,2026-09-29,2080,-4.986465355405101,-9.541572570800781,-25.41082630157471,-22.501646041870117,-16.570132732391357,-9.541572570800781,-3.794247627258301,16.65182323455813,52.80230712890625,75.10790565490724,0.0009615384615384616,0.0,0.0,-5.9071021507244925,0.9206367953193917
fat_tail|atr2|trail40|24h|200bps,2026-09-30,1973,-0.06027278116230607,-9.085932731628418,-23.297347259521484,-19.399607849121093,-15.57763385772705,-9.085932731628418,-3.761414051055908,17.939586639404293,35.325548553466604,275.09271240234375,0.03598580841358338,0.0,0.0,-4.5965404400351515,4.536267658872846
fat_tail|atr2|trail40|24h|200bps,2026-10-01,1913,-6.496510009618716,-8.846439361572266,-27.203436660766602,-23.709415435791016,-17.8381290435791,-8.846439361572266,-4.274177551269531,2.6946810722351024,28.128371810913055,67.31168701171826,0.006795608991113434,0.0020909566126502874,0.0,-8.812240968325026,2.31573095870631
fat_tail|atr2|trail40|24h|200bps,2026-10-02,939,-12.734667168987698,-10.778684616088867,-35.584075927734375,-26.953958892822264,-18.983259201049805,-10.778684616088867,-6.001075267791748,-4.04858922958374,-3.0029614210128828,49.18669540405274,0.0010649627263045794,0.0,0.0,-13.606280390842867,0.8716132218551689
fat_tail|atr2|trail40|24h|300bps,2026-09-26,42,-4.6349992752075195,-4.6349992752075195,-4.6349992752075195,-4.6349992752075195,-4.6349992752075195,-4.6349992752075195,-4.6349992752075195,-4.6349992752075195,-4.6349992752075195,-4.6349992752075195,0.0,0.0,0.0,,
fat_tail|atr2|trail40|24h|300bps,2026-09-27,359,-11.424710667619486,-12.992383003234863,-28.889680862426758,-24.27275848388672,-18.752389907836914,-12.992383003234863,-5.98271918296814,-4.322826480865478,9.64360408782958,42.60784149169922,0.0,0.0,0.0,-13.29327154920976,1.8685608815902732
fat_tail|atr2|trail40|24h|300bps,2026-09-28,2396,-9.479594860518217,-10.885436534881592,-30.160990715026855,-26.110711097717285,-18.43380832672119,-10.885436534881592,-6.154302000999451,-2.5911471843719482,20.75924825668335,112.45524291992213,0.012103505843071787,0.0,0.0,-10.90087487704386,1.4212800165256425
fat_tail|atr2|trail40|24h|300bps,2026-09-29,2080,-5.9864653490296265,-10.541572570800781,-26.41082630157471,-23.501646041870117,-17.570132732391357,-10.541572570800781,-4.794247627258301,15.651823139190698,51.80230712890625,74.10790565490724,0.0009615384615384616,0.0,0.0,-6.907102144283995,0.9206367952543681
fat_tail|atr2|trail40|24h|300bps,2026-09-30,1973,-1.0602727722540852,-10.085932731628418,-24.297347259521484,-20.399607849121093,-16.577634811401367,-10.085932731628418,-4.761414051055908,16.939586639404293,34.325548553466604,274.09271240234375,0.035478966041561075,0.0,0.0,-5.596540430980067,4.536267658725982
fat_tail|atr2|trail40|24h|300bps,2026-10-01,1913,-7.496510015067416,-9.846439361572266,-28.203436660766602,-24.709415435791016,-18.8381290435791,-9.846439361572266,-5.274177551269531,1.6946810960769605,27.128371810913055,66.31168701171826,0.00575013068478829,0.0020909566126502874,0.0,-9.812240973831294,2.3157309587638775
fat_tail|atr2|trail40|24h|300bps,2026-10-02,939,-13.734667164226945,-11.778684616088867,-36.584075927734375,-27.953958892822264,-19.983259201049805,-11.778684616088867,-7.001075267791748,-5.04858922958374,-4.002961421012882,48.18669540405274,0.0010649627263045794,0.0,0.0,-14.606280386030866,0.871613221803921
fat_tail|atr2|trail40|72h|100bps,2026-09-26,42,-2.6349990367889404,-2.6349990367889404,-2.6349990367889404,-2.6349990367889404,-2.6349990367889404,-2.6349990367889404,-2.6349990367889404,-2.6349990367889404,-2.6349990367889404,-2.6349990367889404,0.0,0.0,0.0,,
fat_tail|atr2|trail40|72h|100bps,2026-09-27,361,-9.525305096792712,-10.992383003234863,-26.889680862426758,-22.295196533203125,-16.75657844543457,-10.992383003234863,-3.981867551803589,-2.322611093521118,9.537726402282715,44.60784149169922,0.0,0.0,0.0,-11.38661672734258,1.8613116305498671
fat_tail|atr2|trail40|72h|100bps,2026-09-28,2405,-7.588531984732701,-9.066365242004395,-28.102117919921874,-24.024361038208006,-16.43357276916504,-9.066365242004395,-4.44687557220459,-2.331512594223023,28.428847122192277,114.3722250366211,0.012474012474012475,0.0,0.0,-9.057382204227087,1.468850219494386
fat_tail|atr2|trail40|72h|100bps,2026-09-29,2020,-5.5233876149548164,-8.965435981750488,-24.461029624938966,-21.715512466430663,-15.791829586029053,-8.965435981750488,-3.8334531784057617,3.2509584903717137,54.9694707870483,73.89883392333984,0.0,0.0,0.0,-6.396271038824705,0.8728834238698884
fat_tail|atr2|trail40|72h|100bps,2026-09-30,1837,-1.062775617693518,-9.29470443725586,-23.1347297668457,-18.953716278076172,-14.686665534973145,-9.29470443725586,-3.8039581775665283,8.673583412170412,34.992548370361156,276.09271240234375,0.026673924877517692,0.0,0.0,-5.976335516109691,4.913559898416173
fat_tail|atr2|trail40|72h|100bps,2026-10-01,1830,-6.88252982736611,-8.280397415161133,-26.469370651245118,-23.081004714965818,-17.211294174194336,-8.280397415161133,-3.6220271587371826,-1.9426195740699752,10.864005613327011,75.78490821838415,0.007103825136612022,0.002185792349726776,0.0,-9.276630478050746,2.3941006506846367
fat_tail|atr2|trail40|72h|100bps,2026-10-02,939,-11.734667170288972,-9.778684616088867,-34.584075927734375,-25.953958892822264,-17.983259201049805,-9.778684616088867,-5.001075267791748,-3.0485892295837402,-2.0029614329338115,50.18669540405274,0.0010649627263045794,0.0,0.0,-12.606280392158148,0.8716132218691754
fat_tail|atr2|trail40|72h|200bps,2026-09-26,42,-3.6349990367889404,-3.6349990367889404,-3.6349990367889404,-3.6349990367889404,-3.6349990367889404,-3.6349990367889404,-3.6349990367889404,-3.6349990367889404,-3.6349990367889404,-3.6349990367889404,0.0,0.0,0.0,,
fat_tail|atr2|trail40|72h|200bps,2026-09-27,361,-10.525305092664967,-11.992383003234863,-27.889680862426758,-23.295196533203125,-17.75657844543457,-11.992383003234863,-4.98186731338501,-3.322611093521118,8.537726402282715,43.60784149169922,0.0,0.0,0.0,-12.386616723072905,1.861311630407938
fat_tail|atr2|trail40|72h|200bps,2026-09-28,2405,-8.588531983877665,-10.066365242004395,-29.102117919921874,-25.024361038208006,-17.43357276916504,-10.066365242004395,-5.44687557220459,-3.331512594223023,27.428847122192277,113.3722250366211,0.012058212058212059,0.0,0.0,-10.057382203363069,1.4688502194854038
fat_tail|atr2|trail40|72h|200bps,2026-09-29,2020,-6.5233876037494385,-9.965435981750488,-25.461029624938966,-22.715512466430663,-16.791828632354736,-9.965435981750488,-4.833453178405762,2.2509584903717137,53.9694707870483,72.89883392333984,0.0,0.0,0.0,-7.396271027501611,0.8728834237521728
fat_tail|atr2|trail40|72h|200bps,2026-09-30,1837,-2.0627756121126803,-10.29470443725586,-24.1347297668457,-19.953716278076172,-15.686665534973145,-10.29470443725586,-4.803958415985107,7.6735831260681175,33.992548370361156,275.09271240234375,0.026673924877517692,0.0,0.0,-6.976335510429913,4.913559898317233
fat_tail|atr2|trail40|72h|200bps,2026-10-01,1830,-7.882529825041366,-9.280397415161133,-27.469370651245118,-24.081004714965818,-18.211294174194336,-9.280397415161133,-4.6220269203186035,-2.942619466781615,9.864005613327011,74.78490821838415,0.007103825136612022,0.002185792349726776,0.0,-10.276630475701612,2.3941006506602465
fat_tail|atr2|trail40|72h|200bps,2026-10-02,939,-12.734667168987698,-10.778684616088867,-35.584075927734375,-26.953958892822264,-18.983259201049805,-10.778684616088867,-6.001075267791748,-4.04858922958374,-3.0029614210128828,49.18669540405274,0.0010649627263045794,0.0,0.0,-13.606280390842867,0.8716132218551689
fat_tail|atr2|trail40|72h|300bps,2026-09-26,42,-4.6349992752075195,-4.6349992752075195,-4.6349992752075195,-4.6349992752075195,-4.6349992752075195,-4.6349992752075195,-4.6349992752075195,-4.6349992752075195,-4.6349992752075195,-4.6349992752075195,0.0,0.0,0.0,,
fat_tail|atr2|trail40|72h|300bps,2026-09-27,361,-11.525305080005687,-12.992383003234863,-28.889680862426758,-24.295196533203125,-18.75657844543457,-12.992383003234863,-5.98186731338501,-4.322611331939697,7.537726879119873,42.60784149169922,0.0,0.0,0.0,-13.386616709978348,1.8613116299726613
fat_tail|atr2|trail40|72h|300bps,2026-09-28,2405,-9.588531994819641,-11.066365242004395,-30.102117919921874,-26.024361038208006,-18.43357276916504,-11.066365242004395,-6.44687557220459,-4.331512737274171,26.428847122192277,112.3722250366211,0.012058212058212059,0.0,0.0,-11.057382214419983,1.4688502196003412
fat_tail|atr2|trail40|72h|300bps,2026-09-29,2020,-7.5233875942499475,-10.965435981750488,-26.461029624938966,-23.715512466430663,-17.791828632354736,-10.965435981750488,-5.833453178405762,1.2509585022926426,52.9694707870483,71.89883392333984,0.0,0.0,0.0,-8.396271017902325,0.8728834236523779
fat_tail|atr2|trail40|72h|300bps,2026-09-30,1837,-3.0627756011619085,-11.29470443725586,-25.1347297668457,-20.953716278076172,-16.686664581298828,-11.29470443725586,-5.803958415985107,6.6735831260681175,32.992548370361156,274.09271240234375,0.026673924877517692,0.0,0.0,-7.976335499285001,4.913559898123092
fat_tail|atr2|trail40|72h|300bps,2026-10-01,1830,-8.882529832463447,-10.280397415161133,-28.469370651245118,-25.081004714965818,-19.211294174194336,-10.280397415161133,-5.6220269203186035,-3.942619466781615,8.864005613327011,73.78490821838415,0.006010928961748634,0.002185792349726776,0.0,-11.276630483201563,2.3941006507381157
fat_tail|atr2|trail40|72h|300bps,2026-10-02,939,-13.734667164226945,-11.778684616088867,-36.584075927734375,-27.953958892822264,-19.983259201049805,-11.778684616088867,-7.001075267791748,-5.04858922958374,-4.002961421012882,48.18669540405274,0.0010649627263045794,0.0,0.0,-14.606280386030866,0.871613221803921
fat_tail|fixed10|trail20|168h|100bps,2026-09-26,0,,,,,,,,,,,,,,,
fat_tail|fixed10|trail20|168h|100bps,2026-09-27,368,-3.812155105497526,-11.0,-17.724290466308595,-11.0,-11.0,-11.0,-8.004269480705261,11.748740482330323,35.65253696441648,82.52350616455078,0.0,0.0,0.0,-6.722345934824997,2.9101908293274708
fat_tail|fixed10|trail20|168h|100bps,2026-09-28,2285,-7.343075729077335,-11.0,-11.0,-11.0,-11.0,-11.0,-7.252283573150635,2.687841892242431,11.24266452789304,69.53529357910156,0.000437636761487965,0.0,0.0,-8.39025958743558,1.0471838583582445
fat_tail|fixed10|trail20|168h|100bps,2026-09-29,1981,-6.148915616155107,-11.0,-11.0,-11.0,-11.0,-11.0,-7.930052280426025,6.094577312469482,16.964948654174805,57.599282836914114,0.0,0.0,0.0,-6.8938850317091465,0.7449694155540394
fat_tail|fixed10|trail20|168h|100bps,2026-09-30,1822,-2.35758742926182,-11.0,-11.0,-11.0,-11.0,-11.0,-2.3865635991096497,17.855410575866713,28.404317665100056,78.53703338623046,0.006586169045005488,0.0,0.0,-4.101423742938092,1.743836313676272
fat_tail|fixed10|trail20|168h|100bps,2026-10-01,1727,-0.517323276376272,-11.0,-11.0,-11.0,-11.0,-11.0,4.9992356300354,21.012631988525392,29.140531730651812,85.89461563110362,0.0052113491603937466,0.0,0.0,-1.84219031391631,1.324867037540038
fat_tail|fixed10|trail20|168h|100bps,2026-10-02,927,-3.955327432602644,-11.0,-11.0,-11.0,-11.0,-11.0,-7.8927836418151855,7.198770999908446,41.83886795043943,75.47208099365236,0.008629989212513484,0.0,0.0,-5.145455877764827,1.1901284451621832
fat_tail|fixed10|trail20|168h|200bps,2026-09-26,0,,,,,,,,,,,,,,,
fat_tail|fixed10|trail20|168h|200bps,2026-09-27,368,-4.812155102906019,-12.0,-18.724290466308595,-12.0,-12.0,-12.0,-9.00426959991455,10.748740482330323,34.65253696441648,81.52350616455078,0.0,0.0,0.0,-7.722345932146137,2.9101908292401175
fat_tail|fixed10|trail20|168h|200bps,2026-09-28,2285,-8.343075728030056,-12.0,-12.0,-12.0,-12.0,-12.0,-8.252283096313477,1.6878418922424314,10.24266452789304,68.53529357910156,0.000437636761487965,0.0,0.0,-9.390259586375308,1.0471838583452513
fat_tail|fixed10|trail20|168h|200bps,2026-09-29,1981,-7.14891561485779,-12.0,-12.0,-12.0,-12.0,-12.0,-8.930052757263184,5.094577312469482,15.964947700500488,56.599282836914114,0.0,0.0,0.0,-7.893885030398598,0.7449694155408082
fat_tail|fixed10|trail20|168h|200bps,2026-09-30,1822,-3.357587424758106,-12.0,-12.0,-12.0,-12.0,-12.0,-3.3865635991096497,16.855410575866713,27.404317665100056,77.53703338623046,0.006586169045005488,0.0,0.0,-5.101423738386918,1.7438363136288122
fat_tail|fixed10|trail20|168h|200bps,2026-10-01,1727,-1.5173232809019765,-12.0,-12.0,-12.0,-12.0,-12.0,3.999235510826111,20.012631988525392,28.140531730651812,84.89461563110362,0.004632310364794441,0.0,0.0,-2.8421903184896817,1.3248670375877052
fat_tail|fixed10|trail20|168h|200bps,2026-10-02,927,-4.955327431203148,-12.0,-12.0,-12.0,-12.0,-12.0,-8.892783641815186,6.198770999908446,40.83886795043943,74.47208099365236,0.008629989212513484,0.0,0.0,-6.14545587635007,1.1901284451469216
fat_tail|fixed10|trail20|168h|300bps,2026-09-26,0,,,,,,,,,,,,,,,
fat_tail|fixed10|trail20|168h|300bps,2026-09-27,368,-5.812155098431623,-13.0,-19.724290466308595,-13.0,-13.0,-13.0,-10.00426959991455,9.748740482330323,33.65253696441648,80.52350616455078,0.0,0.0,0.0,-8.722345927520916,2.9101908290892933
fat_tail|fixed10|trail20|168h|300bps,2026-09-28,2285,-9.343075731638779,-13.0,-13.0,-13.0,-13.0,-13.0,-9.252283096313477,0.6878418684005735,9.24266452789304,67.53529357910156,0.000437636761487965,0.0,0.0,-10.3902595900288,1.0471838583900208
fat_tail|fixed10|trail20|168h|300bps,2026-09-29,1981,-8.148915612873617,-13.0,-13.0,-13.0,-13.0,-13.0,-9.930052757263184,4.094577312469482,14.964947700500488,55.599282836914114,0.0,0.0,0.0,-8.89388502839419,0.7449694155205719
fat_tail|fixed10|trail20|168h|300bps,2026-09-30,1822,-4.357587424760151,-13.0,-13.0,-13.0,-13.0,-13.0,-4.386563539505005,15.855409717559828,26.404317665100056,76.53703338623046,0.0060373216245883645,0.0,0.0,-6.101423738388984,1.743836313628833
fat_tail|fixed10|trail20|168h|300bps,2026-10-01,1727,-2.5173232845053914,-13.0,-13.0,-13.0,-13.0,-13.0,2.9992353916168213,19.012631988525392,27.140531730651812,83.89461563110362,0.004632310364794441,0.0,0.0,-3.8421903221310494,1.324867037625658
fat_tail|fixed10|trail20|168h|300bps,2026-10-02,927,-5.95532743493748,-13.0,-13.0,-13.0,-13.0,-13.0,-9.892783641815186,5.198770999908446,39.83886795043943,73.47208099365236,0.007551240560949299,0.0,0.0,-7.145455880125125,1.1901284451876446
fat_tail|fixed10|trail20|24h|100bps,2026-09-26,42,-0.47712332010269165,-0.47712332010269165,-0.47712332010269165,-0.47712332010269165,-0.47712332010269165,-0.47712332010269165,-0.47712332010269165,-0.47712332010269165,-0.47712332010269165,-0.47712332010269165,0.0,0.0,0.0,,
fat_tail|fixed10|trail20|24h|100bps,2026-09-27,368,-3.5777904456076413,-11.0,-17.724290466308595,-11.0,-11.0,-11.0,-8.004269480705261,12.062662220001222,35.65253696441648,82.52350616455078,0.0,0.0,0.0,-6.480081342579274,2.9022908969716323
fat_tail|fixed10|trail20|24h|100bps,2026-09-28,2395,-6.62687417000886,-11.0,-11.0,-11.0,-11.0,-11.0,-3.7130532264709473,4.16564836502075,12.122995471954296,69.53529357910156,0.0004175365344467641,0.0,0.0,-7.616920779497934,0.9900466094890739
fat_tail|fixed10|trail20|24h|100bps,2026-09-29,2070,-4.266737993785904,-11.0,-11.0,-11.0,-11.0,-11.0,-0.5701846182346344,13.67614450454713,20.689113426208493,56.91222240447994,0.0,0.0,0.0,-4.991422402442934,0.7246844086570299
fat_tail|fixed10|trail20|24h|100bps,2026-09-30,1921,-1.6703126401045854,-11.0,-11.0,-11.0,-11.0,-11.0,1.3651643991470337,17.02509880065918,25.46486473083496,78.32501983642578,0.006246746486205101,0.0,0.0,-3.4024543861663705,1.7321417460617852
fat_tail|fixed10|trail20|24h|100bps,2026-10-01,1768,-0.2651091608053181,-11.0,-11.0,-11.0,-11.0,-11.0,4.963049650192261,20.21642017364502,31.35967521667478,81.16197029113685,0.005090497737556561,0.0,0.0,-1.5563422539914027,1.2912330931860847
fat_tail|fixed10|trail20|24h|100bps,2026-10-02,927,-3.955327432602644,-11.0,-11.0,-11.0,-11.0,-11.0,-7.8927836418151855,7.198770999908446,41.83886795043943,75.47208099365236,0.008629989212513484,0.0,0.0,-5.145455877764827,1.1901284451621832
fat_tail|fixed10|trail20|24h|200bps,2026-09-26,42,-1.4771233797073364,-1.4771233797073364,-1.4771233797073364,-1.4771233797073364,-1.4771233797073364,-1.4771233797073364,-1.4771233797073364,-1.4771233797073364,-1.4771233797073364,-1.4771233797073364,0.0,0.0,0.0,,
fat_tail|fixed10|trail20|24h|200bps,2026-09-27,368,-4.577790444311888,-12.0,-18.724290466308595,-12.0,-12.0,-12.0,-9.00426959991455,11.062662220001222,34.65253696441648,81.52350616455078,0.0,0.0,0.0,-7.480081341239844,2.9022908969279557
fat_tail|fixed10|trail20|24h|200bps,2026-09-28,2395,-7.626874168465568,-12.0,-12.0,-12.0,-12.0,-12.0,-4.713053226470947,3.1656482219696023,11.122995471954296,68.53529357910156,0.0004175365344467641,0.0,0.0,-8.616920777936386,0.9900466094708182
fat_tail|fixed10|trail20|24h|200bps,2026-09-29,2070,-5.266737992221778,-12.0,-12.0,-12.0,-12.0,-12.0,-1.5701846778392792,12.67614450454713,19.689113426208493,55.91222240447994,0.0,0.0,0.0,-5.991422400862777,0.7246844086409991
fat_tail|fixed10|trail20|24h|200bps,2026-09-30,1921,-2.6703126344273236,-12.0,-12.0,-12.0,-12.0,-12.0,0.3651643395423889,16.02509880065918,24.46486473083496,77.32501983642578,0.006246746486205101,0.0,0.0,-4.402454380426359,1.7321417459990358
fat_tail|fixed10|trail20|24h|200bps,2026-10-01,1768,-1.2651091651839301,-12.0,-12.0,-12.0,-12.0,-12.0,3.9630494117736816,19.21642017364502,30.35967521667478,80.16197029113685,0.004524886877828055,0.0,0.0,-2.556342258415052,1.2912330932311218
fat_tail|fixed10|trail20|24h|200bps,2026-10-02,927,-4.955327431203148,-12.0,-12.0,-12.0,-12.0,-12.0,-8.892783641815186,6.198770999908446,40.83886795043943,74.47208099365236,0.008629989212513484,0.0,0.0,-6.14545587635007,1.1901284451469216
fat_tail|fixed10|trail20|24h|300bps,2026-09-26,42,-2.477123260498047,-2.477123260498047,-2.477123260498047,-2.477123260498047,-2.477123260498047,-2.477123260498047,-2.477123260498047,-2.477123260498047,-2.477123260498047,-2.477123260498047,0.0,0.0,0.0,,
fat_tail|fixed10|trail20|24h|300bps,2026-09-27,368,-5.577790439837491,-13.0,-19.724290466308595,-13.0,-13.0,-13.0,-10.00426959991455,10.062662220001222,33.65253696441648,80.52350616455078,0.0,0.0,0.0,-8.480081336614624,2.9022908967771333
fat_tail|fixed10|trail20|24h|300bps,2026-09-28,2395,-8.626874171510059,-13.0,-13.0,-13.0,-13.0,-13.0,-5.713053226470947,2.1656482219696023,10.122995471954296,67.53529357910156,0.0004175365344467641,0.0,0.0,-9.61692078101689,0.9900466095068321
fat_tail|fixed10|trail20|24h|300bps,2026-09-29,2070,-6.266737989886104,-13.0,-13.0,-13.0,-13.0,-13.0,-2.570184648036957,11.67614450454713,18.689113426208493,54.91222240447994,0.0,0.0,0.0,-6.991422398503165,0.724684408617061
fat_tail|fixed10|trail20|24h|300bps,2026-09-30,1921,-3.6703126354909994,-13.0,-13.0,-13.0,-13.0,-13.0,-0.6348356604576111,15.02509880065918,23.46486473083496,76.32501983642578,0.005726184279021343,0.0,0.0,-5.4024543815017925,1.732141746010793
fat_tail|fixed10|trail20|24h|300bps,2026-10-01,1768,-2.2651091663575653,-13.0,-13.0,-13.0,-13.0,-13.0,2.9630494117736816,18.21642017364502,29.35967521667478,79.16197029113685,0.004524886877828055,0.0,0.0,-3.5563422596007586,1.2912330932431932
fat_tail|fixed10|trail20|24h|300bps,2026-10-02,927,-5.95532743493748,-13.0,-13.0,-13.0,-13.0,-13.0,-9.892783641815186,5.198770999908446,39.83886795043943,73.47208099365236,0.007551240560949299,0.0,0.0,-7.145455880125125,1.1901284451876446
fat_tail|fixed10|trail20|72h|100bps,2026-09-26,42,-0.19321346282958984,-0.19321346282958984,-0.19321346282958984,-0.19321346282958984,-0.19321346282958984,-0.19321346282958984,-0.19321346282958984,-0.19321346282958984,-0.19321346282958984,-0.19321346282958984,0.0,0.0,0.0,,
fat_tail|fixed10|trail20|72h|100bps,2026-09-27,368,-3.812155105497526,-11.0,-17.724290466308595,-11.0,-11.0,-11.0,-8.004269480705261,11.748740482330323,35.65253696441648,82.52350616455078,0.0,0.0,0.0,-6.722345934824997,2.9101908293274708
fat_tail|fixed10|trail20|72h|100bps,2026-09-28,2436,-6.771659019299361,-11.0,-11.0,-11.0,-11.0,-11.0,-4.044879794120789,3.306383967399597,9.938323020935059,69.53529357910156,0.00041050903119868636,0.0,0.0,-7.7465320676551634,0.9748730483558026
fat_tail|fixed10|trail20|72h|100bps,2026-09-29,2009,-6.09390405586083,-11.0,-11.0,-11.0,-11.0,-11.0,-7.483567237854004,5.592467880249034,16.831979370117185,57.3170515441895,0.0,0.0,0.0,-6.860125806686699,0.7662217508258689
fat_tail|fixed10|trail20|72h|100bps,2026-09-30,1822,-2.35758742926182,-11.0,-11.0,-11.0,-11.0,-11.0,-2.3865635991096497,17.855410575866713,28.404317665100056,78.53703338623046,0.006586169045005488,0.0,0.0,-4.101423742938092,1.743836313676272
fat_tail|fixed10|trail20|72h|100bps,2026-10-01,1727,-0.517323276376272,-11.0,-11.0,-11.0,-11.0,-11.0,4.9992356300354,21.012631988525392,29.140531730651812,85.89461563110362,0.0052113491603937466,0.0,0.0,-1.84219031391631,1.324867037540038
fat_tail|fixed10|trail20|72h|100bps,2026-10-02,927,-3.955327432602644,-11.0,-11.0,-11.0,-11.0,-11.0,-7.8927836418151855,7.198770999908446,41.83886795043943,75.47208099365236,0.008629989212513484,0.0,0.0,-5.145455877764827,1.1901284451621832
fat_tail|fixed10|trail20|72h|200bps,2026-09-26,42,-1.1932134628295898,-1.1932134628295898,-1.1932134628295898,-1.1932134628295898,-1.1932134628295898,-1.1932134628295898,-1.1932134628295898,-1.1932134628295898,-1.1932134628295898,-1.1932134628295898,0.0,0.0,0.0,,
fat_tail|fixed10|trail20|72h|200bps,2026-09-27,368,-4.812155102906019,-12.0,-18.724290466308595,-12.0,-12.0,-12.0,-9.00426959991455,10.748740482330323,34.65253696441648,81.52350616455078,0.0,0.0,0.0,-7.722345932146137,2.9101908292401175
fat_tail|fixed10|trail20|72h|200bps,2026-09-28,2436,-7.771659018354848,-12.0,-12.0,-12.0,-12.0,-12.0,-5.044879794120789,2.306383967399597,8.938323020935059,68.53529357910156,0.00041050903119868636,0.0,0.0,-8.746532066699668,0.9748730483448202
fat_tail|fixed10|trail20|72h|200bps,2026-09-29,2009,-7.09390405475219,-12.0,-12.0,-12.0,-12.0,-12.0,-8.483567237854004,4.592467880249034,15.831979751586914,56.3170515441895,0.0,0.0,0.0,-7.860125805566348,0.7662217508141582
fat_tail|fixed10|trail20|72h|200bps,2026-09-30,1822,-3.357587424758106,-12.0,-12.0,-12.0,-12.0,-12.0,-3.3865635991096497,16.855410575866713,27.404317665100056,77.53703338623046,0.006586169045005488,0.0,0.0,-5.101423738386918,1.7438363136288122
fat_tail|fixed10|trail20|72h|200bps,2026-10-01,1727,-1.5173232809019765,-12.0,-12.0,-12.0,-12.0,-12.0,3.999235510826111,20.012631988525392,28.140531730651812,84.89461563110362,0.004632310364794441,0.0,0.0,-2.8421903184896817,1.3248670375877052
fat_tail|fixed10|trail20|72h|200bps,2026-10-02,927,-4.955327431203148,-12.0,-12.0,-12.0,-12.0,-12.0,-8.892783641815186,6.198770999908446,40.83886795043943,74.47208099365236,0.008629989212513484,0.0,0.0,-6.14545587635007,1.1901284451469216
fat_tail|fixed10|trail20|72h|300bps,2026-09-26,42,-2.19321346282959,-2.19321346282959,-2.19321346282959,-2.19321346282959,-2.19321346282959,-2.19321346282959,-2.19321346282959,-2.19321346282959,-2.19321346282959,-2.19321346282959,0.0,0.0,0.0,,
fat_tail|fixed10|trail20|72h|300bps,2026-09-27,368,-5.812155098431623,-13.0,-19.724290466308595,-13.0,-13.0,-13.0,-10.00426959991455,9.748740482330323,33.65253696441648,80.52350616455078,0.0,0.0,0.0,-8.722345927520916,2.9101908290892933
fat_tail|fixed10|trail20|72h|300bps,2026-09-28,2436,-8.771659021757655,-13.0,-13.0,-13.0,-13.0,-13.0,-6.044879794120789,1.3063838481903076,7.938323378562927,67.53529357910156,0.00041050903119868636,0.0,0.0,-9.746532070142042,0.9748730483843868
fat_tail|fixed10|trail20|72h|300bps,2026-09-29,2009,-8.093904052914347,-13.0,-13.0,-13.0,-13.0,-13.0,-9.483567237854004,3.592468070983897,14.831979751586914,55.3170515441895,0.0,0.0,0.0,-8.86012580370909,0.7662217507947435
fat_tail|fixed10|trail20|72h|300bps,2026-09-30,1822,-4.357587424760151,-13.0,-13.0,-13.0,-13.0,-13.0,-4.386563539505005,15.855409717559828,26.404317665100056,76.53703338623046,0.0060373216245883645,0.0,0.0,-6.101423738388984,1.743836313628833
fat_tail|fixed10|trail20|72h|300bps,2026-10-01,1727,-2.5173232845053914,-13.0,-13.0,-13.0,-13.0,-13.0,2.9992353916168213,19.012631988525392,27.140531730651812,83.89461563110362,0.004632310364794441,0.0,0.0,-3.8421903221310494,1.324867037625658
fat_tail|fixed10|trail20|72h|300bps,2026-10-02,927,-5.95532743493748,-13.0,-13.0,-13.0,-13.0,-13.0,-9.892783641815186,5.198770999908446,39.83886795043943,73.47208099365236,0.007551240560949299,0.0,0.0,-7.145455880125125,1.1901284451876446
fat_tail|fixed10|trail30|168h|100bps,2026-09-26,0,,,,,,,,,,,,,,,
fat_tail|fixed10|trail30|168h|100bps,2026-09-27,359,-7.135266425632833,-11.0,-17.80088405609131,-11.768083763122556,-11.0,-11.0,-11.0,-2.1867582321167007,18.95090694427489,68.87581634521484,0.0,0.0,0.0,-9.763891766411426,2.6286253407785933
fat_tail|fixed10|trail30|168h|100bps,2026-09-28,2203,-9.28898038475001,-11.0,-11.642334651947015,-11.0,-11.0,-11.0,-11.0,-6.1530879974365265,5.167097377777109,57.25479507446289,0.0,0.0,0.0,-10.162587272594514,0.8736068878445042
fat_tail|fixed10|trail30|168h|100bps,2026-09-29,1869,-7.814901755416119,-11.0,-11.0,-11.0,-11.0,-11.0,-11.0,-4.1363067626953125,10.965891838073727,49.20691390991206,0.002675227394328518,0.0,0.0,-8.652999628814491,0.8380978733983726
fat_tail|fixed10|trail30|168h|100bps,2026-09-30,1670,-4.032167979545088,-11.0,-11.0,-11.0,-11.0,-11.0,-11.0,13.426993179321322,39.58276176452637,68.77948104858396,0.005988023952095809,0.0,0.0,-5.902690154802858,1.8705221752577703
fat_tail|fixed10|trail30|168h|100bps,2026-10-01,1549,-4.713839254592737,-11.0,-15.079648780822753,-11.0,-11.0,-11.0,-11.0,9.859071540832531,22.626141738891558,70.2738619995117,0.0025823111684958036,0.001936733376371853,0.0,-6.670101918593603,1.9562626640008656
fat_tail|fixed10|trail30|168h|100bps,2026-10-02,869,-6.73265571910695,-11.0,-11.0,-11.0,-11.0,-11.0,-11.0,-2.3469788074493345,30.55076751708983,66.27582427978419,0.0034522439585730723,0.0,0.0,-7.801945320044666,1.069289600937716
fat_tail|fixed10|trail30|168h|200bps,2026-09-26,0,,,,,,,,,,,,,,,
fat_tail|fixed10|trail30|168h|200bps,2026-09-27,359,-8.135266424470625,-12.0,-18.80088405609131,-12.768083763122556,-12.0,-12.0,-12.0,-3.1867582321167007,17.95090694427489,67.87581634521484,0.0,0.0,0.0,-10.763891765209028,2.6286253407384024
fat_tail|fixed10|trail30|168h|200bps,2026-09-28,2203,-10.288980383610271,-12.0,-12.642334651947015,-12.0,-12.0,-12.0,-12.0,-7.1530879974365265,4.167097377777109,56.25479507446289,0.0,0.0,0.0,-11.162587271441163,0.873606887830892
fat_tail|fixed10|trail30|168h|200bps,2026-09-29,1869,-8.8149017541903,-12.0,-12.0,-12.0,-12.0,-12.0,-12.0,-5.1363067626953125,9.965891838073727,48.20691390991206,0.002675227394328518,0.0,0.0,-9.652999627576083,0.8380978733857827
fat_tail|fixed10|trail30|168h|200bps,2026-09-30,1670,-5.032167970433742,-12.0,-12.0,-12.0,-12.0,-12.0,-12.0,12.426993179321322,38.58276176452637,67.77948104858396,0.005988023952095809,0.0,0.0,-6.902690154828775,1.8705221843950337
fat_tail|fixed10|trail30|168h|200bps,2026-10-01,1549,-5.713839258972178,-12.0,-16.079648208618163,-12.0,-12.0,-12.0,-12.0,8.859071540832531,21.626141738891558,69.2738619995117,0.0025823111684958036,0.001936733376371853,0.0,-7.670101923018752,1.956262664046574
fat_tail|fixed10|trail30|168h|200bps,2026-10-02,869,-7.732655717387916,-12.0,-12.0,-12.0,-12.0,-12.0,-12.0,-3.3469788074493345,29.55076751708983,65.27582427978419,0.0034522439585730723,0.0,0.0,-8.801945318307641,1.069289600919726
fat_tail|fixed10|trail30|168h|300bps,2026-09-26,0,,,,,,,,,,,,,,,
fat_tail|fixed10|trail30|168h|300bps,2026-09-27,359,-9.135266421897166,-13.0,-19.80088405609131,-13.768083763122556,-13.0,-13.0,-13.0,-4.186758041381838,16.95090694427489,66.87581634521484,0.0,0.0,0.0,-11.763891762546573,2.628625340649407
fat_tail|fixed10|trail30|168h|300bps,2026-09-28,2203,-11.288980387174915,-13.0,-13.642334651947015,-13.0,-13.0,-13.0,-13.0,-8.153087997436527,3.167097401618967,55.25479507446289,0.0,0.0,0.0,-12.16258727504838,0.873606887873466
fat_tail|fixed10|trail30|168h|300bps,2026-09-29,1869,-9.814901754568512,-13.0,-13.0,-13.0,-13.0,-13.0,-13.0,-6.1363067626953125,8.965891838073727,47.20691390991206,0.002675227394328518,0.0,0.0,-10.652999627958177,0.8380978733896658
fat_tail|fixed10|trail30|168h|300bps,2026-09-30,1670,-6.032167968729477,-13.0,-13.0,-13.0,-13.0,-13.0,-13.0,11.426993179321322,37.58276176452637,66.77948104858396,0.005988023952095809,0.0,0.0,-7.902690153106984,1.8705221843775064
fat_tail|fixed10|trail30|168h|300bps,2026-10-01,1549,-6.713839264609415,-13.0,-17.07964859008789,-13.0,-13.0,-13.0,-13.0,7.859071540832531,20.626141738891558,68.2738619995117,0.0025823111684958036,0.001936733376371853,0.0,-8.670101928714825,1.9562626641054095
fat_tail|fixed10|trail30|168h|300bps,2026-10-02,869,-8.732655716950655,-13.0,-13.0,-13.0,-13.0,-13.0,-13.0,-4.346978855133051,28.55076751708983,64.27582427978419,0.0034522439585730723,0.0,0.0,-9.801945317865805,1.06928960091515
fat_tail|fixed10|trail30|24h|100bps,2026-09-26,42,-0.47712332010269165,-0.47712332010269165,-0.47712332010269165,-0.47712332010269165,-0.47712332010269165,-0.47712332010269165,-0.47712332010269165,-0.47712332010269165,-0.47712332010269165,-0.47712332010269165,0.0,0.0,0.0,,
fat_tail|fixed10|trail30|24h|100bps,2026-09-27,367,-6.572496873562602,-11.0,-17.732401657104493,-11.0,-11.0,-11.0,-11.0,2.1606350421906733,18.621113777160634,68.87581634521484,0.0,0.0,0.0,-9.122862390817051,2.5503655172544493
fat_tail|fixed10|trail30|24h|100bps,2026-09-28,2367,-8.22292645231289,-11.0,-11.0,-11.0,-11.0,-11.0,-11.0,1.002987265586853,10.17642946243286,57.25479507446289,0.0,0.0,0.0,-9.023492361152753,0.8005659088398627
fat_tail|fixed10|trail30|24h|100bps,2026-09-29,2062,-5.2051635664624865,-11.0,-11.0,-11.0,-11.0,-11.0,-4.873949885368347,10.400113487243653,20.89352560043335,48.02227149963379,0.0024248302618816685,0.0,0.0,-5.993164628083393,0.7880010616209061
fat_tail|fixed10|trail30|24h|100bps,2026-09-30,1892,-1.6686846746993078,-11.0,-11.0,-11.0,-11.0,-11.0,0.5264296531677246,20.21775512695313,35.862018203735126,67.79029647827142,0.005285412262156448,0.0,0.0,-3.3731124596652244,1.7044277849659166
fat_tail|fixed10|trail30|24h|100bps,2026-10-01,1687,-2.881947213098204,-11.0,-14.142962551116943,-11.0,-11.0,-11.0,-1.6099201440811157,18.420194625854496,29.194702529907225,68.08847732543921,0.0023710729104919974,0.0017783046828689982,0.0,-4.703631633321593,1.8216844202233893
fat_tail|fixed10|trail30|24h|100bps,2026-10-02,869,-6.73265571910695,-11.0,-11.0,-11.0,-11.0,-11.0,-11.0,-2.3469788074493345,30.55076751708983,66.27582427978419,0.0034522439585730723,0.0,0.0,-7.801945320044666,1.069289600937716
fat_tail|fixed10|trail30|24h|200bps,2026-09-26,42,-1.4771233797073364,-1.4771233797073364,-1.4771233797073364,-1.4771233797073364,-1.4771233797073364,-1.4771233797073364,-1.4771233797073364,-1.4771233797073364,-1.4771233797073364,-1.4771233797073364,0.0,0.0,0.0,,
fat_tail|fixed10|trail30|24h|200bps,2026-09-27,367,-7.572496872425729,-12.0,-18.732401657104493,-12.0,-12.0,-12.0,-12.0,1.1606349289418483,17.621113777160634,67.87581634521484,0.0,0.0,0.0,-10.122862389641748,2.5503655172160187
fat_tail|fixed10|trail30|24h|200bps,2026-09-28,2367,-9.222926450657502,-12.0,-12.0,-12.0,-12.0,-12.0,-12.0,0.002987291431054473,9.17642946243286,56.25479507446289,0.0,0.0,0.0,-10.023492359478979,0.8005659088214774
fat_tail|fixed10|trail30|24h|200bps,2026-09-29,2062,-6.20516356387583,-12.0,-12.0,-12.0,-12.0,-12.0,-5.873949885368347,9.400113487243653,19.89352560043335,47.02227149963379,0.0024248302618816685,0.0,0.0,-6.993164625470123,0.7880010615942927
fat_tail|fixed10|trail30|24h|200bps,2026-09-30,1892,-2.668684665552768,-12.0,-12.0,-12.0,-12.0,-12.0,-0.4735703691840172,19.21775512695313,34.862018203735126,66.79029647827142,0.005285412262156448,0.0,0.0,-4.373112458572611,1.704427793019843
fat_tail|fixed10|trail30|24h|200bps,2026-10-01,1687,-3.8819472174992136,-12.0,-15.142962551116943,-12.0,-12.0,-12.0,-2.6099201440811157,17.420194625854496,28.194702529907225,67.08847732543921,0.0023710729104919974,0.0017783046828689982,0.0,-5.703631637767403,1.8216844202681894
fat_tail|fixed10|trail30|24h|200bps,2026-10-02,869,-7.732655717387916,-12.0,-12.0,-12.0,-12.0,-12.0,-12.0,-3.3469788074493345,29.55076751708983,65.27582427978419,0.0034522439585730723,0.0,0.0,-8.801945318307641,1.069289600919726
fat_tail|fixed10|trail30|24h|300bps,2026-09-26,42,-2.477123260498047,-2.477123260498047,-2.477123260498047,-2.477123260498047,-2.477123260498047,-2.477123260498047,-2.477123260498047,-2.477123260498047,-2.477123260498047,-2.477123260498047,0.0,0.0,0.0,,
fat_tail|fixed10|trail30|24h|300bps,2026-09-27,367,-8.572496869908367,-13.0,-19.732401657104493,-13.0,-13.0,-13.0,-13.0,0.16063494682324175,16.62111349105834,66.87581634521484,0.0,0.0,0.0,-11.122862387039293,2.550365517130926
fat_tail|fixed10|trail30|24h|300bps,2026-09-28,2367,-10.22292645388044,-13.0,-13.0,-13.0,-13.0,-13.0,-13.0,-0.997012734413147,8.17642946243286,55.25479507446289,0.0,0.0,0.0,-11.023492362737713,0.8005659088572727
fat_tail|fixed10|trail30|24h|300bps,2026-09-29,2062,-7.205163563940926,-13.0,-13.0,-13.0,-13.0,-13.0,-6.873949885368347,8.400113487243653,18.89352560043335,46.02227149963379,0.0024248302618816685,0.0,0.0,-7.993164625535888,0.7880010615949624
fat_tail|fixed10|trail30|24h|300bps,2026-09-30,1892,-3.6686846652052445,-13.0,-13.0,-13.0,-13.0,-13.0,-1.4735703468322754,18.21775512695313,33.862018203735126,65.79029647827142,0.005285412262156448,0.0,0.0,-5.373112458221563,1.7044277930163183
fat_tail|fixed10|trail30|24h|300bps,2026-10-01,1687,-4.881947221120717,-13.0,-16.14296188354492,-13.0,-13.0,-13.0,-3.6099201440811157,16.420194625854496,27.194702529907225,66.08847732543921,0.0023710729104919974,0.0017783046828689982,0.0,-6.703631641425773,1.821684420305056
fat_tail|fixed10|trail30|24h|300bps,2026-10-02,869,-8.732655716950655,-13.0,-13.0,-13.0,-13.0,-13.0,-13.0,-4.346978855133051,28.55076751708983,64.27582427978419,0.0034522439585730723,0.0,0.0,-9.801945317865805,1.06928960091515
fat_tail|fixed10|trail30|72h|100bps,2026-09-26,42,-0.19321346282958984,-0.19321346282958984,-0.19321346282958984,-0.19321346282958984,-0.19321346282958984,-0.19321346282958984,-0.19321346282958984,-0.19321346282958984,-0.19321346282958984,-0.19321346282958984,0.0,0.0,0.0,,
fat_tail|fixed10|trail30|72h|100bps,2026-09-27,368,-6.715315758615084,-11.0,-17.791056442260743,-11.19818878173828,-11.0,-11.0,-11.0,1.803820109367411,18.570969104766824,68.87581634521484,0.0,0.0,0.0,-9.263331447508229,2.5480156888931447
fat_tail|fixed10|trail30|72h|100bps,2026-09-28,2377,-8.35032273687894,-11.0,-11.0,-11.0,-11.0,-11.0,-11.0,1.1638242006301882,9.509947586059566,57.25479507446289,0.0,0.0,0.0,-9.148892322584102,0.7985695857051613
fat_tail|fixed10|trail30|72h|100bps,2026-09-29,1897,-7.598706521694762,-11.0,-11.0,-11.0,-11.0,-11.0,-11.0,-2.2861576080322155,10.911748123168937,48.9968615722656,0.002635740643120717,0.0,0.0,-8.422121514424411,0.8234149927296492
fat_tail|fixed10|trail30|72h|100bps,2026-09-30,1670,-4.032167979545088,-11.0,-11.0,-11.0,-11.0,-11.0,-11.0,13.426993179321322,39.58276176452637,68.77948104858396,0.005988023952095809,0.0,0.0,-5.902690154802858,1.8705221752577703
fat_tail|fixed10|trail30|72h|100bps,2026-10-01,1549,-4.713839254592737,-11.0,-15.079648780822753,-11.0,-11.0,-11.0,-11.0,9.859071540832531,22.626141738891558,70.2738619995117,0.0025823111684958036,0.001936733376371853,0.0,-6.670101918593603,1.9562626640008656
fat_tail|fixed10|trail30|72h|100bps,2026-10-02,869,-6.73265571910695,-11.0,-11.0,-11.0,-11.0,-11.0,-11.0,-2.3469788074493345,30.55076751708983,66.27582427978419,0.0034522439585730723,0.0,0.0,-7.801945320044666,1.069289600937716
fat_tail|fixed10|trail30|72h|200bps,2026-09-26,42,-1.1932134628295898,-1.1932134628295898,-1.1932134628295898,-1.1932134628295898,-1.1932134628295898,-1.1932134628295898,-1.1932134628295898,-1.1932134628295898,-1.1932134628295898,-1.1932134628295898,0.0,0.0,0.0,,
fat_tail|fixed10|trail30|72h|200bps,2026-09-27,368,-7.7153157574813,-12.0,-18.791056442260743,-12.19818878173828,-12.0,-12.0,-12.0,0.8038200169802117,17.570969104766824,67.87581634521484,0.0,0.0,0.0,-10.263331446336226,2.5480156888549255
fat_tail|fixed10|trail30|72h|200bps,2026-09-28,2377,-9.35032273586142,-12.0,-12.0,-12.0,-12.0,-12.0,-12.0,0.1638242304325105,8.509947586059566,56.25479507446289,0.0,0.0,0.0,-10.14889232155533,0.7985695856939099
fat_tail|fixed10|trail30|72h|200bps,2026-09-29,1897,-8.598706521131158,-12.0,-12.0,-12.0,-12.0,-12.0,-12.0,-3.2861576080322155,9.911748123168937,47.9968615722656,0.002635740643120717,0.0,0.0,-9.422121513855105,0.8234149927239471
fat_tail|fixed10|trail30|72h|200bps,2026-09-30,1670,-5.032167970433742,-12.0,-12.0,-12.0,-12.0,-12.0,-12.0,12.426993179321322,38.58276176452637,67.77948104858396,0.005988023952095809,0.0,0.0,-6.902690154828775,1.8705221843950337
fat_tail|fixed10|trail30|72h|200bps,2026-10-01,1549,-5.713839258972178,-12.0,-16.079648208618163,-12.0,-12.0,-12.0,-12.0,8.859071540832531,21.626141738891558,69.2738619995117,0.0025823111684958036,0.001936733376371853,0.0,-7.670101923018752,1.956262664046574
fat_tail|fixed10|trail30|72h|200bps,2026-10-02,869,-7.732655717387916,-12.0,-12.0,-12.0,-12.0,-12.0,-12.0,-3.3469788074493345,29.55076751708983,65.27582427978419,0.0034522439585730723,0.0,0.0,-8.801945318307641,1.069289600919726
fat_tail|fixed10|trail30|72h|300bps,2026-09-26,42,-2.19321346282959,-2.19321346282959,-2.19321346282959,-2.19321346282959,-2.19321346282959,-2.19321346282959,-2.19321346282959,-2.19321346282959,-2.19321346282959,-2.19321346282959,0.0,0.0,0.0,,
fat_tail|fixed10|trail30|72h|300bps,2026-09-27,368,-8.71531575108352,-13.0,-19.791056442260743,-13.19818878173828,-13.0,-13.0,-13.0,-0.19617996215816258,16.570968770980812,66.87581634521484,0.0,0.0,0.0,-11.26333143972279,2.5480156886392713
fat_tail|fixed10|trail30|72h|300bps,2026-09-28,2377,-10.350322739183346,-13.0,-13.0,-13.0,-13.0,-13.0,-13.0,-0.8361757993698119,7.509947586059566,55.25479507446289,0.0,0.0,0.0,-11.148892324913993,0.7985695857306467
fat_tail|fixed10|trail30|72h|300bps,2026-09-29,1897,-9.59870652166285,-13.0,-13.0,-13.0,-13.0,-13.0,-13.0,-4.286157608032216,8.911748123168937,46.9968615722656,0.002635740643120717,0.0,0.0,-10.422121514392177,0.8234149927293277
fat_tail|fixed10|trail30|72h|300bps,2026-09-30,1670,-6.032167968729477,-13.0,-13.0,-13.0,-13.0,-13.0,-13.0,11.426993179321322,37.58276176452637,66.77948104858396,0.005988023952095809,0.0,0.0,-7.902690153106984,1.8705221843775064
fat_tail|fixed10|trail30|72h|300bps,2026-10-01,1549,-6.713839264609415,-13.0,-17.07964859008789,-13.0,-13.0,-13.0,-13.0,7.859071540832531,20.626141738891558,68.2738619995117,0.0025823111684958036,0.001936733376371853,0.0,-8.670101928714825,1.9562626641054095
fat_tail|fixed10|trail30|72h|300bps,2026-10-02,869,-8.732655716950655,-13.0,-13.0,-13.0,-13.0,-13.0,-13.0,-4.346978855133051,28.55076751708983,64.27582427978419,0.0034522439585730723,0.0,0.0,-9.801945317865805,1.06928960091515
fat_tail|fixed10|trail40|168h|100bps,2026-09-26,0,,,,,,,,,,,,,,,
fat_tail|fixed10|trail40|168h|100bps,2026-09-27,359,-9.327514279519615,-11.0,-17.80088405609131,-12.10607738494873,-11.0,-11.0,-11.0,-11.0,3.8384124040603553,44.60784149169922,0.0,0.0,0.0,-11.192713902731795,1.8651996232121792
fat_tail|fixed10|trail40|168h|100bps,2026-09-28,2183,-9.891583601515391,-11.0,-12.616761875152587,-11.0,-11.0,-11.0,-11.0,-11.0,-7.494567012786865,67.11436218261696,0.007329363261566651,0.0,0.0,-11.205884834866124,1.314301233350733
fat_tail|fixed10|trail40|168h|100bps,2026-09-29,1810,-8.28108964200178,-11.0,-11.0,-11.0,-11.0,-11.0,-11.0,-11.0,14.260137557983398,75.255477218628,0.0,0.0,0.0,-9.195576822171992,0.9144871801702124
fat_tail|fixed10|trail40|168h|100bps,2026-09-30,1661,-6.093069881783919,-11.0,-11.0,-11.0,-11.0,-11.0,-11.0,-0.24303774535655975,23.543888092041016,89.87741088867189,0.008428657435279952,0.0,0.0,-7.805237758759672,1.7121678769757533
fat_tail|fixed10|trail40|168h|100bps,2026-10-01,1545,-7.510047204401887,-11.0,-15.136109733581542,-11.0,-11.0,-11.0,-11.0,-4.931529140472406,7.991452312469479,58.04993515014647,0.005177993527508091,0.001941747572815534,0.0,-9.305883950661647,1.7958367462597602
fat_tail|fixed10|trail40|168h|100bps,2026-10-02,821,-10.252074162794525,-11.0,-11.0,-11.0,-11.0,-11.0,-11.0,-11.0,-11.0,12.741191864013672,0.001218026796589525,0.0,0.0,-11.02227138926401,0.7701972264694845
fat_tail|fixed10|trail40|168h|200bps,2026-09-26,0,,,,,,,,,,,,,,,
fat_tail|fixed10|trail40|168h|200bps,2026-09-27,359,-10.327514277776304,-12.0,-18.80088405609131,-13.10607738494873,-12.0,-12.0,-12.0,-12.0,2.8384124040603553,43.60784149169922,0.0,0.0,0.0,-12.192713900928196,1.8651996231518915
fat_tail|fixed10|trail40|168h|200bps,2026-09-28,2183,-10.89158360096931,-12.0,-13.616761875152587,-12.0,-12.0,-12.0,-12.0,-12.0,-8.494567394256592,66.11436218261696,0.007329363261566651,0.0,0.0,-12.205884834314485,1.3143012333451747
fat_tail|fixed10|trail40|168h|200bps,2026-09-29,1810,-9.28108963940025,-12.0,-12.0,-12.0,-12.0,-12.0,-12.0,-12.0,13.260137557983398,74.255477218628,0.0,0.0,0.0,-10.195576819542865,0.9144871801426149
fat_tail|fixed10|trail40|168h|200bps,2026-09-30,1661,-7.093069878141612,-12.0,-12.0,-12.0,-12.0,-12.0,-12.0,-1.2430377006530762,22.543888092041016,88.87741088867189,0.008428657435279952,0.0,0.0,-8.805237755079702,1.7121678769380901
fat_tail|fixed10|trail40|168h|200bps,2026-10-01,1545,-8.510047205081843,-12.0,-16.136108970642088,-12.0,-12.0,-12.0,-12.0,-5.931529140472406,6.991451930999753,57.04993515014647,0.005177993527508091,0.001941747572815534,0.0,-10.305883951348717,1.7958367462668736
fat_tail|fixed10|trail40|168h|200bps,2026-10-02,821,-11.252074162758225,-12.0,-12.0,-12.0,-12.0,-12.0,-12.0,-12.0,-12.0,11.741191864013672,0.001218026796589525,0.0,0.0,-12.022271389227079,0.7701972264688539
fat_tail|fixed10|trail40|168h|300bps,2026-09-26,0,,,,,,,,,,,,,,,
fat_tail|fixed10|trail40|168h|300bps,2026-09-27,359,-11.327514274427175,-13.0,-19.80088405609131,-14.10607738494873,-13.0,-13.0,-13.0,-13.0,1.8384125113487157,42.60784149169922,0.0,0.0,0.0,-13.192713897463246,1.8651996230360712
fat_tail|fixed10|trail40|168h|300bps,2026-09-28,2183,-11.8915836038021,-13.0,-14.616761875152587,-13.0,-13.0,-13.0,-13.0,-13.0,-9.494567394256592,65.11436218261696,0.007329363261566651,0.0,0.0,-13.205884837176114,1.3143012333740138
fat_tail|fixed10|trail40|168h|300bps,2026-09-29,1810,-10.281089639630766,-13.0,-13.0,-13.0,-13.0,-13.0,-13.0,-13.0,12.260137557983398,73.255477218628,0.0,0.0,0.0,-11.195576819775825,0.9144871801450591
fat_tail|fixed10|trail40|168h|300bps,2026-09-30,1661,-8.093069880240872,-13.0,-13.0,-13.0,-13.0,-13.0,-13.0,-2.243037700653076,21.543888092041016,87.87741088867189,0.008428657435279952,0.0,0.0,-9.80523775720067,1.712167876959798
fat_tail|fixed10|trail40|168h|300bps,2026-10-01,1545,-9.510047207333894,-13.0,-17.136109161376954,-13.0,-13.0,-13.0,-13.0,-6.931529140472406,5.991451930999753,56.04993515014647,0.003883495145631068,0.001941747572815534,0.0,-11.305883953624337,1.7958367462904423
fat_tail|fixed10|trail40|168h|300bps,2026-10-02,821,-12.252074161669224,-13.0,-13.0,-13.0,-13.0,-13.0,-13.0,-13.0,-13.0,10.741191864013672,0.001218026796589525,0.0,0.0,-13.022271388119186,0.7701972264499624
fat_tail|fixed10|trail40|24h|100bps,2026-09-26,42,-0.47712332010269165,-0.47712332010269165,-0.47712332010269165,-0.47712332010269165,-0.47712332010269165,-0.47712332010269165,-0.47712332010269165,-0.47712332010269165,-0.47712332010269165,-0.47712332010269165,0.0,0.0,0.0,,
fat_tail|fixed10|trail40|24h|100bps,2026-09-27,367,-8.71695730829109,-11.0,-17.732401657104493,-11.264251708984373,-11.0,-11.0,-11.0,-10.186123657226494,11.369030475616446,44.60784149169922,0.0,0.0,0.0,-10.519485718431607,1.8025284101405177
fat_tail|fixed10|trail40|24h|100bps,2026-09-28,2286,-8.762745902679653,-11.0,-11.0,-11.0,-11.0,-11.0,-11.0,-2.4284790754318237,4.929007411003113,66.36108474731451,0.00699912510936133,0.0,0.0,-10.040252787919927,1.2775068852402747
fat_tail|fixed10|trail40|24h|100bps,2026-09-29,2040,-5.454932676456576,-11.0,-11.0,-11.0,-11.0,-11.0,-11.0,11.7181859970093,20.89114809036255,73.8577633666992,0.0,0.0,0.0,-6.318457396915934,0.8635247204593579
fat_tail|fixed10|trail40|24h|100bps,2026-09-30,1883,-2.5413394335672073,-11.0,-11.0,-11.0,-11.0,-11.0,-3.3546228408813477,15.832535743713379,25.140263175964343,132.80958679199222,0.02177376526818906,0.0,0.0,-4.324790802048486,1.7834513684812792
fat_tail|fixed10|trail40|24h|100bps,2026-10-01,1687,-5.361899455208784,-11.0,-14.22359685897827,-11.0,-11.0,-11.0,-11.0,11.042024421691899,25.375726509094235,57.75525100708006,0.004742145820983995,0.0017783046828689982,0.0,-7.02339537458684,1.6614959193780559
fat_tail|fixed10|trail40|24h|100bps,2026-10-02,821,-10.252074162794525,-11.0,-11.0,-11.0,-11.0,-11.0,-11.0,-11.0,-11.0,12.741191864013672,0.001218026796589525,0.0,0.0,-11.02227138926401,0.7701972264694845
fat_tail|fixed10|trail40|24h|200bps,2026-09-26,42,-1.4771233797073364,-1.4771233797073364,-1.4771233797073364,-1.4771233797073364,-1.4771233797073364,-1.4771233797073364,-1.4771233797073364,-1.4771233797073364,-1.4771233797073364,-1.4771233797073364,0.0,0.0,0.0,,
fat_tail|fixed10|trail40|24h|200bps,2026-09-27,367,-9.71695730658578,-12.0,-18.732401657104493,-12.264251708984373,-12.0,-12.0,-12.0,-11.186123657226494,10.369030475616446,43.60784149169922,0.0,0.0,0.0,-11.519485716668653,1.8025284100828731
fat_tail|fixed10|trail40|24h|200bps,2026-09-28,2286,-9.76274590154249,-12.0,-12.0,-12.0,-12.0,-12.0,-12.0,-3.4284790754318237,3.929007411003113,65.36108474731451,0.00699912510936133,0.0,0.0,-11.040252786771207,1.2775068852287177
fat_tail|fixed10|trail40|24h|200bps,2026-09-29,2040,-6.454932672423128,-12.0,-12.0,-12.0,-12.0,-12.0,-12.0,10.7181859970093,19.89114809036255,72.8577633666992,0.0,0.0,0.0,-7.318457392840533,0.8635247204174048
fat_tail|fixed10|trail40|24h|200bps,2026-09-30,1883,-3.541339431777082,-12.0,-12.0,-12.0,-12.0,-12.0,-4.354622840881348,14.832535743713379,24.140263175964343,131.80958679199222,0.02177376526818906,0.0,0.0,-5.324790800240114,1.7834513684630324
fat_tail|fixed10|trail40|24h|200bps,2026-10-01,1687,-6.361899456281986,-12.0,-15.22359685897827,-12.0,-12.0,-12.0,-12.0,10.042024421691899,24.375726509094235,56.75525100708006,0.004742145820983995,0.0017783046828689982,0.0,-8.023395375670965,1.6614959193889796
fat_tail|fixed10|trail40|24h|200bps,2026-10-02,821,-11.252074162758225,-12.0,-12.0,-12.0,-12.0,-12.0,-12.0,-12.0,-12.0,11.741191864013672,0.001218026796589525,0.0,0.0,-12.022271389227079,0.7701972264688539
fat_tail|fixed10|trail40|24h|300bps,2026-09-26,42,-2.477123260498047,-2.477123260498047,-2.477123260498047,-2.477123260498047,-2.477123260498047,-2.477123260498047,-2.477123260498047,-2.477123260498047,-2.477123260498047,-2.477123260498047,0.0,0.0,0.0,,
fat_tail|fixed10|trail40|24h|300bps,2026-09-27,367,-10.716957303309655,-13.0,-19.732401657104493,-13.264251708984373,-13.0,-13.0,-13.0,-12.186123657226494,9.369030475616446,42.60784149169922,0.0,0.0,0.0,-12.519485713281787,1.8025284099721315
fat_tail|fixed10|trail40|24h|300bps,2026-09-28,2286,-10.762745904358152,-13.0,-13.0,-13.0,-13.0,-13.0,-13.0,-4.428479194641113,2.929007411003113,64.36108474731451,0.00699912510936133,0.0,0.0,-12.040252789615485,1.277506885257333
fat_tail|fixed10|trail40|24h|300bps,2026-09-29,2040,-7.454932672416337,-13.0,-13.0,-13.0,-13.0,-13.0,-13.0,9.7181859970093,18.89114809036255,71.8577633666992,0.0,0.0,0.0,-8.318457392833672,0.8635247204173346
fat_tail|fixed10|trail40|24h|300bps,2026-09-30,1883,-4.541339434569566,-13.0,-13.0,-13.0,-13.0,-13.0,-5.354622840881348,13.832535743713379,23.140263175964343,130.80958679199222,0.021242697822623474,0.0,0.0,-6.324790803061063,1.7834513684914972
fat_tail|fixed10|trail40|24h|300bps,2026-10-01,1687,-7.361899456825211,-13.0,-16.223596572875977,-13.0,-13.0,-13.0,-13.0,9.042024421691899,23.375726509094235,55.75525100708006,0.0035566093657379964,0.0017783046828689982,0.0,-9.023395376219721,1.6614959193945102
fat_tail|fixed10|trail40|24h|300bps,2026-10-02,821,-12.252074161669224,-13.0,-13.0,-13.0,-13.0,-13.0,-13.0,-13.0,-13.0,10.741191864013672,0.001218026796589525,0.0,0.0,-13.022271388119186,0.7701972264499624
fat_tail|fixed10|trail40|72h|100bps,2026-09-26,42,-0.19321346282958984,-0.19321346282958984,-0.19321346282958984,-0.19321346282958984,-0.19321346282958984,-0.19321346282958984,-0.19321346282958984,-0.19321346282958984,-0.19321346282958984,-0.19321346282958984,0.0,0.0,0.0,,
fat_tail|fixed10|trail40|72h|100bps,2026-09-27,368,-8.853948855205722,-11.0,-17.791056442260743,-11.78737688064575,-11.0,-11.0,-11.0,-10.389592742919898,9.499045276641843,44.60784149169922,0.0,0.0,0.0,-10.656031675887911,1.8020828206821893
fat_tail|fixed10|trail40|72h|100bps,2026-09-28,2357,-8.900475333078093,-11.0,-11.71479320526123,-11.0,-11.0,-11.0,-11.0,-2.201496791839582,4.339774322509757,63.663484802246344,0.0067882901994060245,0.0,0.0,-10.173230809906071,1.272755476827978
fat_tail|fixed10|trail40|72h|100bps,2026-09-29,1863,-8.03851261217461,-11.0,-11.0,-11.0,-11.0,-11.0,-11.0,-11.0,13.08369941711418,74.7916746520995,0.0,0.0,0.0,-8.924216286859066,0.8857036746844553
fat_tail|fixed10|trail40|72h|100bps,2026-09-30,1661,-6.093069881783919,-11.0,-11.0,-11.0,-11.0,-11.0,-11.0,-0.24303774535655975,23.543888092041016,89.87741088867189,0.008428657435279952,0.0,0.0,-7.805237758759672,1.7121678769757533
fat_tail|fixed10|trail40|72h|100bps,2026-10-01,1545,-7.510047204401887,-11.0,-15.136109733581542,-11.0,-11.0,-11.0,-11.0,-4.931529140472406,7.991452312469479,58.04993515014647,0.005177993527508091,0.001941747572815534,0.0,-9.305883950661647,1.7958367462597602
fat_tail|fixed10|trail40|72h|100bps,2026-10-02,821,-10.252074162794525,-11.0,-11.0,-11.0,-11.0,-11.0,-11.0,-11.0,-11.0,12.741191864013672,0.001218026796589525,0.0,0.0,-11.02227138926401,0.7701972264694845
fat_tail|fixed10|trail40|72h|200bps,2026-09-26,42,-1.1932134628295898,-1.1932134628295898,-1.1932134628295898,-1.1932134628295898,-1.1932134628295898,-1.1932134628295898,-1.1932134628295898,-1.1932134628295898,-1.1932134628295898,-1.1932134628295898,0.0,0.0,0.0,,
fat_tail|fixed10|trail40|72h|200bps,2026-09-27,368,-9.853948853505047,-12.0,-18.791056442260743,-12.78737688064575,-12.0,-12.0,-12.0,-11.389592742919898,8.499045276641843,43.60784149169922,0.0,0.0,0.0,-11.65603167412991,1.8020828206248627
fat_tail|fixed10|trail40|72h|200bps,2026-09-28,2357,-9.900475332611444,-12.0,-12.71479320526123,-12.0,-12.0,-12.0,-12.0,-3.201496791839582,3.339774370193473,62.663484802246344,0.0067882901994060245,0.0,0.0,-11.173230809434623,1.2727554768231784
fat_tail|fixed10|trail40|72h|200bps,2026-09-29,1863,-9.038512610047016,-12.0,-12.0,-12.0,-12.0,-12.0,-12.0,-12.0,12.08369941711418,73.7916746520995,0.0,0.0,0.0,-9.924216284709548,0.8857036746625315
fat_tail|fixed10|trail40|72h|200bps,2026-09-30,1661,-7.093069878141612,-12.0,-12.0,-12.0,-12.0,-12.0,-12.0,-1.2430377006530762,22.543888092041016,88.87741088867189,0.008428657435279952,0.0,0.0,-8.805237755079702,1.7121678769380901
fat_tail|fixed10|trail40|72h|200bps,2026-10-01,1545,-8.510047205081843,-12.0,-16.136108970642088,-12.0,-12.0,-12.0,-12.0,-5.931529140472406,6.991451930999753,57.04993515014647,0.005177993527508091,0.001941747572815534,0.0,-10.305883951348717,1.7958367462668736
fat_tail|fixed10|trail40|72h|200bps,2026-10-02,821,-11.252074162758225,-12.0,-12.0,-12.0,-12.0,-12.0,-12.0,-12.0,-12.0,11.741191864013672,0.001218026796589525,0.0,0.0,-12.022271389227079,0.7701972264688539
fat_tail|fixed10|trail40|72h|300bps,2026-09-26,42,-2.19321346282959,-2.19321346282959,-2.19321346282959,-2.19321346282959,-2.19321346282959,-2.19321346282959,-2.19321346282959,-2.19321346282959,-2.19321346282959,-2.19321346282959,0.0,0.0,0.0,,
fat_tail|fixed10|trail40|72h|300bps,2026-09-27,368,-10.853948846350566,-13.0,-19.791056442260743,-13.78737688064575,-13.0,-13.0,-13.0,-12.389592742919898,7.499045753479002,42.60784149169922,0.0,0.0,0.0,-12.656031666734266,1.802082820383701
fat_tail|fixed10|trail40|72h|300bps,2026-09-28,2357,-10.900475335253484,-13.0,-13.71479320526123,-13.0,-13.0,-13.0,-13.0,-4.201496696472151,2.339774370193473,61.663484802246344,0.0067882901994060245,0.0,0.0,-12.173230812103842,1.2727554768503584
fat_tail|fixed10|trail40|72h|300bps,2026-09-29,1863,-10.038512610432942,-13.0,-13.0,-13.0,-13.0,-13.0,-13.0,-13.0,11.08369941711418,72.7916746520995,0.0,0.0,0.0,-10.924216285099451,0.8857036746665088
fat_tail|fixed10|trail40|72h|300bps,2026-09-30,1661,-8.093069880240872,-13.0,-13.0,-13.0,-13.0,-13.0,-13.0,-2.243037700653076,21.543888092041016,87.87741088867189,0.008428657435279952,0.0,0.0,-9.80523775720067,1.712167876959798
fat_tail|fixed10|trail40|72h|300bps,2026-10-01,1545,-9.510047207333894,-13.0,-17.136109161376954,-13.0,-13.0,-13.0,-13.0,-6.931529140472406,5.991451930999753,56.04993515014647,0.003883495145631068,0.001941747572815534,0.0,-11.305883953624337,1.7958367462904423
fat_tail|fixed10|trail40|72h|300bps,2026-10-02,821,-12.252074161669224,-13.0,-13.0,-13.0,-13.0,-13.0,-13.0,-13.0,-13.0,10.741191864013672,0.001218026796589525,0.0,0.0,-13.022271388119186,0.7701972264499624
fat_tail|fixed20|trail20|168h|100bps,2026-09-26,0,,,,,,,,,,,,,,,
fat_tail|fixed20|trail20|168h|100bps,2026-09-27,300,0.6445044314861298,-10.572864532470703,-21.0,-20.42576313018799,-18.69788360595703,-10.572864532470703,4.5283249616622925,34.71671600341797,82.52350616455078,130.87091064453125,0.03333333333333333,0.0,0.0,-3.8460612999981847,4.490565731484314
fat_tail|fixed20|trail20|168h|100bps,2026-09-28,2168,-9.715027383101436,-12.816311836242676,-21.0,-21.0,-19.011435985565186,-12.816311836242676,-4.267744302749634,4.732591056823729,16.708991432189972,69.53529357910156,0.0009225092250922509,0.0,0.0,-10.904181795389587,1.1891544122881506
fat_tail|fixed20|trail20|168h|100bps,2026-09-29,1953,-7.751772258819844,-12.298172950744629,-21.0,-20.619443893432617,-18.419267654418945,-12.298172950744629,-3.6344778537750244,11.431242942810059,19.574844360351562,60.37097106933596,0.0010240655401945725,0.0,0.0,-8.571652016128846,0.8198797573090024
fat_tail|fixed20|trail20|168h|100bps,2026-09-30,1763,-1.0769743751739118,-10.983001708984375,-21.0,-20.28304672241211,-16.761608123779297,-10.983001708984375,4.7041120529174805,24.861008834838863,36.67218704223624,194.61032928466796,0.01474758933635848,0.0,0.0,-3.325509834568614,2.2485354593947022
fat_tail|fixed20|trail20|168h|100bps,2026-10-01,1629,-0.4194941083899773,-6.309128761291504,-21.0,-20.182199478149414,-16.1828670501709,-6.309128761291504,8.835041999816895,22.422730255126957,30.53383636474608,90.74552093505866,0.0055248618784530384,0.0,0.0,-1.7700757382172692,1.350581629827292
fat_tail|fixed20|trail20|168h|100bps,2026-10-02,827,-5.209065925365961,-14.045766830444336,-21.0,-20.983670806884767,-19.4816837310791,-14.045766830444336,-0.5320304036140442,19.565422058105455,55.91830520629881,97.22647247314454,0.009673518742442563,0.0,0.0,-6.474874368474834,1.2658084431088739
fat_tail|fixed20|trail20|168h|200bps,2026-09-26,0,,,,,,,,,,,,,,,
fat_tail|fixed20|trail20|168h|200bps,2026-09-27,300,-0.3554955729842186,-11.572864532470703,-22.0,-21.42576313018799,-19.69788360595703,-11.572864532470703,3.528324782848358,33.71671600341797,81.52350616455078,129.87091064453125,0.03333333333333333,0.0,0.0,-4.846061304622683,4.490565731638465
fat_tail|fixed20|trail20|168h|200bps,2026-09-28,2168,-10.715027380822315,-13.816311836242676,-22.0,-22.0,-20.011435985565186,-13.816311836242676,-5.267744302749634,3.7325908899307243,15.708991098403962,68.53529357910156,0.0009225092250922509,0.0,0.0,-11.904181793079568,1.1891544122572526
fat_tail|fixed20|trail20|168h|200bps,2026-09-29,1953,-8.751772254268857,-13.298172950744629,-22.0,-21.619443893432617,-19.419267654418945,-13.298172950744629,-4.6344780921936035,10.431242942810059,18.574844360351562,59.37097106933596,0.0010240655401945725,0.0,0.0,-9.571652011530771,0.8198797572619139
fat_tail|fixed20|trail20|168h|200bps,2026-09-30,1763,-2.0769743527783904,-11.983001708984375,-22.0,-21.28304672241211,-17.761608123779297,-11.983001708984375,3.7041120529174805,23.861008834838863,35.67218704223624,193.61032928466796,0.01474758933635848,0.0,0.0,-4.325509811942078,2.248535459163688
fat_tail|fixed20|trail20|168h|200bps,2026-10-01,1629,-1.4194941159047327,-7.309128761291504,-22.0,-21.182199478149414,-17.1828670501709,-7.309128761291504,7.835041522979736,21.422730255126957,29.53383636474608,89.74552093505866,0.004910988336402701,0.0,0.0,-2.7700757458112744,1.3505816299065416
fat_tail|fixed20|trail20|168h|200bps,2026-10-02,827,-6.209065922770194,-15.045766830444336,-22.0,-21.983670806884767,-20.4816837310791,-15.045766830444336,-1.532030463218689,18.565422058105455,54.91830520629881,96.22647247314454,0.009673518742442563,0.0,0.0,-7.474874365850509,1.2658084430803145
fat_tail|fixed20|trail20|168h|300bps,2026-09-26,0,,,,,,,,,,,,,,,
fat_tail|fixed20|trail20|168h|300bps,2026-09-27,300,-1.3554955707738796,-12.572864532470703,-23.0,-22.42576313018799,-20.69788360595703,-12.572864532470703,2.528324782848358,32.71671600341797,80.52350616455078,128.87091064453125,0.03333333333333333,0.0,0.0,-5.846061302336126,4.490565731562246
fat_tail|fixed20|trail20|168h|300bps,2026-09-28,2168,-11.71502737977329,-14.816311836242676,-23.0,-23.0,-21.011435985565186,-14.816311836242676,-6.267744302749634,2.7325908899307243,14.708991098403962,67.53529357910156,0.0009225092250922509,0.0,0.0,-12.904181792016319,1.1891544122430293
fat_tail|fixed20|trail20|168h|300bps,2026-09-29,1953,-9.751772248349736,-14.298172950744629,-23.0,-22.619443893432617,-20.419267654418945,-14.298172950744629,-5.6344780921936035,9.431242942810059,17.574844360351562,58.37097106933596,0.0010240655401945725,0.0,0.0,-10.571652005550408,0.8198797572006722
fat_tail|fixed20|trail20|168h|300bps,2026-09-30,1763,-3.0769743520958786,-12.983001708984375,-23.0,-22.28304672241211,-18.761608123779297,-12.983001708984375,2.7041120529174805,22.861008834838863,34.67218704223624,192.61032928466796,0.014180374361883154,0.0,0.0,-5.325509811252527,2.248535459156648
fat_tail|fixed20|trail20|168h|300bps,2026-10-01,1629,-2.4194941189931334,-8.309128761291504,-23.0,-22.182199478149414,-18.1828670501709,-8.309128761291504,6.835041522979736,20.422730255126957,28.53383636474608,88.74552093505866,0.004910988336402701,0.0,0.0,-3.770075748932245,1.3505816299391116
fat_tail|fixed20|trail20|168h|300bps,2026-10-02,827,-7.209065923208265,-16.045766830444336,-23.0,-22.983670806884767,-21.4816837310791,-16.045766830444336,-2.532030463218689,17.565422058105455,53.91830520629881,95.22647247314454,0.008464328899637243,0.0,0.0,-8.474874366293399,1.2658084430851337
fat_tail|fixed20|trail20|24h|100bps,2026-09-26,42,-0.47712332010269165,-0.47712332010269165,-0.47712332010269165,-0.47712332010269165,-0.47712332010269165,-0.47712332010269165,-0.47712332010269165,-0.47712332010269165,-0.47712332010269165,-0.47712332010269165,0.0,0.0,0.0,,
fat_tail|fixed20|trail20|24h|100bps,2026-09-27,304,0.7835448796027585,-10.572864532470703,-21.0,-20.413026809692383,-18.634785175323486,-10.572864532470703,6.673357963562012,34.67021293640136,82.52350616455078,130.87091064453125,0.03289473684210526,0.0,0.0,-3.641195452537666,4.424740332140424
fat_tail|fixed20|trail20|24h|100bps,2026-09-28,2286,-8.815260931044248,-11.811178207397461,-21.0,-21.0,-18.689119815826416,-11.811178207397461,-2.2629995942115784,6.408687114715576,16.448954105377197,69.53529357910156,0.0008748906386701663,0.0,0.0,-9.930683199885497,1.1154222688412485
fat_tail|fixed20|trail20|24h|100bps,2026-09-29,1992,-5.268229711364139,-10.504251956939697,-21.0,-20.367902946472167,-17.5719575881958,-10.504251956939697,2.9323015809059143,16.82767448425293,21.859844875335693,59.98861206054679,0.001004016064257028,0.0,0.0,-6.046706749867784,0.7784770385036452
fat_tail|fixed20|trail20|24h|100bps,2026-09-30,1867,-0.32889743060799914,-8.8195219039917,-21.0,-20.041658401489258,-16.040477752685547,-8.8195219039917,5.186676740646362,21.248779678344725,32.704139328002874,194.46217987060544,0.013926084627745045,0.0,0.0,-2.550303366665302,2.221405936057303
fat_tail|fixed20|trail20|24h|100bps,2026-10-01,1721,-0.38566846876266647,-6.542593955993652,-20.9871883392334,-20.08745765686035,-15.691494941711426,-6.542593955993652,8.832469940185547,22.386154174804688,36.66172790527344,88.95719451904297,0.005229517722254503,0.0,0.0,-1.7162150111500856,1.330546542387419
fat_tail|fixed20|trail20|24h|100bps,2026-10-02,827,-5.209065925365961,-14.045766830444336,-21.0,-20.983670806884767,-19.4816837310791,-14.045766830444336,-0.5320304036140442,19.565422058105455,55.91830520629881,97.22647247314454,0.009673518742442563,0.0,0.0,-6.474874368474834,1.2658084431088739
fat_tail|fixed20|trail20|24h|200bps,2026-09-26,42,-1.4771233797073364,-1.4771233797073364,-1.4771233797073364,-1.4771233797073364,-1.4771233797073364,-1.4771233797073364,-1.4771233797073364,-1.4771233797073364,-1.4771233797073364,-1.4771233797073364,0.0,0.0,0.0,,
fat_tail|fixed20|trail20|24h|200bps,2026-09-27,304,-0.21645512637731276,-11.572864532470703,-22.0,-21.413026809692383,-19.634785175323486,-11.572864532470703,5.673357963562012,33.67021293640136,81.52350616455078,129.87091064453125,0.03289473684210526,0.0,0.0,-4.641195458721142,4.424740332343829
fat_tail|fixed20|trail20|24h|200bps,2026-09-28,2286,-9.815260929564255,-12.811178207397461,-22.0,-22.0,-19.689119815826416,-12.811178207397461,-3.2629995942115784,5.408687114715576,15.44895339012146,68.53529357910156,0.0008748906386701663,0.0,0.0,-10.930683198386488,1.1154222688222326
fat_tail|fixed20|trail20|24h|200bps,2026-09-29,1992,-6.268229705848905,-11.504251956939697,-22.0,-21.367902946472167,-18.5719575881958,-11.504251956939697,1.932301551103592,15.827675342559814,20.859844875335693,58.98861206054679,0.001004016064257028,0.0,0.0,-7.046706744296614,0.7784770384477087
fat_tail|fixed20|trail20|24h|200bps,2026-09-30,1867,-1.3288974075028936,-9.8195219039917,-22.0,-21.041658401489258,-17.040477752685547,-9.8195219039917,4.186676740646362,20.248779678344725,31.704138755798283,193.46217987060544,0.013926084627745045,0.0,0.0,-3.550303343322644,2.2214059358197504
fat_tail|fixed20|trail20|24h|200bps,2026-10-01,1721,-1.3856684744557206,-7.542593955993652,-21.9871883392334,-21.08745765686035,-16.691495895385742,-7.542593955993652,7.832469940185547,21.386154174804688,35.66172790527344,87.95719451904297,0.004648460197559558,0.0,0.0,-2.716215016903313,1.3305465424475924
fat_tail|fixed20|trail20|24h|200bps,2026-10-02,827,-6.209065922770194,-15.045766830444336,-22.0,-21.983670806884767,-20.4816837310791,-15.045766830444336,-1.532030463218689,18.565422058105455,54.91830520629881,96.22647247314454,0.009673518742442563,0.0,0.0,-7.474874365850509,1.2658084430803145
fat_tail|fixed20|trail20|24h|300bps,2026-09-26,42,-2.477123260498047,-2.477123260498047,-2.477123260498047,-2.477123260498047,-2.477123260498047,-2.477123260498047,-2.477123260498047,-2.477123260498047,-2.477123260498047,-2.477123260498047,0.0,0.0,0.0,,
fat_tail|fixed20|trail20|24h|300bps,2026-09-27,304,-1.2164551257646006,-12.572864532470703,-23.0,-22.413026809692383,-20.634785175323486,-12.572864532470703,4.673357963562012,32.67021293640136,80.52350616455078,128.87091064453125,0.03289473684210526,0.0,0.0,-5.641195458087589,4.424740332322989
fat_tail|fixed20|trail20|24h|300bps,2026-09-28,2286,-10.815260928777663,-13.811178207397461,-23.0,-23.0,-20.689119815826416,-13.811178207397461,-4.262999773025513,4.408687114715576,14.44895339012146,67.53529357910156,0.0008748906386701663,0.0,0.0,-11.930683197589788,1.1154222688121251
fat_tail|fixed20|trail20|24h|300bps,2026-09-29,1992,-7.268229699591757,-12.504251956939697,-23.0,-22.367902946472167,-19.5719575881958,-12.504251956939697,0.9323015660047531,14.827675342559814,19.859844875335693,57.98861206054679,0.001004016064257028,0.0,0.0,-8.046706737976006,0.7784770383842492
fat_tail|fixed20|trail20|24h|300bps,2026-09-30,1867,-2.3288974073123394,-10.8195219039917,-23.0,-22.041658401489258,-18.040477752685547,-10.8195219039917,3.1866767406463623,19.248779678344725,30.704138755798283,192.46217987060544,0.01339046598821639,0.0,0.0,-4.55030334313013,2.2214059358177907
fat_tail|fixed20|trail20|24h|300bps,2026-10-01,1721,-2.385668474336667,-8.542593955993652,-22.9871883392334,-22.08745765686035,-17.691495895385742,-8.542593955993652,6.832469940185547,20.386154174804688,34.66172790527344,86.95719451904297,0.004648460197559558,0.0,0.0,-3.7162150167830013,1.330546542446334
fat_tail|fixed20|trail20|24h|300bps,2026-10-02,827,-7.209065923208265,-16.045766830444336,-23.0,-22.983670806884767,-21.4816837310791,-16.045766830444336,-2.532030463218689,17.565422058105455,53.91830520629881,95.22647247314454,0.008464328899637243,0.0,0.0,-8.474874366293399,1.2658084430851337
fat_tail|fixed20|trail20|72h|100bps,2026-09-26,42,-0.19321346282958984,-0.19321346282958984,-0.19321346282958984,-0.19321346282958984,-0.19321346282958984,-0.19321346282958984,-0.19321346282958984,-0.19321346282958984,-0.19321346282958984,-0.19321346282958984,0.0,0.0,0.0,,
fat_tail|fixed20|trail20|72h|100bps,2026-09-27,336,0.1700561149489312,-8.289675235748291,-21.0,-20.356385231018066,-18.369373321533203,-8.289675235748291,3.1975278854370117,30.491618156433105,82.52350616455078,130.87091064453125,0.02976190476190476,0.0,0.0,-3.839172551602674,4.009228666551605
fat_tail|fixed20|trail20|72h|100bps,2026-09-28,2380,-8.759530926701034,-11.278098583221436,-21.0,-20.96746120452881,-18.485846519470215,-11.278098583221436,-1.5042305886745453,4.570105218887327,14.81568789482103,69.53529357910156,0.0008403361344537816,0.0,0.0,-9.829667843182847,1.0701369164818129
fat_tail|fixed20|trail20|72h|100bps,2026-09-29,1981,-7.673327932406004,-12.01909351348877,-21.0,-20.584266662597656,-18.326051712036133,-12.01909351348877,-3.0570292472839355,11.431242942810059,19.574844360351562,60.09645690917973,0.0010095911155981827,0.0,0.0,-8.480701050381539,0.8073731179755343
fat_tail|fixed20|trail20|72h|100bps,2026-09-30,1763,-1.0769743751739118,-10.983001708984375,-21.0,-20.28304672241211,-16.761608123779297,-10.983001708984375,4.7041120529174805,24.861008834838863,36.67218704223624,194.61032928466796,0.01474758933635848,0.0,0.0,-3.325509834568614,2.2485354593947022
fat_tail|fixed20|trail20|72h|100bps,2026-10-01,1629,-0.4194941083899773,-6.309128761291504,-21.0,-20.182199478149414,-16.1828670501709,-6.309128761291504,8.835041999816895,22.422730255126957,30.53383636474608,90.74552093505866,0.0055248618784530384,0.0,0.0,-1.7700757382172692,1.350581629827292
fat_tail|fixed20|trail20|72h|100bps,2026-10-02,827,-5.209065925365961,-14.045766830444336,-21.0,-20.983670806884767,-19.4816837310791,-14.045766830444336,-0.5320304036140442,19.565422058105455,55.91830520629881,97.22647247314454,0.009673518742442563,0.0,0.0,-6.474874368474834,1.2658084431088739
fat_tail|fixed20|trail20|72h|200bps,2026-09-26,42,-1.1932134628295898,-1.1932134628295898,-1.1932134628295898,-1.1932134628295898,-1.1932134628295898,-1.1932134628295898,-1.1932134628295898,-1.1932134628295898,-1.1932134628295898,-1.1932134628295898,0.0,0.0,0.0,,
fat_tail|fixed20|trail20|72h|200bps,2026-09-27,336,-0.8299438876232931,-9.289675235748291,-22.0,-21.356385231018066,-19.369373321533203,-9.289675235748291,2.1975278854370117,29.491618156433105,81.52350616455078,129.87091064453125,0.02976190476190476,0.0,0.0,-4.839172554253801,4.0092286666305075
fat_tail|fixed20|trail20|72h|200bps,2026-09-28,2380,-9.75953092490002,-12.278098583221436,-22.0,-21.96746120452881,-19.485846519470215,-12.278098583221436,-2.5042306184768677,3.5701054334640476,13.81568789482103,68.53529357910156,0.0008403361344537816,0.0,0.0,-10.829667841359617,1.0701369164595977
fat_tail|fixed20|trail20|72h|200bps,2026-09-29,1981,-8.67332792809235,-13.01909351348877,-22.0,-21.584266662597656,-19.326051712036133,-13.01909351348877,-4.0570292472839355,10.431242942810059,18.574844360351562,59.09645690917973,0.0010095911155981827,0.0,0.0,-9.48070104602389,0.8073731179315402
fat_tail|fixed20|trail20|72h|200bps,2026-09-30,1763,-2.0769743527783904,-11.983001708984375,-22.0,-21.28304672241211,-17.761608123779297,-11.983001708984375,3.7041120529174805,23.861008834838863,35.67218704223624,193.61032928466796,0.01474758933635848,0.0,0.0,-4.325509811942078,2.248535459163688
fat_tail|fixed20|trail20|72h|200bps,2026-10-01,1629,-1.4194941159047327,-7.309128761291504,-22.0,-21.182199478149414,-17.1828670501709,-7.309128761291504,7.835041522979736,21.422730255126957,29.53383636474608,89.74552093505866,0.004910988336402701,0.0,0.0,-2.7700757458112744,1.3505816299065416
fat_tail|fixed20|trail20|72h|200bps,2026-10-02,827,-6.209065922770194,-15.045766830444336,-22.0,-21.983670806884767,-20.4816837310791,-15.045766830444336,-1.532030463218689,18.565422058105455,54.91830520629881,96.22647247314454,0.009673518742442563,0.0,0.0,-7.474874365850509,1.2658084430803145
fat_tail|fixed20|trail20|72h|300bps,2026-09-26,42,-2.19321346282959,-2.19321346282959,-2.19321346282959,-2.19321346282959,-2.19321346282959,-2.19321346282959,-2.19321346282959,-2.19321346282959,-2.19321346282959,-2.19321346282959,0.0,0.0,0.0,,
fat_tail|fixed20|trail20|72h|300bps,2026-09-27,336,-1.829943884940197,-10.289675235748291,-23.0,-22.356385231018066,-20.369373321533203,-10.289675235748291,1.1975278854370117,28.491618156433105,80.52350616455078,128.87091064453125,0.02976190476190476,0.0,0.0,-5.839172551488401,4.009228666548204
fat_tail|fixed20|trail20|72h|300bps,2026-09-28,2380,-10.759530923745062,-13.278098583221436,-23.0,-22.96746120452881,-20.485846519470215,-13.278098583221436,-3.5042306184768677,2.5701054334640476,12.81568789482103,67.53529357910156,0.0008403361344537816,0.0,0.0,-11.829667840190414,1.0701369164453514
fat_tail|fixed20|trail20|72h|300bps,2026-09-29,1981,-9.673327922377245,-14.01909351348877,-23.0,-22.584266662597656,-20.326051712036133,-14.01909351348877,-5.0570292472839355,9.431242942810059,17.574844360351562,58.09645690917973,0.0010095911155981827,0.0,0.0,-10.480701040250498,0.8073731178732526
fat_tail|fixed20|trail20|72h|300bps,2026-09-30,1763,-3.0769743520958786,-12.983001708984375,-23.0,-22.28304672241211,-18.761608123779297,-12.983001708984375,2.7041120529174805,22.861008834838863,34.67218704223624,192.61032928466796,0.014180374361883154,0.0,0.0,-5.325509811252527,2.248535459156648
fat_tail|fixed20|trail20|72h|300bps,2026-10-01,1629,-2.4194941189931334,-8.309128761291504,-23.0,-22.182199478149414,-18.1828670501709,-8.309128761291504,6.835041522979736,20.422730255126957,28.53383636474608,88.74552093505866,0.004910988336402701,0.0,0.0,-3.770075748932245,1.3505816299391116
fat_tail|fixed20|trail20|72h|300bps,2026-10-02,827,-7.209065923208265,-16.045766830444336,-23.0,-22.983670806884767,-21.4816837310791,-16.045766830444336,-2.532030463218689,17.565422058105455,53.91830520629881,95.22647247314454,0.008464328899637243,0.0,0.0,-8.474874366293399,1.2658084430851337
fat_tail|fixed20|trail30|168h|100bps,2026-09-26,0,,,,,,,,,,,,,,,
fat_tail|fixed20|trail30|168h|100bps,2026-09-27,290,-6.1908829270765695,-21.0,-21.0,-21.0,-21.0,-21.0,-6.5185524225234985,19.87385406494144,68.87581634521484,101.88704681396484,0.034482758620689655,0.0,0.0,-10.05080898925662,3.85992606218005
fat_tail|fixed20|trail30|168h|100bps,2026-09-28,1890,-14.43998417513317,-21.0,-21.0,-21.0,-21.0,-21.0,-11.540058135986328,0.9153417110443355,17.383764934539794,57.25479507446289,0.0,0.0,0.0,-15.679489029019926,1.239504853886757
fat_tail|fixed20|trail30|168h|100bps,2026-09-29,1579,-7.882433873342328,-21.0,-21.0,-21.0,-21.0,-21.0,-6.760697841644287,35.782474517822266,45.378530502319336,77.5652647399903,0.0031665611146295125,0.0,0.0,-8.883361379091014,1.0009275057486855
fat_tail|fixed20|trail30|168h|100bps,2026-09-30,1530,0.16687271432232817,-20.345149993896484,-21.0,-21.0,-21.0,-20.345149993896484,6.310231685638428,45.26357078552247,58.256902885436986,218.42036376953132,0.02091503267973856,0.0,0.0,-2.394044395709654,2.560917110031982
fat_tail|fixed20|trail30|168h|100bps,2026-10-01,1413,-6.1917977540543525,-18.59270668029785,-21.0,-21.0,-21.0,-18.59270668029785,2.4391987323760986,18.375693893432615,32.57358322143554,73.10040740966772,0.0028308563340410475,0.0021231422505307855,0.0,-8.318514710154986,2.1267169561006334
fat_tail|fixed20|trail30|168h|100bps,2026-10-02,729,-10.386195715118214,-21.0,-21.369017028808596,-21.0,-21.0,-21.0,-10.571087837219238,26.319731521606545,49.687206268310575,81.03760620117191,0.00411522633744856,0.0,0.0,-11.619320188131024,1.2331244730128095
fat_tail|fixed20|trail30|168h|200bps,2026-09-26,0,,,,,,,,,,,,,,,
fat_tail|fixed20|trail30|168h|200bps,2026-09-27,290,-7.190882928720836,-22.0,-22.0,-22.0,-22.0,-22.0,-7.5185524225234985,18.87385406494144,67.87581634521484,100.88704681396484,0.034482758620689655,0.0,0.0,-11.05080899095961,3.859926062238774
fat_tail|fixed20|trail30|168h|200bps,2026-09-28,1890,-15.439984174005726,-22.0,-22.0,-22.0,-22.0,-22.0,-12.540058135986328,-0.08465829342601287,16.383764934539794,56.25479507446289,0.0,0.0,0.0,-16.679489027874915,1.2395048538691888
fat_tail|fixed20|trail30|168h|200bps,2026-09-29,1579,-8.882433867894768,-22.0,-22.0,-22.0,-22.0,-22.0,-7.760697841644287,34.782474517822266,44.378530502319336,76.5652647399903,0.0031665611146295125,0.0,0.0,-9.88336137358769,1.0009275056929212
fat_tail|fixed20|trail30|168h|200bps,2026-09-30,1530,-0.8331272769354138,-21.345149993896484,-22.0,-22.0,-22.0,-21.345149993896484,5.310231685638428,44.26357078552247,57.256902885436986,217.42036376953132,0.02091503267973856,0.0,0.0,-3.394044396953468,2.560917120018054
fat_tail|fixed20|trail30|168h|200bps,2026-10-01,1413,-7.191797760177486,-19.59270668029785,-22.0,-22.0,-22.0,-19.59270668029785,1.4391987323760986,17.375693893432615,31.573585128784174,72.10040740966772,0.0028308563340410475,0.0021231422505307855,0.0,-9.318514716343818,2.126716956166333
fat_tail|fixed20|trail30|168h|200bps,2026-10-02,729,-11.386195715062003,-22.0,-22.369017028808596,-22.0,-22.0,-22.0,-11.571087837219238,25.319731521606545,48.687206268310575,80.03760620117191,0.00411522633744856,0.0,0.0,-12.619320188074187,1.2331244730121842
fat_tail|fixed20|trail30|168h|300bps,2026-09-26,0,,,,,,,,,,,,,,,
fat_tail|fixed20|trail30|168h|300bps,2026-09-27,290,-8.190882929709964,-23.0,-23.0,-23.0,-23.0,-23.0,-8.518552303314209,17.87385406494144,66.87581634521484,99.88704681396484,0.0,0.0,0.0,-12.050808991984065,3.8599260622741003
fat_tail|fixed20|trail30|168h|300bps,2026-09-28,1890,-16.439984173595256,-23.0,-23.0,-23.0,-23.0,-23.0,-13.540058135986328,-1.0846582889556644,15.383764934539794,55.25479507446289,0.0,0.0,0.0,-17.679489027458047,1.2395048538627904
fat_tail|fixed20|trail30|168h|300bps,2026-09-29,1579,-9.882433864938454,-23.0,-23.0,-23.0,-23.0,-23.0,-8.760697841644287,33.782474517822266,43.378530502319336,75.5652647399903,0.0031665611146295125,0.0,0.0,-10.883361370601111,1.0009275056626574
fat_tail|fixed20|trail30|168h|300bps,2026-09-30,1530,-1.833127274607716,-22.345149993896484,-23.0,-23.0,-23.0,-22.345149993896484,4.310231685638428,43.26357078552247,56.256902885436986,216.42036376953132,0.02091503267973856,0.0,0.0,-4.3940443946011705,2.560917119993454
fat_tail|fixed20|trail30|168h|300bps,2026-10-01,1413,-8.191797758606167,-20.59270668029785,-23.0,-23.0,-23.0,-20.59270668029785,0.439198762178421,16.375693893432615,30.573585128784174,71.10040740966772,0.0028308563340410475,0.0021231422505307855,0.0,-10.31851471475564,2.1267169561494725
fat_tail|fixed20|trail30|168h|300bps,2026-10-02,729,-12.386195702112914,-23.0,-23.369017028808596,-23.0,-23.0,-23.0,-12.571087837219238,24.319731521606545,47.687206268310575,79.03760620117191,0.00411522633744856,0.0,0.0,-13.61932017498142,1.2331244728685054
fat_tail|fixed20|trail30|24h|100bps,2026-09-26,42,-0.47712332010269165,-0.47712332010269165,-0.47712332010269165,-0.47712332010269165,-0.47712332010269165,-0.47712332010269165,-0.47712332010269165,-0.47712332010269165,-0.47712332010269165,-0.47712332010269165,0.0,0.0,0.0,,
fat_tail|fixed20|trail30|24h|100bps,2026-09-27,302,-5.579663718082258,-20.288308143615723,-21.0,-21.0,-21.0,-20.288308143615723,-4.349510192871094,19.660225486755387,68.87581634521484,101.88704681396484,0.033112582781456956,0.0,0.0,-9.260030517124967,3.6803667990427096
fat_tail|fixed20|trail30|24h|100bps,2026-09-28,2094,-12.341931642614902,-21.0,-21.0,-21.0,-21.0,-21.0,-5.691335201263428,7.223399686813357,16.47724399566648,57.25479507446289,0.0,0.0,0.0,-13.42952244631477,1.087590803699868
fat_tail|fixed20|trail30|24h|100bps,2026-09-29,1881,-4.180978079961691,-14.258584976196289,-21.0,-21.0,-21.0,-14.258584976196289,3.5624871253967285,31.085708618164062,43.81787872314453,75.9895446777344,0.002658160552897395,0.0,0.0,-5.119839926963526,0.9388618470018351
fat_tail|fixed20|trail30|24h|100bps,2026-09-30,1818,2.5012649716505226,-5.701946258544922,-21.0,-21.0,-21.0,-5.701946258544922,11.093255758285522,38.59128875732419,55.588664627075175,215.64397247314443,0.0176017601760176,0.0,0.0,0.009695483332594599,2.491569488317928
fat_tail|fixed20|trail30|24h|100bps,2026-10-01,1616,-4.210383342213625,-15.602967262268066,-21.0,-21.0,-21.0,-15.602967262268066,4.920456647872925,24.259634017944336,34.50526714324951,70.64398155212392,0.0024752475247524753,0.0018564356435643563,0.0,-6.145323559691928,1.934940217478303
fat_tail|fixed20|trail30|24h|100bps,2026-10-02,729,-10.386195715118214,-21.0,-21.369017028808596,-21.0,-21.0,-21.0,-10.571087837219238,26.319731521606545,49.687206268310575,81.03760620117191,0.00411522633744856,0.0,0.0,-11.619320188131024,1.2331244730128095
fat_tail|fixed20|trail30|24h|200bps,2026-09-26,42,-1.4771233797073364,-1.4771233797073364,-1.4771233797073364,-1.4771233797073364,-1.4771233797073364,-1.4771233797073364,-1.4771233797073364,-1.4771233797073364,-1.4771233797073364,-1.4771233797073364,0.0,0.0,0.0,,
fat_tail|fixed20|trail30|24h|200bps,2026-09-27,302,-6.5796637196611885,-21.288308143615723,-22.0,-22.0,-22.0,-21.288308143615723,-5.349510192871094,18.660225486755387,67.87581634521484,100.88704681396484,0.033112582781456956,0.0,0.0,-10.26003051875797,3.680366799096782
fat_tail|fixed20|trail30|24h|200bps,2026-09-28,2094,-13.341931641722162,-22.0,-22.0,-22.0,-22.0,-22.0,-6.691335201263428,6.223399686813357,15.477244615554786,56.25479507446289,0.0,0.0,0.0,-14.429522445409493,1.0875908036873305
fat_tail|fixed20|trail30|24h|200bps,2026-09-29,1881,-5.180978076116086,-15.258584976196289,-22.0,-22.0,-22.0,-15.258584976196289,2.5624871253967285,30.085708618164062,42.81787872314453,74.9895446777344,0.002658160552897395,0.0,0.0,-6.119839923078681,0.9388618469625944
fat_tail|fixed20|trail30|24h|200bps,2026-09-30,1818,1.5012649808128182,-6.701946258544922,-22.0,-22.0,-22.0,-6.701946258544922,10.093255758285522,37.59128875732419,54.588664627075175,214.64397247314443,0.0176017601760176,0.0,0.0,-0.99030451589016,2.4915694967029784
fat_tail|fixed20|trail30|24h|200bps,2026-10-01,1616,-5.210383346175203,-16.602967262268066,-22.0,-22.0,-22.0,-16.602967262268066,3.9204567074775696,23.259634017944336,33.50526714324951,69.64398155212392,0.0024752475247524753,0.0018564356435643563,0.0,-7.145323563695625,1.9349402175204213
fat_tail|fixed20|trail30|24h|200bps,2026-10-02,729,-11.386195715062003,-22.0,-22.369017028808596,-22.0,-22.0,-22.0,-11.571087837219238,25.319731521606545,48.687206268310575,80.03760620117191,0.00411522633744856,0.0,0.0,-12.619320188074187,1.2331244730121842
fat_tail|fixed20|trail30|24h|300bps,2026-09-26,42,-2.477123260498047,-2.477123260498047,-2.477123260498047,-2.477123260498047,-2.477123260498047,-2.477123260498047,-2.477123260498047,-2.477123260498047,-2.477123260498047,-2.477123260498047,0.0,0.0,0.0,,
fat_tail|fixed20|trail30|24h|300bps,2026-09-27,302,-7.579663722189945,-22.288308143615723,-23.0,-23.0,-23.0,-22.288308143615723,-6.349510192871094,17.660225486755387,66.87581634521484,99.88704681396484,0.0,0.0,0.0,-11.260030521373329,3.6803667991833837
fat_tail|fixed20|trail30|24h|300bps,2026-09-28,2094,-14.341931645756226,-23.0,-23.0,-23.0,-23.0,-23.0,-7.691335201263428,5.223399686813357,14.477244615554786,55.25479507446289,0.0,0.0,0.0,-15.42952244950021,1.0875908037439839
fat_tail|fixed20|trail30|24h|300bps,2026-09-29,1881,-6.180978073963733,-16.25858497619629,-23.0,-23.0,-23.0,-16.25858497619629,1.562487006187439,29.085708618164062,41.81787872314453,73.9895446777344,0.002658160552897395,0.0,0.0,-7.119839920904365,0.9388618469406316
fat_tail|fixed20|trail30|24h|300bps,2026-09-30,1818,0.5012649853710737,-7.701946258544922,-23.0,-23.0,-23.0,-7.701946258544922,9.093255758285522,36.59128875732419,53.588664627075175,213.64397247314443,0.0176017601760176,0.0,0.0,-1.990304511283763,2.4915694966548365
fat_tail|fixed20|trail30|24h|300bps,2026-10-01,1616,-6.2103833426251125,-17.602967262268066,-23.0,-23.0,-23.0,-17.602967262268066,2.9204567074775696,22.259634017944336,32.50526714324951,68.64398155212392,0.0024752475247524753,0.0018564356435643563,0.0,-8.14532356010779,1.9349402174826782
fat_tail|fixed20|trail30|24h|300bps,2026-10-02,729,-12.386195702112914,-23.0,-23.369017028808596,-23.0,-23.0,-23.0,-12.571087837219238,24.319731521606545,47.687206268310575,79.03760620117191,0.00411522633744856,0.0,0.0,-13.61932017498142,1.2331244728685054
fat_tail|fixed20|trail30|72h|100bps,2026-09-26,42,-0.19321346282958984,-0.19321346282958984,-0.19321346282958984,-0.19321346282958984,-0.19321346282958984,-0.19321346282958984,-0.19321346282958984,-0.19321346282958984,-0.19321346282958984,-0.19321346282958984,0.0,0.0,0.0,,
fat_tail|fixed20|trail30|72h|100bps,2026-09-27,335,-5.496250973263783,-19.250720977783203,-21.0,-21.0,-21.0,-19.250720977783203,-2.7627384662628174,17.844883346557623,68.87581634521484,101.88704681396484,0.029850746268656716,0.0,0.0,-8.80035244364005,3.304101470376266
fat_tail|fixed20|trail30|72h|100bps,2026-09-28,2124,-12.257449893578588,-21.0,-21.0,-21.0,-21.0,-21.0,-4.635690808296204,4.909740829467774,22.099773406982422,57.25479507446289,0.0,0.0,0.0,-13.32829716752521,1.0708472739466224
fat_tail|fixed20|trail30|72h|100bps,2026-09-29,1607,-7.622556364199688,-21.0,-21.0,-21.0,-21.0,-21.0,-4.1363067626953125,35.58952560424806,45.336620712280265,77.10128097534181,0.0031113876789047915,0.0,0.0,-8.657163480285016,1.0346071160853283
fat_tail|fixed20|trail30|72h|100bps,2026-09-30,1530,0.16687271432232817,-20.345149993896484,-21.0,-21.0,-21.0,-20.345149993896484,6.310231685638428,45.26357078552247,58.256902885436986,218.42036376953132,0.02091503267973856,0.0,0.0,-2.394044395709654,2.560917110031982
fat_tail|fixed20|trail30|72h|100bps,2026-10-01,1413,-6.1917977540543525,-18.59270668029785,-21.0,-21.0,-21.0,-18.59270668029785,2.4391987323760986,18.375693893432615,32.57358322143554,73.10040740966772,0.0028308563340410475,0.0021231422505307855,0.0,-8.318514710154986,2.1267169561006334
fat_tail|fixed20|trail30|72h|100bps,2026-10-02,729,-10.386195715118214,-21.0,-21.369017028808596,-21.0,-21.0,-21.0,-10.571087837219238,26.319731521606545,49.687206268310575,81.03760620117191,0.00411522633744856,0.0,0.0,-11.619320188131024,1.2331244730128095
fat_tail|fixed20|trail30|72h|200bps,2026-09-26,42,-1.1932134628295898,-1.1932134628295898,-1.1932134628295898,-1.1932134628295898,-1.1932134628295898,-1.1932134628295898,-1.1932134628295898,-1.1932134628295898,-1.1932134628295898,-1.1932134628295898,0.0,0.0,0.0,,
fat_tail|fixed20|trail30|72h|200bps,2026-09-27,335,-6.496250973263783,-20.250720977783203,-22.0,-22.0,-22.0,-20.250720977783203,-3.7627384662628174,16.844883346557623,67.87581634521484,100.88704681396484,0.029850746268656716,0.0,0.0,-9.80035244364005,3.304101470376266
fat_tail|fixed20|trail30|72h|200bps,2026-09-28,2124,-13.25744989293973,-22.0,-22.0,-22.0,-22.0,-22.0,-5.635690808296204,3.9097407579422003,21.099773406982422,56.25479507446289,0.0,0.0,0.0,-14.328297166877508,1.070847273937778
fat_tail|fixed20|trail30|72h|200bps,2026-09-29,1607,-8.622556359607405,-22.0,-22.0,-22.0,-22.0,-22.0,-5.1363067626953125,34.58952560424806,44.336620712280265,76.10128097534181,0.0031113876789047915,0.0,0.0,-9.657163475643632,1.0346071160362271
fat_tail|fixed20|trail30|72h|200bps,2026-09-30,1530,-0.8331272769354138,-21.345149993896484,-22.0,-22.0,-22.0,-21.345149993896484,5.310231685638428,44.26357078552247,57.256902885436986,217.42036376953132,0.02091503267973856,0.0,0.0,-3.394044396953468,2.560917120018054
fat_tail|fixed20|trail30|72h|200bps,2026-10-01,1413,-7.191797760177486,-19.59270668029785,-22.0,-22.0,-22.0,-19.59270668029785,1.4391987323760986,17.375693893432615,31.573585128784174,72.10040740966772,0.0028308563340410475,0.0021231422505307855,0.0,-9.318514716343818,2.126716956166333
fat_tail|fixed20|trail30|72h|200bps,2026-10-02,729,-11.386195715062003,-22.0,-22.369017028808596,-22.0,-22.0,-22.0,-11.571087837219238,25.319731521606545,48.687206268310575,80.03760620117191,0.00411522633744856,0.0,0.0,-12.619320188074187,1.2331244730121842
fat_tail|fixed20|trail30|72h|300bps,2026-09-26,42,-2.19321346282959,-2.19321346282959,-2.19321346282959,-2.19321346282959,-2.19321346282959,-2.19321346282959,-2.19321346282959,-2.19321346282959,-2.19321346282959,-2.19321346282959,0.0,0.0,0.0,,
fat_tail|fixed20|trail30|72h|300bps,2026-09-27,335,-7.496250969138163,-21.250720977783203,-23.0,-23.0,-23.0,-21.250720977783203,-4.762738466262817,15.844882774353032,66.87581634521484,99.88704681396484,0.0,0.0,0.0,-10.800352439387487,3.304101470249323
fat_tail|fixed20|trail30|72h|300bps,2026-09-28,2124,-14.257449896816514,-23.0,-23.0,-23.0,-23.0,-23.0,-6.635690808296204,2.9097407579422003,20.099773406982422,55.25479507446289,0.0,0.0,0.0,-15.328297170807957,1.0708472739914434
fat_tail|fixed20|trail30|72h|300bps,2026-09-29,1607,-9.622556356890371,-23.0,-23.0,-23.0,-23.0,-23.0,-6.1363067626953125,33.58952560424806,43.336620712280265,75.10128097534181,0.0031113876789047915,0.0,0.0,-10.65716347289755,1.0346071160071784
fat_tail|fixed20|trail30|72h|300bps,2026-09-30,1530,-1.833127274607716,-22.345149993896484,-23.0,-23.0,-23.0,-22.345149993896484,4.310231685638428,43.26357078552247,56.256902885436986,216.42036376953132,0.02091503267973856,0.0,0.0,-4.3940443946011705,2.560917119993454
fat_tail|fixed20|trail30|72h|300bps,2026-10-01,1413,-8.191797758606167,-20.59270668029785,-23.0,-23.0,-23.0,-20.59270668029785,0.439198762178421,16.375693893432615,30.573585128784174,71.10040740966772,0.0028308563340410475,0.0021231422505307855,0.0,-10.31851471475564,2.1267169561494725
fat_tail|fixed20|trail30|72h|300bps,2026-10-02,729,-12.386195702112914,-23.0,-23.369017028808596,-23.0,-23.0,-23.0,-12.571087837219238,24.319731521606545,47.687206268310575,79.03760620117191,0.00411522633744856,0.0,0.0,-13.61932017498142,1.2331244728685054
fat_tail|fixed20|trail40|168h|100bps,2026-09-26,0,,,,,,,,,,,,,,,
fat_tail|fixed20|trail40|168h|100bps,2026-09-27,285,-8.384595361927099,-21.0,-21.0,-21.0,-21.0,-21.0,-19.13332176208496,5.302261924743645,44.60784149169922,148.78396606445312,0.04912280701754386,0.0,0.0,-14.099815777431834,5.715220415504735
fat_tail|fixed20|trail40|168h|100bps,2026-09-28,1810,-15.660444532211315,-21.0,-21.0,-21.0,-21.0,-21.0,-21.0,-7.53184700012207,33.96138801574705,122.20643302917489,0.016022099447513812,0.0,0.0,-17.27977474587114,1.6193302136598255
fat_tail|fixed20|trail40|168h|100bps,2026-09-29,1427,-9.974788532068283,-21.0,-21.0,-21.0,-21.0,-21.0,-21.0,36.39294815063482,65.35629959106447,75.67156707763672,0.0,0.0,0.0,-10.915711667610296,0.9409231355420129
fat_tail|fixed20|trail40|168h|100bps,2026-09-30,1481,-4.523408350441039,-21.0,-21.0,-21.0,-21.0,-21.0,1.1543200016021729,26.555906295776367,63.48164367675781,174.30228881835964,0.02835921674544227,0.0,0.0,-6.56259386110314,2.039185510662101
fat_tail|fixed20|trail40|168h|100bps,2026-10-01,1393,-11.019944752858683,-21.0,-21.0,-21.0,-21.0,-21.0,-11.092905044555664,6.172457695007324,20.79991645812979,70.05442749023324,0.007896625987078248,0.002871500358937545,0.0,-13.615672131372241,2.5957273785135584
fat_tail|fixed20|trail40|168h|100bps,2026-10-02,652,-19.528473708710056,-21.0,-27.336228179931627,-21.0,-21.0,-21.0,-21.0,-18.599816703796392,-8.219215393066406,36.83405815124517,0.0015337423312883436,0.0,0.0,-20.52788555030675,0.999411841596693
fat_tail|fixed20|trail40|168h|200bps,2026-09-26,0,,,,,,,,,,,,,,,
fat_tail|fixed20|trail40|168h|200bps,2026-09-27,285,-9.384595369769816,-22.0,-22.0,-22.0,-22.0,-22.0,-20.13332176208496,4.302261829376214,43.60784149169922,147.78396606445312,0.04912280701754386,0.0,0.0,-15.099815785559741,5.715220415789926
fat_tail|fixed20|trail40|168h|200bps,2026-09-28,1810,-16.660444530317797,-22.0,-22.0,-22.0,-22.0,-22.0,-22.0,-8.53184700012207,32.96138801574705,121.20643302917489,0.016022099447513812,0.0,0.0,-18.279774743957535,1.6193302136397385
fat_tail|fixed20|trail40|168h|200bps,2026-09-29,1427,-10.974788532945437,-22.0,-22.0,-22.0,-22.0,-22.0,-22.0,35.39294815063482,64.3562984466553,74.67156707763672,0.0,0.0,0.0,-11.915711668496767,0.9409231355513299
fat_tail|fixed20|trail40|168h|200bps,2026-09-30,1481,-5.523408344922276,-22.0,-22.0,-22.0,-22.0,-22.0,0.15432004630565643,25.555906295776367,62.48164367675781,173.30228881835964,0.02835921674544227,0.0,0.0,-7.5625938555279095,2.039185510605633
fat_tail|fixed20|trail40|168h|200bps,2026-10-01,1393,-12.019944753824102,-22.0,-22.0,-22.0,-22.0,-22.0,-12.092905044555664,5.172457695007324,19.79991645812979,69.05442749023324,0.007896625987078248,0.002871500358937545,0.0,-14.615672132347463,2.5957273785233603
fat_tail|fixed20|trail40|168h|200bps,2026-10-02,652,-20.528473708664347,-22.0,-28.336228179931627,-22.0,-22.0,-22.0,-22.0,-19.599816703796392,-9.219215393066406,35.83405815124517,0.0015337423312883436,0.0,0.0,-21.527885550260542,0.9994118415961957
fat_tail|fixed20|trail40|168h|300bps,2026-09-26,0,,,,,,,,,,,,,,,
fat_tail|fixed20|trail40|168h|300bps,2026-09-27,285,-10.384595373080096,-23.0,-23.0,-23.0,-23.0,-23.0,-21.13332176208496,3.3022619724273605,42.60784149169922,146.78396606445312,0.04912280701754386,0.0,0.0,-16.099815788990394,5.715220415910299
fat_tail|fixed20|trail40|168h|300bps,2026-09-28,1810,-17.660444532433598,-23.0,-23.0,-23.0,-23.0,-23.0,-23.0,-9.53184700012207,31.96138801574705,120.20643302917489,0.016022099447513812,0.0,0.0,-19.279774746095782,1.6193302136621845
fat_tail|fixed20|trail40|168h|300bps,2026-09-29,1427,-11.974788534031436,-23.0,-23.0,-23.0,-23.0,-23.0,-23.0,34.39294815063482,63.356298446655295,73.67156707763672,0.0,0.0,0.0,-12.915711669594304,0.9409231355628673
fat_tail|fixed20|trail40|168h|300bps,2026-09-30,1481,-6.5234083433073975,-23.0,-23.0,-23.0,-23.0,-23.0,-0.8456799387931824,24.555906295776367,61.48164367675781,172.30228881835964,0.02835921674544227,0.0,0.0,-8.562593853896507,2.0391855105891095
fat_tail|fixed20|trail40|168h|300bps,2026-10-01,1393,-13.019944758977466,-23.0,-23.0,-23.0,-23.0,-23.0,-13.092905044555664,4.172457695007324,18.79991645812979,68.05442749023324,0.006460875807609476,0.002871500358937545,0.0,-15.615672137553144,2.5957273785756776
fat_tail|fixed20|trail40|168h|300bps,2026-10-02,652,-21.528473705830383,-23.0,-29.336228179931627,-23.0,-23.0,-23.0,-23.0,-20.599816703796392,-10.219215393066406,34.83405912399297,0.0015337423312883436,0.0,0.0,-22.527885547395826,0.9994118415654434
fat_tail|fixed20|trail40|24h|100bps,2026-09-26,42,-0.47712332010269165,-0.47712332010269165,-0.47712332010269165,-0.47712332010269165,-0.47712332010269165,-0.47712332010269165,-0.47712332010269165,-0.47712332010269165,-0.47712332010269165,-0.47712332010269165,0.0,0.0,0.0,,
fat_tail|fixed20|trail40|24h|100bps,2026-09-27,297,-7.6744514214069355,-21.0,-21.0,-21.0,-21.0,-21.0,-16.63800621032715,11.940435600280763,44.60784149169922,148.78396606445312,0.04713804713804714,0.0,0.0,-13.125964225792304,5.451512804385368
fat_tail|fixed20|trail40|24h|100bps,2026-09-28,1943,-13.304368475657215,-21.0,-21.0,-21.0,-21.0,-21.0,-17.1545467376709,5.529630374908438,24.415821456909,120.35456314086899,0.014925373134328358,0.0,0.0,-14.859230510244418,1.5548620345872024
fat_tail|fixed20|trail40|24h|100bps,2026-09-29,1807,-5.423066137303914,-21.0,-21.0,-21.0,-21.0,-21.0,1.9884177446365356,22.290631484985354,61.66056900024409,76.34046127319336,0.0011068068622025456,0.0,0.0,-6.407964311385948,0.9848981740820335
fat_tail|fixed20|trail40|24h|100bps,2026-09-30,1774,0.821673539468534,-15.257160663604736,-21.0,-21.0,-21.0,-15.257160663604736,6.359411954879761,34.77437400817872,70.61610527038405,170.81921737670896,0.04114994363021421,0.0,0.0,-1.1277472196283547,1.9494207590968888
fat_tail|fixed20|trail40|24h|100bps,2026-10-01,1604,-8.28154480948747,-21.0,-21.0,-21.0,-21.0,-21.0,-6.315014123916626,17.66274681091309,31.74027996063229,60.915735054016125,0.00685785536159601,0.0024937655860349127,0.0,-10.651093347020396,2.3695485375329266
fat_tail|fixed20|trail40|24h|100bps,2026-10-02,652,-19.528473708710056,-21.0,-27.336228179931627,-21.0,-21.0,-21.0,-21.0,-18.599816703796392,-8.219215393066406,36.83405815124517,0.0015337423312883436,0.0,0.0,-20.52788555030675,0.999411841596693
fat_tail|fixed20|trail40|24h|200bps,2026-09-26,42,-1.4771233797073364,-1.4771233797073364,-1.4771233797073364,-1.4771233797073364,-1.4771233797073364,-1.4771233797073364,-1.4771233797073364,-1.4771233797073364,-1.4771233797073364,-1.4771233797073364,0.0,0.0,0.0,,
fat_tail|fixed20|trail40|24h|200bps,2026-09-27,297,-8.674451428932775,-22.0,-22.0,-22.0,-22.0,-22.0,-17.63800621032715,10.940435600280763,43.60784149169922,147.78396606445312,0.04713804713804714,0.0,0.0,-14.125964233580367,5.451512804647592
fat_tail|fixed20|trail40|24h|200bps,2026-09-28,1943,-14.304368474580059,-22.0,-22.0,-22.0,-22.0,-22.0,-18.1545467376709,4.529630374908438,23.415821456909,119.35456314086899,0.014925373134328358,0.0,0.0,-15.85923050915606,1.5548620345760007
fat_tail|fixed20|trail40|24h|200bps,2026-09-29,1807,-6.42306613585101,-22.0,-22.0,-22.0,-22.0,-22.0,0.9884178042411804,21.290631484985354,60.66056900024409,75.34046127319336,0.0011068068622025456,0.0,0.0,-7.407964309917604,0.9848981740665943
fat_tail|fixed20|trail40|24h|200bps,2026-09-30,1774,-0.17832645607362538,-16.257160186767578,-22.0,-22.0,-22.0,-16.257160186767578,5.359411954879761,33.77437400817872,69.61610527038405,169.81921737670896,0.040586245772266064,0.0,0.0,-2.1277472151248187,1.9494207590511934
fat_tail|fixed20|trail40|24h|200bps,2026-10-01,1604,-9.281544808923101,-22.0,-22.0,-22.0,-22.0,-22.0,-7.315014123916626,16.66274681091309,30.74027996063229,59.915735054016125,0.00685785536159601,0.0024937655860349127,0.0,-11.651093346449983,2.3695485375268817
fat_tail|fixed20|trail40|24h|200bps,2026-10-02,652,-20.528473708664347,-22.0,-28.336228179931627,-22.0,-22.0,-22.0,-22.0,-19.599816703796392,-9.219215393066406,35.83405815124517,0.0015337423312883436,0.0,0.0,-21.527885550260542,0.9994118415961957
fat_tail|fixed20|trail40|24h|300bps,2026-09-26,42,-2.477123260498047,-2.477123260498047,-2.477123260498047,-2.477123260498047,-2.477123260498047,-2.477123260498047,-2.477123260498047,-2.477123260498047,-2.477123260498047,-2.477123260498047,0.0,0.0,0.0,,
fat_tail|fixed20|trail40|24h|300bps,2026-09-27,297,-9.674451433714818,-23.0,-23.0,-23.0,-23.0,-23.0,-18.63800621032715,9.940435600280763,42.60784149169922,146.78396606445312,0.04713804713804714,0.0,0.0,-15.125964238529033,5.4515128048142145
fat_tail|fixed20|trail40|24h|300bps,2026-09-28,1943,-15.304368475331277,-23.0,-23.0,-23.0,-23.0,-23.0,-19.1545467376709,3.529630565643301,22.415821456909,118.35456314086899,0.014925373134328358,0.0,0.0,-16.85923050991509,1.5548620345838131
fat_tail|fixed20|trail40|24h|300bps,2026-09-29,1807,-7.423066137129775,-23.0,-23.0,-23.0,-23.0,-23.0,-0.011582203733269125,20.290631484985354,59.66056900024409,74.34046127319336,0.0011068068622025456,0.0,0.0,-8.407964311209957,0.9848981740801825
fat_tail|fixed20|trail40|24h|300bps,2026-09-30,1774,-1.178326455438394,-17.257160186767578,-23.0,-23.0,-23.0,-17.257160186767578,4.359411954879761,32.77437400817872,68.61610527038405,168.81921737670896,0.040022547914317926,0.0,0.0,-3.127747214483076,1.949420759044682
fat_tail|fixed20|trail40|24h|300bps,2026-10-01,1604,-10.28154481098316,-23.0,-23.0,-23.0,-23.0,-23.0,-8.315014600753784,15.66274681091309,29.74027996063229,58.915735054016125,0.005610972568578554,0.0024937655860349127,0.0,-12.651093348532108,2.3695485375489476
fat_tail|fixed20|trail40|24h|300bps,2026-10-02,652,-21.528473705830383,-23.0,-29.336228179931627,-23.0,-23.0,-23.0,-23.0,-20.599816703796392,-10.219215393066406,34.83405912399297,0.0015337423312883436,0.0,0.0,-22.527885547395826,0.9994118415654434
fat_tail|fixed20|trail40|72h|100bps,2026-09-26,42,-0.19321346282958984,-0.19321346282958984,-0.19321346282958984,-0.19321346282958984,-0.19321346282958984,-0.19321346282958984,-0.19321346282958984,-0.19321346282958984,-0.19321346282958984,-0.19321346282958984,0.0,0.0,0.0,,
fat_tail|fixed20|trail40|72h|100bps,2026-09-27,330,-7.380296076789047,-21.0,-21.0,-21.0,-21.0,-21.0,-6.232389450073242,9.438260650634769,44.60784149169922,148.78396606445312,0.04242424242424243,0.0,0.0,-12.260429268702865,4.880133191913818
fat_tail|fixed20|trail40|72h|100bps,2026-09-28,2070,-13.165542103454094,-21.0,-21.0,-21.0,-21.0,-21.0,-13.23045802116394,3.3264674425125462,22.37456884384153,117.64792900085438,0.014009661835748793,0.0,0.0,-14.688001855498333,1.5224597520442398
fat_tail|fixed20|trail40|72h|100bps,2026-09-29,1486,-9.587572738738833,-21.0,-21.0,-21.0,-21.0,-21.0,-18.606243133544922,34.84623336791992,64.87166023254395,75.51273269653323,0.0,0.0,0.0,-10.48680810956506,0.8992353708262257
fat_tail|fixed20|trail40|72h|100bps,2026-09-30,1481,-4.523408350441039,-21.0,-21.0,-21.0,-21.0,-21.0,1.1543200016021729,26.555906295776367,63.48164367675781,174.30228881835964,0.02835921674544227,0.0,0.0,-6.56259386110314,2.039185510662101
fat_tail|fixed20|trail40|72h|100bps,2026-10-01,1393,-11.019944752858683,-21.0,-21.0,-21.0,-21.0,-21.0,-11.092905044555664,6.172457695007324,20.79991645812979,70.05442749023324,0.007896625987078248,0.002871500358937545,0.0,-13.615672131372241,2.5957273785135584
fat_tail|fixed20|trail40|72h|100bps,2026-10-02,652,-19.528473708710056,-21.0,-27.336228179931627,-21.0,-21.0,-21.0,-21.0,-18.599816703796392,-8.219215393066406,36.83405815124517,0.0015337423312883436,0.0,0.0,-20.52788555030675,0.999411841596693
fat_tail|fixed20|trail40|72h|200bps,2026-09-26,42,-1.1932134628295898,-1.1932134628295898,-1.1932134628295898,-1.1932134628295898,-1.1932134628295898,-1.1932134628295898,-1.1932134628295898,-1.1932134628295898,-1.1932134628295898,-1.1932134628295898,0.0,0.0,0.0,,
fat_tail|fixed20|trail40|72h|200bps,2026-09-27,330,-8.38029608211734,-22.0,-22.0,-22.0,-22.0,-22.0,-7.232389450073242,8.438260650634769,43.60784149169922,147.78396606445312,0.04242424242424243,0.0,0.0,-13.260429274197667,4.8801331920803275
fat_tail|fixed20|trail40|72h|200bps,2026-09-28,2070,-14.165542102172287,-22.0,-22.0,-22.0,-22.0,-22.0,-14.23045802116394,2.3264674425125462,21.37456884384153,116.64792900085438,0.014009661835748793,0.0,0.0,-15.68800185420339,1.5224597520311036
fat_tail|fixed20|trail40|72h|200bps,2026-09-29,1486,-10.587572740082544,-22.0,-22.0,-22.0,-22.0,-22.0,-19.606243133544922,33.84623336791992,63.871663093566895,74.51273269653323,0.0,0.0,0.0,-11.486808110922473,0.8992353708399285
fat_tail|fixed20|trail40|72h|200bps,2026-09-30,1481,-5.523408344922276,-22.0,-22.0,-22.0,-22.0,-22.0,0.15432004630565643,25.555906295776367,62.48164367675781,173.30228881835964,0.02835921674544227,0.0,0.0,-7.5625938555279095,2.039185510605633
fat_tail|fixed20|trail40|72h|200bps,2026-10-01,1393,-12.019944753824102,-22.0,-22.0,-22.0,-22.0,-22.0,-12.092905044555664,5.172457695007324,19.79991645812979,69.05442749023324,0.007896625987078248,0.002871500358937545,0.0,-14.615672132347463,2.5957273785233603
fat_tail|fixed20|trail40|72h|200bps,2026-10-02,652,-20.528473708664347,-22.0,-28.336228179931627,-22.0,-22.0,-22.0,-22.0,-19.599816703796392,-9.219215393066406,35.83405815124517,0.0015337423312883436,0.0,0.0,-21.527885550260542,0.9994118415961957
fat_tail|fixed20|trail40|72h|300bps,2026-09-26,42,-2.19321346282959,-2.19321346282959,-2.19321346282959,-2.19321346282959,-2.19321346282959,-2.19321346282959,-2.19321346282959,-2.19321346282959,-2.19321346282959,-2.19321346282959,0.0,0.0,0.0,,
fat_tail|fixed20|trail40|72h|300bps,2026-09-27,330,-9.380296079918855,-23.0,-23.0,-23.0,-23.0,-23.0,-8.2323899269104,7.438261127471926,42.60784149169922,146.78396606445312,0.04242424242424243,0.0,0.0,-14.26042927193048,4.880133192011625
fat_tail|fixed20|trail40|72h|300bps,2026-09-28,2070,-15.165542103883086,-23.0,-23.0,-23.0,-23.0,-23.0,-15.23045802116394,1.3264673471451145,20.37456884384153,115.64792900085438,0.014009661835748793,0.0,0.0,-16.688001855931724,1.522459752048638
fat_tail|fixed20|trail40|72h|300bps,2026-09-29,1486,-11.587572741328486,-23.0,-23.0,-23.0,-23.0,-23.0,-20.606243133544922,32.84623336791992,62.871663093566895,73.51273269653323,0.0,0.0,0.0,-12.486808112181121,0.8992353708526348
fat_tail|fixed20|trail40|72h|300bps,2026-09-30,1481,-6.5234083433073975,-23.0,-23.0,-23.0,-23.0,-23.0,-0.8456799387931824,24.555906295776367,61.48164367675781,172.30228881835964,0.02835921674544227,0.0,0.0,-8.562593853896507,2.0391855105891095
fat_tail|fixed20|trail40|72h|300bps,2026-10-01,1393,-13.019944758977466,-23.0,-23.0,-23.0,-23.0,-23.0,-13.092905044555664,4.172457695007324,18.79991645812979,68.05442749023324,0.006460875807609476,0.002871500358937545,0.0,-15.615672137553144,2.5957273785756776
fat_tail|fixed20|trail40|72h|300bps,2026-10-02,652,-21.528473705830383,-23.0,-29.336228179931627,-23.0,-23.0,-23.0,-23.0,-20.599816703796392,-10.219215393066406,34.83405912399297,0.0015337423312883436,0.0,0.0,-22.527885547395826,0.9994118415654434
fat_tail|support|trail20|168h|100bps,2026-09-26,0,,,,,,,,,,,,,,,
fat_tail|support|trail20|168h|100bps,2026-09-27,334,-2.4437116794957374,-7.203299045562744,-19.88403778076172,-18.29152717590332,-12.374842166900635,-7.203299045562744,-1.8233814537525177,12.003571796417235,36.58381786346433,82.52350616455078,0.0,0.0,0.0,-5.61019184759685,3.1664801681011125
fat_tail|support|trail20|168h|100bps,2026-09-28,2148,-6.276636139476486,-7.169976234436035,-20.365585708618163,-18.007132720947265,-12.94321060180664,-7.169976234436035,-2.7307873964309692,0.7622420251369462,14.590366029739302,69.53529357910156,0.000931098696461825,0.0,0.0,-7.429957490028271,1.153321350551785
fat_tail|support|trail20|168h|100bps,2026-09-29,1815,-5.284690079817512,-6.446500301361084,-19.867340278625488,-18.097571182250977,-12.642903327941895,-6.446500301361084,-2.81588351726532,6.91360788345337,17.590773200988757,60.67744491577134,0.0,0.0,0.0,-6.056292751063499,0.7716026712459874
fat_tail|support|trail20|168h|100bps,2026-09-30,1761,-3.8910217390985777,-6.491117477416992,-19.82985496520996,-17.059907913208008,-12.76484489440918,-6.491117477416992,-1.5148136615753174,13.736319541931152,26.684429168701172,50.778398132324284,0.0,0.0,0.0,-4.6574068575796534,0.7663851184810757
fat_tail|support|trail20|168h|100bps,2026-10-01,1640,-0.29750625184260127,-4.377290964126587,-20.234940624237062,-17.674429512023927,-10.76456618309021,-4.377290964126587,2.7134937047958374,21.829624366760257,29.70176258087158,78.37710273742658,0.003048780487804878,0.0,0.0,-1.3074218443699883,1.009915592527387
fat_tail|support|trail20|168h|100bps,2026-10-02,775,-3.597917329245998,-6.6745500564575195,-21.0,-19.4181640625,-13.501117706298828,-6.6745500564575195,-2.511961340904236,7.289247703552248,55.72562789916992,95.45337509155273,0.0064516129032258064,0.0,0.0,-4.728685646491535,1.1307683172455376
fat_tail|support|trail20|168h|200bps,2026-09-26,0,,,,,,,,,,,,,,,
fat_tail|support|trail20|168h|200bps,2026-09-27,334,-3.4437116767296536,-8.203299045562744,-20.88403778076172,-19.29152717590332,-13.374842166900635,-8.203299045562744,-2.82338148355484,11.003571796417235,35.58381786346433,81.52350616455078,0.0,0.0,0.0,-6.610191844727682,3.1664801679980283
fat_tail|support|trail20|168h|200bps,2026-09-28,2148,-7.276636155421049,-8.169976234436035,-21.365585708618163,-19.007132720947265,-13.94321060180664,-8.169976234436035,-3.7307873964309692,-0.23775795996189267,13.590366029739302,68.53529357910156,0.000931098696461825,0.0,0.0,-8.429957506191046,1.153321350769997
fat_tail|support|trail20|168h|200bps,2026-09-29,1815,-6.2846900783520265,-7.446500301361084,-20.867340278625488,-19.097571182250977,-13.642903327941895,-7.446500301361084,-3.81588351726532,5.91360788345337,16.590773200988757,59.67744491577134,0.0,0.0,0.0,-7.05629274958251,0.7716026712304833
fat_tail|support|trail20|168h|200bps,2026-09-30,1761,-4.891021714443716,-7.491117477416992,-20.82985496520996,-18.059907913208008,-13.76484489440918,-7.491117477416992,-2.5148136615753174,12.736319541931152,25.684429168701172,49.778398132324284,0.0,0.0,0.0,-5.657406832670181,0.7663851182264647
fat_tail|support|trail20|168h|200bps,2026-10-01,1640,-1.29750625347128,-5.377290964126587,-21.234940624237062,-18.674429512023927,-11.76456618309021,-5.377290964126587,1.7134937942028046,20.829624366760257,28.70176258087158,77.37710273742658,0.0024390243902439024,0.0,0.0,-2.3074218460157265,1.0099155925444465
fat_tail|support|trail20|168h|200bps,2026-10-02,775,-4.597917323362442,-7.6745500564575195,-22.0,-20.4181640625,-14.501117706298828,-7.6745500564575195,-3.511961340904236,6.289247703552248,54.72562789916992,94.45337509155273,0.0064516129032258064,0.0,0.0,-5.7286856405466136,1.1307683171841711
fat_tail|support|trail20|168h|300bps,2026-09-26,0,,,,,,,,,,,,,,,
fat_tail|support|trail20|168h|300bps,2026-09-27,334,-4.443711677421175,-9.203299045562744,-21.88403778076172,-20.29152717590332,-14.374842166900635,-9.203299045562744,-3.82338148355484,10.003571796417235,34.58381786346433,80.52350616455078,0.0,0.0,0.0,-7.610191845444974,3.1664801680237993
fat_tail|support|trail20|168h|300bps,2026-09-28,2148,-8.276636157955739,-9.169976234436035,-22.365585708618163,-20.007132720947265,-14.94321060180664,-9.169976234436035,-4.73078727722168,-1.2377579569816604,12.590366029739302,67.53529357910156,0.000931098696461825,0.0,0.0,-9.429957508760426,1.1533213508046867
fat_tail|support|trail20|168h|300bps,2026-09-29,1815,-7.284690073345975,-8.446499824523926,-21.867340278625488,-20.097571182250977,-14.642903327941895,-8.446499824523926,-4.81588339805603,4.91360788345337,15.590773200988755,58.67744491577134,0.0,0.0,0.0,-8.056292742399503,0.7716026690535278
fat_tail|support|trail20|168h|300bps,2026-09-30,1761,-5.891021717534374,-8.491117477416992,-21.82985496520996,-19.059907913208008,-14.76484489440918,-8.491117477416992,-3.5148136615753174,11.736319541931152,24.684429168701172,48.778398132324284,0.0,0.0,0.0,-6.657406835792756,0.7663851182583814
fat_tail|support|trail20|168h|300bps,2026-10-01,1640,-2.2975062562839876,-6.377290964126587,-22.234940624237062,-19.674429512023927,-12.76456618309021,-6.377290964126587,0.7134937942028046,19.829624366760257,27.70176258087158,76.37710273742658,0.0024390243902439024,0.0,0.0,-3.3074218488578957,1.009915592573908
fat_tail|support|trail20|168h|300bps,2026-10-02,775,-5.597917328573042,-8.67455005645752,-23.0,-21.4181640625,-15.501117706298828,-8.67455005645752,-4.511961221694946,5.289247703552248,53.72562789916992,93.45337509155273,0.005161290322580645,0.0,0.0,-6.728685645811561,1.1307683172385188
fat_tail|support|trail20|24h|100bps,2026-09-26,42,-0.47712332010269165,-0.47712332010269165,-0.47712332010269165,-0.47712332010269165,-0.47712332010269165,-0.47712332010269165,-0.47712332010269165,-0.47712332010269165,-0.47712332010269165,-0.47712332010269165,0.0,0.0,0.0,,
fat_tail|support|trail20|24h|100bps,2026-09-27,334,-2.4437116794957374,-7.203299045562744,-19.88403778076172,-18.29152717590332,-12.374842166900635,-7.203299045562744,-1.8233814537525177,12.003571796417235,36.58381786346433,82.52350616455078,0.0,0.0,0.0,-5.61019184759685,3.1664801681011125
fat_tail|support|trail20|24h|100bps,2026-09-28,2147,-6.006201990080402,-6.78472375869751,-20.345962524414062,-17.863774490356445,-12.81277084350586,-6.78472375869751,-2.4591307640075684,2.030282020568858,14.618970584869281,69.53529357910156,0.0009315323707498836,0.0,0.0,-7.156365045551008,1.1501630554706068
fat_tail|support|trail20|24h|100bps,2026-09-29,1907,-3.729109767909388,-5.932007312774658,-19.75263919830322,-17.870558929443355,-12.143425941467285,-5.932007312774658,-0.9330048263072968,13.780318641662605,21.265561294555635,59.37361587524419,0.0,0.0,0.0,-4.481308945977323,0.7521991780679356
fat_tail|support|trail20|24h|100bps,2026-09-30,1809,-3.231603179093128,-4.928644180297852,-19.497965240478514,-16.772768402099608,-12.198461532592773,-4.928644180297852,1.0484521389007568,12.605398750305177,21.27634696960449,50.33997711181655,0.0,0.0,0.0,-4.001252798279409,0.7696496191862807
fat_tail|support|trail20|24h|100bps,2026-10-01,1640,0.07210900425320355,-4.349111557006836,-20.234940624237062,-17.674429512023927,-10.76456618309021,-4.349111557006836,3.328347384929657,21.710599136352545,34.828455924987765,78.37710273742658,0.003048780487804878,0.0,0.0,-0.933935079122225,1.0060440833754285
fat_tail|support|trail20|24h|100bps,2026-10-02,775,-3.597917329245998,-6.6745500564575195,-21.0,-19.4181640625,-13.501117706298828,-6.6745500564575195,-2.511961340904236,7.289247703552248,55.72562789916992,95.45337509155273,0.0064516129032258064,0.0,0.0,-4.728685646491535,1.1307683172455376
fat_tail|support|trail20|24h|200bps,2026-09-26,42,-1.4771233797073364,-1.4771233797073364,-1.4771233797073364,-1.4771233797073364,-1.4771233797073364,-1.4771233797073364,-1.4771233797073364,-1.4771233797073364,-1.4771233797073364,-1.4771233797073364,0.0,0.0,0.0,,
fat_tail|support|trail20|24h|200bps,2026-09-27,334,-3.4437116767296536,-8.203299045562744,-20.88403778076172,-19.29152717590332,-13.374842166900635,-8.203299045562744,-2.82338148355484,11.003571796417235,35.58381786346433,81.52350616455078,0.0,0.0,0.0,-6.610191844727682,3.1664801679980283
fat_tail|support|trail20|24h|200bps,2026-09-28,2147,-7.006202006174671,-7.78472375869751,-21.345962524414062,-18.863774490356445,-13.81277084350586,-7.78472375869751,-3.4591307640075684,1.0302820205688579,13.618970584869281,68.53529357910156,0.0009315323707498836,0.0,0.0,-8.156365061865642,1.1501630556909719
fat_tail|support|trail20|24h|200bps,2026-09-29,1907,-4.729109766039417,-6.932007312774658,-20.75263919830322,-18.870558929443355,-13.143425941467285,-6.932007312774658,-1.9330047965049744,12.780318641662605,20.265561294555635,58.37361587524419,0.0,0.0,0.0,-5.481308944087533,0.7521991780481159
fat_tail|support|trail20|24h|200bps,2026-09-30,1809,-4.231603153564773,-5.928644180297852,-20.497965240478514,-17.772768402099608,-13.198461532592773,-5.928644180297852,0.04845215752720833,11.605398750305177,20.27634696960449,49.33997711181655,0.0,0.0,0.0,-5.001252772480083,0.7696496189153095
fat_tail|support|trail20|24h|200bps,2026-10-01,1640,-0.9278909979297257,-5.349111557006836,-21.234940624237062,-18.674429512023927,-11.76456618309021,-5.349111557006836,2.328347384929657,20.710599136352545,33.828455924987765,77.37710273742658,0.0024390243902439024,0.0,0.0,-1.9339350813280192,1.0060440833982933
fat_tail|support|trail20|24h|200bps,2026-10-02,775,-4.597917323362442,-7.6745500564575195,-22.0,-20.4181640625,-14.501117706298828,-7.6745500564575195,-3.511961340904236,6.289247703552248,54.72562789916992,94.45337509155273,0.0064516129032258064,0.0,0.0,-5.7286856405466136,1.1307683171841711
fat_tail|support|trail20|24h|300bps,2026-09-26,42,-2.477123260498047,-2.477123260498047,-2.477123260498047,-2.477123260498047,-2.477123260498047,-2.477123260498047,-2.477123260498047,-2.477123260498047,-2.477123260498047,-2.477123260498047,0.0,0.0,0.0,,
fat_tail|support|trail20|24h|300bps,2026-09-27,334,-4.443711677421175,-9.203299045562744,-21.88403778076172,-20.29152717590332,-14.374842166900635,-9.203299045562744,-3.82338148355484,10.003571796417235,34.58381786346433,80.52350616455078,0.0,0.0,0.0,-7.610191845444974,3.1664801680237993
fat_tail|support|trail20|24h|300bps,2026-09-28,2147,-8.00620200790805,-8.784723281860352,-22.345962524414062,-19.863774490356445,-14.81277084350586,-8.784723281860352,-4.459130764007568,0.03028201051057408,12.618970584869281,67.53529357910156,0.0009315323707498836,0.0,0.0,-9.156365063622756,1.1501630557147067
fat_tail|support|trail20|24h|300bps,2026-09-29,1907,-5.729109760863239,-7.932007312774658,-21.75263919830322,-19.870558929443355,-14.143425941467285,-7.932007312774658,-2.9330047369003296,11.780318641662605,19.265561294555635,57.37361587524419,0.0,0.0,0.0,-6.481308936834926,0.7521991759716871
fat_tail|support|trail20|24h|300bps,2026-09-30,1809,-5.2316031578677,-6.928644180297852,-21.497965240478514,-18.772768402099608,-14.198461532592773,-6.928644180297852,-0.9515478610992432,10.605398750305177,19.27634696960449,48.33997711181655,0.0,0.0,0.0,-6.001252776828683,0.7696496189609832
fat_tail|support|trail20|24h|300bps,2026-10-01,1640,-1.9278909980586343,-6.349111557006836,-22.234940624237062,-19.674429512023927,-12.76456618309021,-6.349111557006836,1.3283473551273346,19.710599136352545,32.828455924987765,76.37710273742658,0.0024390243902439024,0.0,0.0,-2.9339350814582783,1.006044083399644
fat_tail|support|trail20|24h|300bps,2026-10-02,775,-5.597917328573042,-8.67455005645752,-23.0,-21.4181640625,-15.501117706298828,-8.67455005645752,-4.511961221694946,5.289247703552248,53.72562789916992,93.45337509155273,0.005161290322580645,0.0,0.0,-6.728685645811561,1.1307683172385188
fat_tail|support|trail20|72h|100bps,2026-09-26,42,-0.19321346282958984,-0.19321346282958984,-0.19321346282958984,-0.19321346282958984,-0.19321346282958984,-0.19321346282958984,-0.19321346282958984,-0.19321346282958984,-0.19321346282958984,-0.19321346282958984,0.0,0.0,0.0,,
fat_tail|support|trail20|72h|100bps,2026-09-27,334,-2.4437116794957374,-7.203299045562744,-19.88403778076172,-18.29152717590332,-12.374842166900635,-7.203299045562744,-1.8233814537525177,12.003571796417235,36.58381786346433,82.52350616455078,0.0,0.0,0.0,-5.61019184759685,3.1664801681011125
fat_tail|support|trail20|72h|100bps,2026-09-28,2150,-6.269434825544744,-7.169976234436035,-20.36256675720215,-18.002542877197264,-12.937895059585571,-7.169976234436035,-2.7213286757469177,0.870361298322678,14.533156919479344,69.53529357910156,0.0009302325581395349,0.0,0.0,-7.421570187975301,1.152135362430557
fat_tail|support|trail20|72h|100bps,2026-09-29,1815,-5.284690079817512,-6.446500301361084,-19.867340278625488,-18.097571182250977,-12.642903327941895,-6.446500301361084,-2.81588351726532,6.91360788345337,17.590773200988757,60.67744491577134,0.0,0.0,0.0,-6.056292751063499,0.7716026712459874
fat_tail|support|trail20|72h|100bps,2026-09-30,1761,-3.8910217390985777,-6.491117477416992,-19.82985496520996,-17.059907913208008,-12.76484489440918,-6.491117477416992,-1.5148136615753174,13.736319541931152,26.684429168701172,50.778398132324284,0.0,0.0,0.0,-4.6574068575796534,0.7663851184810757
fat_tail|support|trail20|72h|100bps,2026-10-01,1640,-0.29750625184260127,-4.377290964126587,-20.234940624237062,-17.674429512023927,-10.76456618309021,-4.377290964126587,2.7134937047958374,21.829624366760257,29.70176258087158,78.37710273742658,0.003048780487804878,0.0,0.0,-1.3074218443699883,1.009915592527387
fat_tail|support|trail20|72h|100bps,2026-10-02,775,-3.597917329245998,-6.6745500564575195,-21.0,-19.4181640625,-13.501117706298828,-6.6745500564575195,-2.511961340904236,7.289247703552248,55.72562789916992,95.45337509155273,0.0064516129032258064,0.0,0.0,-4.728685646491535,1.1307683172455376
fat_tail|support|trail20|72h|200bps,2026-09-26,42,-1.1932134628295898,-1.1932134628295898,-1.1932134628295898,-1.1932134628295898,-1.1932134628295898,-1.1932134628295898,-1.1932134628295898,-1.1932134628295898,-1.1932134628295898,-1.1932134628295898,0.0,0.0,0.0,,
fat_tail|support|trail20|72h|200bps,2026-09-27,334,-3.4437116767296536,-8.203299045562744,-20.88403778076172,-19.29152717590332,-13.374842166900635,-8.203299045562744,-2.82338148355484,11.003571796417235,35.58381786346433,81.52350616455078,0.0,0.0,0.0,-6.610191844727682,3.1664801679980283
fat_tail|support|trail20|72h|200bps,2026-09-28,2150,-7.269434841502198,-8.169976234436035,-21.36256675720215,-19.002542877197264,-13.937895059585571,-8.169976234436035,-3.7213286757469177,-0.12963870018720597,13.533156919479344,68.53529357910156,0.0009302325581395349,0.0,0.0,-8.421570204150939,1.1521353626487407
fat_tail|support|trail20|72h|200bps,2026-09-29,1815,-6.2846900783520265,-7.446500301361084,-20.867340278625488,-19.097571182250977,-13.642903327941895,-7.446500301361084,-3.81588351726532,5.91360788345337,16.590773200988757,59.67744491577134,0.0,0.0,0.0,-7.05629274958251,0.7716026712304833
fat_tail|support|trail20|72h|200bps,2026-09-30,1761,-4.891021714443716,-7.491117477416992,-20.82985496520996,-18.059907913208008,-13.76484489440918,-7.491117477416992,-2.5148136615753174,12.736319541931152,25.684429168701172,49.778398132324284,0.0,0.0,0.0,-5.657406832670181,0.7663851182264647
fat_tail|support|trail20|72h|200bps,2026-10-01,1640,-1.29750625347128,-5.377290964126587,-21.234940624237062,-18.674429512023927,-11.76456618309021,-5.377290964126587,1.7134937942028046,20.829624366760257,28.70176258087158,77.37710273742658,0.0024390243902439024,0.0,0.0,-2.3074218460157265,1.0099155925444465
fat_tail|support|trail20|72h|200bps,2026-10-02,775,-4.597917323362442,-7.6745500564575195,-22.0,-20.4181640625,-14.501117706298828,-7.6745500564575195,-3.511961340904236,6.289247703552248,54.72562789916992,94.45337509155273,0.0064516129032258064,0.0,0.0,-5.7286856405466136,1.1307683171841711
fat_tail|support|trail20|72h|300bps,2026-09-26,42,-2.19321346282959,-2.19321346282959,-2.19321346282959,-2.19321346282959,-2.19321346282959,-2.19321346282959,-2.19321346282959,-2.19321346282959,-2.19321346282959,-2.19321346282959,0.0,0.0,0.0,,
fat_tail|support|trail20|72h|300bps,2026-09-27,334,-4.443711677421175,-9.203299045562744,-21.88403778076172,-20.29152717590332,-14.374842166900635,-9.203299045562744,-3.82338148355484,10.003571796417235,34.58381786346433,80.52350616455078,0.0,0.0,0.0,-7.610191845444974,3.1664801680237993
fat_tail|support|trail20|72h|300bps,2026-09-28,2150,-8.26943484403453,-9.169976234436035,-22.36256675720215,-20.002542877197264,-14.937895059585571,-9.169976234436035,-4.7213287353515625,-1.1296386957168576,12.533156919479344,67.53529357910156,0.0009302325581395349,0.0,0.0,-9.421570206717893,1.1521353626833637
fat_tail|support|trail20|72h|300bps,2026-09-29,1815,-7.284690073345975,-8.446499824523926,-21.867340278625488,-20.097571182250977,-14.642903327941895,-8.446499824523926,-4.81588339805603,4.91360788345337,15.590773200988755,58.67744491577134,0.0,0.0,0.0,-8.056292742399503,0.7716026690535278
fat_tail|support|trail20|72h|300bps,2026-09-30,1761,-5.891021717534374,-8.491117477416992,-21.82985496520996,-19.059907913208008,-14.76484489440918,-8.491117477416992,-3.5148136615753174,11.736319541931152,24.684429168701172,48.778398132324284,0.0,0.0,0.0,-6.657406835792756,0.7663851182583814
fat_tail|support|trail20|72h|300bps,2026-10-01,1640,-2.2975062562839876,-6.377290964126587,-22.234940624237062,-19.674429512023927,-12.76456618309021,-6.377290964126587,0.7134937942028046,19.829624366760257,27.70176258087158,76.37710273742658,0.0024390243902439024,0.0,0.0,-3.3074218488578957,1.009915592573908
fat_tail|support|trail20|72h|300bps,2026-10-02,775,-5.597917328573042,-8.67455005645752,-23.0,-21.4181640625,-15.501117706298828,-8.67455005645752,-4.511961221694946,5.289247703552248,53.72562789916992,93.45337509155273,0.005161290322580645,0.0,0.0,-6.728685645811561,1.1307683172385188
fat_tail|support|trail30|168h|100bps,2026-09-26,0,,,,,,,,,,,,,,,
fat_tail|support|trail30|168h|100bps,2026-09-27,334,-6.380584569837519,-8.53920841217041,-23.09506759643555,-20.527636146545408,-15.425683736801147,-8.53920841217041,-3.3972614407539368,-1.272614371776581,19.38584127426146,68.87581634521484,0.0,0.0,0.0,-9.185170939342576,2.8045863695050572
fat_tail|support|trail30|168h|100bps,2026-09-28,2087,-8.233834314068568,-8.800673484802246,-27.464462280273438,-22.330651473999023,-15.867427349090576,-8.800673484802246,-3.095735549926758,-0.8250885844230553,15.089831161498989,57.25479507446289,0.0,0.0,0.0,-9.254685261387259,1.0208509473186904
fat_tail|support|trail30|168h|100bps,2026-09-29,1702,-7.047951361827649,-7.2589194774627686,-27.685028171539305,-23.967753219604493,-14.171364068984985,-7.2589194774627686,-4.1363067626953125,-1.2878962397575346,18.55819921493529,70.0386418914795,0.0,0.0,0.0,-7.921145852274679,0.8731944904470303
fat_tail|support|trail30|168h|100bps,2026-09-30,1609,-5.871830462141807,-7.339173793792725,-27.075392532348634,-22.8004207611084,-15.293066024780273,-7.339173793792725,-2.9620776176452637,18.054004669189453,31.266476440429688,52.49085815429687,0.0,0.0,0.0,-6.583236168593814,0.7114057064520072
fat_tail|support|trail30|168h|100bps,2026-10-01,1503,-5.030114782479649,-5.681032657623291,-26.43571548461914,-22.76968307495117,-13.999547481536865,-5.681032657623291,-1.347200095653534,11.128255081176757,26.21181106567382,65.2246321105957,0.0013306719893546241,0.0,0.0,-5.964799465485062,0.934684683005413
fat_tail|support|trail30|168h|100bps,2026-10-02,713,-5.9424990267292985,-7.108997821807861,-31.0,-26.161318588256837,-14.507455825805664,-7.108997821807861,-3.172112464904785,0.5260539099574643,46.062340545654294,72.04251098632812,0.0,0.0,0.0,-6.922144655523994,0.9796456287946951
fat_tail|support|trail30|168h|200bps,2026-09-26,0,,,,,,,,,,,,,,,
fat_tail|support|trail30|168h|200bps,2026-09-27,334,-7.380584570015976,-9.53920841217041,-24.09506759643555,-21.527636146545408,-16.42568349838257,-9.53920841217041,-4.397261381149292,-2.2726142883300784,18.38584127426146,67.87581634521484,0.0,0.0,0.0,-10.185170939527683,2.804586369511708
fat_tail|support|trail30|168h|200bps,2026-09-28,2087,-9.233834308163795,-9.800673484802246,-28.464462280273438,-23.330651473999023,-16.867426872253418,-9.800673484802246,-4.095735549926758,-1.8250886201858423,14.089831161498989,56.25479507446289,0.0,0.0,0.0,-10.254685255399279,1.020850947235484
fat_tail|support|trail30|168h|200bps,2026-09-29,1702,-8.047951359481285,-8.258919715881348,-28.685028171539305,-24.967753219604493,-15.171364068984985,-8.258919715881348,-5.1363067626953125,-2.2878962278366055,17.55819921493529,69.0386418914795,0.0,0.0,0.0,-8.921145849903235,0.87319449042195
fat_tail|support|trail30|168h|200bps,2026-09-30,1609,-6.871830460885765,-8.339174270629883,-28.075392532348634,-23.8004207611084,-16.293066024780273,-8.339174270629883,-3.9620776176452637,17.054004669189453,30.266476440429688,51.49085815429687,0.0,0.0,0.0,-7.583236167324361,0.7114057064385957
fat_tail|support|trail30|168h|200bps,2026-10-01,1503,-6.030114783062113,-6.681032657623291,-27.43571548461914,-23.76968307495117,-14.999547481536865,-6.681032657623291,-2.3472001552581787,10.128255081176757,25.21181106567382,64.2246321105957,0.0013306719893546241,0.0,0.0,-6.964799466073794,0.9346846830116808
fat_tail|support|trail30|168h|200bps,2026-10-02,713,-6.942499027732462,-8.10899829864502,-32.0,-27.161318588256837,-15.507455825805664,-8.10899829864502,-4.172112464904785,-0.47394609451288405,45.062340545654294,71.04251098632812,0.0,0.0,0.0,-7.92214465653854,0.979645628806078
fat_tail|support|trail30|168h|300bps,2026-09-26,0,,,,,,,,,,,,,,,
fat_tail|support|trail30|168h|300bps,2026-09-27,334,-8.380584570105205,-10.53920841217041,-25.09506759643555,-22.527636146545408,-17.42568349838257,-10.53920841217041,-5.397261381149292,-3.2726142883300784,17.38584127426146,66.87581634521484,0.0,0.0,0.0,-11.185170939620237,2.8045863695150324
fat_tail|support|trail30|168h|300bps,2026-09-28,2087,-10.233834307674705,-10.800673484802246,-29.464462280273438,-24.330651473999023,-17.867426872253418,-10.800673484802246,-5.095735549926758,-2.8250885009765527,13.089831161498989,55.25479507446289,0.0,0.0,0.0,-11.254685254903299,1.0208509472285936
fat_tail|support|trail30|168h|300bps,2026-09-29,1702,-9.047951349616898,-9.258919715881348,-29.685028171539305,-25.967753219604493,-16.171363830566406,-9.258919715881348,-6.1363067626953125,-3.2878962278366055,16.55819921493529,68.0386418914795,0.0,0.0,0.0,-9.921145839933411,0.8731944903165125
fat_tail|support|trail30|168h|300bps,2026-09-30,1609,-7.871830463451099,-9.339174270629883,-29.075392532348634,-24.8004207611084,-17.293066024780273,-9.339174270629883,-4.962077617645264,16.054004669189453,29.266476440429688,50.49085815429687,0.0,0.0,0.0,-8.583236169917088,0.7114057064659889
fat_tail|support|trail30|168h|300bps,2026-10-01,1503,-7.03011478467814,-7.681032657623291,-28.43571548461914,-24.76968307495117,-15.999547958374023,-7.681032657623291,-3.3472001552581787,9.128255081176757,24.21181106567382,63.224632034301756,0.0013306719893546241,0.0,0.0,-7.964799467707209,0.9346846830290687
fat_tail|support|trail30|168h|300bps,2026-10-02,713,-7.942499011128012,-9.10899829864502,-33.0,-28.161318588256837,-16.507455825805664,-9.10899829864502,-5.172112464904785,-1.4739460468291683,44.062340545654294,70.04251098632812,0.0,0.0,0.0,-8.922144639745671,0.9796456286176589
fat_tail|support|trail30|24h|100bps,2026-09-26,42,-0.47712332010269165,-0.47712332010269165,-0.47712332010269165,-0.47712332010269165,-0.47712332010269165,-0.47712332010269165,-0.47712332010269165,-0.47712332010269165,-0.47712332010269165,-0.47712332010269165,0.0,0.0,0.0,,
fat_tail|support|trail30|24h|100bps,2026-09-27,334,-6.380584569837519,-8.53920841217041,-23.09506759643555,-20.527636146545408,-15.425683736801147,-8.53920841217041,-3.3972614407539368,-1.272614371776581,19.38584127426146,68.87581634521484,0.0,0.0,0.0,-9.185170939342576,2.8045863695050572
fat_tail|support|trail30|24h|100bps,2026-09-28,2125,-7.916400208835216,-8.350885391235352,-26.702000045776366,-22.104529571533202,-15.446402549743652,-8.350885391235352,-2.903388738632202,0.29486768841743616,14.107501411437973,57.25479507446289,0.0,0.0,0.0,-8.914351382752248,0.9979511739170315
fat_tail|support|trail30|24h|100bps,2026-09-29,1811,-4.918984405276757,-6.220630168914795,-27.406862258911133,-23.482177734375,-13.410168647766113,-6.220630168914795,-1.873549997806549,13.738232612609863,23.153450965881348,69.89622955322268,0.0,0.0,0.0,-5.759933954932161,0.840949549655404
fat_tail|support|trail30|24h|100bps,2026-09-30,1764,-3.374917710977836,-5.121265411376953,-25.910835456848144,-22.235126495361328,-13.548245429992676,-5.121265411376953,1.1491946876049042,20.300168228149417,29.733962917327844,51.59814075469956,0.0,0.0,0.0,-4.031249614913251,0.6563319039354147
fat_tail|support|trail30|24h|100bps,2026-10-01,1621,-3.261808005999831,-5.054780960083008,-26.05170440673828,-22.419979095458984,-13.826871871948242,-5.054780960083008,-0.31387555599212646,20.193641662597656,30.825977325439453,64.4244926452635,0.0012338062924120913,0.0,0.0,-4.153331604470357,0.8915235984705259
fat_tail|support|trail30|24h|100bps,2026-10-02,713,-5.9424990267292985,-7.108997821807861,-31.0,-26.161318588256837,-14.507455825805664,-7.108997821807861,-3.172112464904785,0.5260539099574643,46.062340545654294,72.04251098632812,0.0,0.0,0.0,-6.922144655523994,0.9796456287946951
fat_tail|support|trail30|24h|200bps,2026-09-26,42,-1.4771233797073364,-1.4771233797073364,-1.4771233797073364,-1.4771233797073364,-1.4771233797073364,-1.4771233797073364,-1.4771233797073364,-1.4771233797073364,-1.4771233797073364,-1.4771233797073364,0.0,0.0,0.0,,
fat_tail|support|trail30|24h|200bps,2026-09-27,334,-7.380584570015976,-9.53920841217041,-24.09506759643555,-21.527636146545408,-16.42568349838257,-9.53920841217041,-4.397261381149292,-2.2726142883300784,18.38584127426146,67.87581634521484,0.0,0.0,0.0,-10.185170939527683,2.804586369511708
fat_tail|support|trail30|24h|200bps,2026-09-28,2125,-8.916400202955392,-9.350885391235352,-27.702000045776366,-23.104529571533202,-16.446401596069336,-9.350885391235352,-3.903388738632202,-0.7051322937011704,13.107501411437973,56.25479507446289,0.0,0.0,0.0,-9.914351376791073,0.9979511738356805
fat_tail|support|trail30|24h|200bps,2026-09-29,1811,-5.918984402708035,-7.220630168914795,-28.406862258911133,-24.482177734375,-14.410168647766113,-7.220630168914795,-2.873550057411194,12.738232612609863,22.153450965881348,68.89622955322268,0.0,0.0,0.0,-6.759933952336204,0.8409495496281689
fat_tail|support|trail30|24h|200bps,2026-09-30,1764,-4.374917710199952,-6.121265411376953,-26.910835456848144,-23.235126495361328,-14.548245429992676,-6.121265411376953,0.14919471740722656,19.300168228149417,28.733962917327844,50.59814075469956,0.0,0.0,0.0,-5.031249614127347,0.6563319039273949
fat_tail|support|trail30|24h|200bps,2026-10-01,1621,-4.261808007128219,-6.054780960083008,-27.05170440673828,-23.419979095458984,-14.826871871948242,-6.054780960083008,-1.3138755559921265,19.193641662597656,29.825977325439453,63.424492645263506,0.0012338062924120913,0.0,0.0,-5.153331605610704,0.8915235984824852
fat_tail|support|trail30|24h|200bps,2026-10-02,713,-6.942499027732462,-8.10899829864502,-32.0,-27.161318588256837,-15.507455825805664,-8.10899829864502,-4.172112464904785,-0.47394609451288405,45.062340545654294,71.04251098632812,0.0,0.0,0.0,-7.92214465653854,0.979645628806078
fat_tail|support|trail30|24h|300bps,2026-09-26,42,-2.477123260498047,-2.477123260498047,-2.477123260498047,-2.477123260498047,-2.477123260498047,-2.477123260498047,-2.477123260498047,-2.477123260498047,-2.477123260498047,-2.477123260498047,0.0,0.0,0.0,,
fat_tail|support|trail30|24h|300bps,2026-09-27,334,-8.380584570105205,-10.53920841217041,-25.09506759643555,-22.527636146545408,-17.42568349838257,-10.53920841217041,-5.397261381149292,-3.2726142883300784,17.38584127426146,66.87581634521484,0.0,0.0,0.0,-11.185170939620237,2.8045863695150324
fat_tail|support|trail30|24h|300bps,2026-09-28,2125,-9.916400201888646,-10.350885391235352,-28.702000045776366,-24.104529571533202,-17.446401596069336,-10.350885391235352,-4.903388500213623,-1.7051323175430284,12.107501411437973,55.25479507446289,0.0,0.0,0.0,-10.914351375709565,0.997951173820919
fat_tail|support|trail30|24h|300bps,2026-09-29,1811,-6.918984393186984,-8.220629692077637,-29.406862258911133,-25.482177734375,-15.410168647766113,-8.220629692077637,-3.873550057411194,11.738232612609863,21.153450965881348,67.89622955322268,0.0,0.0,0.0,-7.759933942714205,0.8409495495272203
fat_tail|support|trail30|24h|300bps,2026-09-30,1764,-5.374917714357114,-7.121265411376953,-27.910835456848144,-24.235126495361328,-15.548245429992676,-7.121265411376953,-0.8508052676916122,18.300168228149417,27.733962917327844,49.59814075469956,0.0,0.0,0.0,-6.031249618327367,0.6563319039702531
fat_tail|support|trail30|24h|300bps,2026-10-01,1621,-5.261808006861635,-7.054780960083008,-28.05170440673828,-24.419979095458984,-15.826871871948242,-7.054780960083008,-2.313875436782837,18.193641662597656,28.825977325439453,62.42448959350569,0.0012338062924120913,0.0,0.0,-6.153331602963054,0.8915235961014192
fat_tail|support|trail30|24h|300bps,2026-10-02,713,-7.942499011128012,-9.10899829864502,-33.0,-28.161318588256837,-16.507455825805664,-9.10899829864502,-5.172112464904785,-1.4739460468291683,44.062340545654294,70.04251098632812,0.0,0.0,0.0,-8.922144639745671,0.9796456286176589
fat_tail|support|trail30|72h|100bps,2026-09-26,42,-0.19321346282958984,-0.19321346282958984,-0.19321346282958984,-0.19321346282958984,-0.19321346282958984,-0.19321346282958984,-0.19321346282958984,-0.19321346282958984,-0.19321346282958984,-0.19321346282958984,0.0,0.0,0.0,,
fat_tail|support|trail30|72h|100bps,2026-09-27,334,-6.380584569837519,-8.53920841217041,-23.09506759643555,-20.527636146545408,-15.425683736801147,-8.53920841217041,-3.3972614407539368,-1.272614371776581,19.38584127426146,68.87581634521484,0.0,0.0,0.0,-9.185170939342576,2.8045863695050572
fat_tail|support|trail30|72h|100bps,2026-09-28,2082,-8.135461946553932,-8.723875522613525,-26.786810398101807,-22.128506278991697,-15.735296249389648,-8.723875522613525,-3.0705409049987793,-0.6711740255355785,15.137127208709682,57.25479507446289,0.0,0.0,0.0,-9.15740956025288,1.0219476136989485
fat_tail|support|trail30|72h|100bps,2026-09-29,1702,-6.899328258514545,-7.066945552825928,-27.685028171539305,-23.967753219604493,-14.171364068984985,-7.066945552825928,-3.8227648735046387,1.5497380495071629,18.55819921493529,70.0386418914795,0.0,0.0,0.0,-7.770934140968917,0.8716058824543724
fat_tail|support|trail30|72h|100bps,2026-09-30,1609,-5.871830462141807,-7.339173793792725,-27.075392532348634,-22.8004207611084,-15.293066024780273,-7.339173793792725,-2.9620776176452637,18.054004669189453,31.266476440429688,52.49085815429687,0.0,0.0,0.0,-6.583236168593814,0.7114057064520072
fat_tail|support|trail30|72h|100bps,2026-10-01,1503,-5.030114782479649,-5.681032657623291,-26.43571548461914,-22.76968307495117,-13.999547481536865,-5.681032657623291,-1.347200095653534,11.128255081176757,26.21181106567382,65.2246321105957,0.0013306719893546241,0.0,0.0,-5.964799465485062,0.934684683005413
fat_tail|support|trail30|72h|100bps,2026-10-02,713,-5.9424990267292985,-7.108997821807861,-31.0,-26.161318588256837,-14.507455825805664,-7.108997821807861,-3.172112464904785,0.5260539099574643,46.062340545654294,72.04251098632812,0.0,0.0,0.0,-6.922144655523994,0.9796456287946951
fat_tail|support|trail30|72h|200bps,2026-09-26,42,-1.1932134628295898,-1.1932134628295898,-1.1932134628295898,-1.1932134628295898,-1.1932134628295898,-1.1932134628295898,-1.1932134628295898,-1.1932134628295898,-1.1932134628295898,-1.1932134628295898,0.0,0.0,0.0,,
fat_tail|support|trail30|72h|200bps,2026-09-27,334,-7.380584570015976,-9.53920841217041,-24.09506759643555,-21.527636146545408,-16.42568349838257,-9.53920841217041,-4.397261381149292,-2.2726142883300784,18.38584127426146,67.87581634521484,0.0,0.0,0.0,-10.185170939527683,2.804586369511708
fat_tail|support|trail30|72h|200bps,2026-09-28,2082,-9.135461940663607,-9.723875522613525,-27.786810398101807,-23.128506278991697,-16.73529624938965,-9.723875522613525,-4.070540904998779,-1.6711740255355785,14.137127208709682,56.25479507446289,0.0,0.0,0.0,-10.15740955427935,1.021947613615744
fat_tail|support|trail30|72h|200bps,2026-09-29,1702,-7.899328256684731,-8.066946029663086,-28.685028171539305,-24.967753219604493,-15.171364068984985,-8.066946029663086,-4.82276463508606,0.5497380495071629,17.55819921493529,69.0386418914795,0.0,0.0,0.0,-8.770934139119545,0.8716058824348139
fat_tail|support|trail30|72h|200bps,2026-09-30,1609,-6.871830460885765,-8.339174270629883,-28.075392532348634,-23.8004207611084,-16.293066024780273,-8.339174270629883,-3.9620776176452637,17.054004669189453,30.266476440429688,51.49085815429687,0.0,0.0,0.0,-7.583236167324361,0.7114057064385957
fat_tail|support|trail30|72h|200bps,2026-10-01,1503,-6.030114783062113,-6.681032657623291,-27.43571548461914,-23.76968307495117,-14.999547481536865,-6.681032657623291,-2.3472001552581787,10.128255081176757,25.21181106567382,64.2246321105957,0.0013306719893546241,0.0,0.0,-6.964799466073794,0.9346846830116808
fat_tail|support|trail30|72h|200bps,2026-10-02,713,-6.942499027732462,-8.10899829864502,-32.0,-27.161318588256837,-15.507455825805664,-8.10899829864502,-4.172112464904785,-0.47394609451288405,45.062340545654294,71.04251098632812,0.0,0.0,0.0,-7.92214465653854,0.979645628806078
fat_tail|support|trail30|72h|300bps,2026-09-26,42,-2.19321346282959,-2.19321346282959,-2.19321346282959,-2.19321346282959,-2.19321346282959,-2.19321346282959,-2.19321346282959,-2.19321346282959,-2.19321346282959,-2.19321346282959,0.0,0.0,0.0,,
fat_tail|support|trail30|72h|300bps,2026-09-27,334,-8.380584570105205,-10.53920841217041,-25.09506759643555,-22.527636146545408,-17.42568349838257,-10.53920841217041,-5.397261381149292,-3.2726142883300784,17.38584127426146,66.87581634521484,0.0,0.0,0.0,-11.185170939620237,2.8045863695150324
fat_tail|support|trail30|72h|300bps,2026-09-28,2082,-10.135461940173343,-10.723875522613525,-28.786810398101807,-24.128506278991697,-17.73529624938965,-10.723875522613525,-5.070540904998779,-2.6711740255355783,13.137127208709682,55.25479507446289,0.0,0.0,0.0,-11.157409553782161,1.021947613608818
fat_tail|support|trail30|72h|300bps,2026-09-29,1702,-8.899328246857554,-9.066946029663086,-29.685028171539305,-25.967753219604493,-16.171363830566406,-9.066946029663086,-5.82276463508606,-0.450261923670747,16.55819921493529,68.0386418914795,0.0,0.0,0.0,-9.770934129187328,0.8716058823297743
fat_tail|support|trail30|72h|300bps,2026-09-30,1609,-7.871830463451099,-9.339174270629883,-29.075392532348634,-24.8004207611084,-17.293066024780273,-9.339174270629883,-4.962077617645264,16.054004669189453,29.266476440429688,50.49085815429687,0.0,0.0,0.0,-8.583236169917088,0.7114057064659889
fat_tail|support|trail30|72h|300bps,2026-10-01,1503,-7.03011478467814,-7.681032657623291,-28.43571548461914,-24.76968307495117,-15.999547958374023,-7.681032657623291,-3.3472001552581787,9.128255081176757,24.21181106567382,63.224632034301756,0.0013306719893546241,0.0,0.0,-7.964799467707209,0.9346846830290687
fat_tail|support|trail30|72h|300bps,2026-10-02,713,-7.942499011128012,-9.10899829864502,-33.0,-28.161318588256837,-16.507455825805664,-9.10899829864502,-5.172112464904785,-1.4739460468291683,44.062340545654294,70.04251098632812,0.0,0.0,0.0,-8.922144639745671,0.9796456286176589
fat_tail|support|trail40|168h|100bps,2026-09-26,0,,,,,,,,,,,,,,,
fat_tail|support|trail40|168h|100bps,2026-09-27,325,-9.075106913860028,-10.43647289276123,-22.800711822509765,-20.240276336669922,-16.98731803894043,-10.43647289276123,-4.788985729217529,-1.8342319011688215,4.414762306213384,44.60784149169922,0.0,0.0,0.0,-11.133239121101916,2.058132207241888
fat_tail|support|trail40|168h|100bps,2026-09-28,2050,-7.959920935078365,-9.169281005859375,-33.580128288269044,-28.861952590942384,-17.691346168518066,-9.169281005859375,-3.207483232021332,-1.3556505799293497,31.005916595458984,118.07789878845213,0.015609756097560976,0.0,0.0,-9.443509888948626,1.4835889538702602
fat_tail|support|trail40|168h|100bps,2026-09-29,1575,-10.912135341810801,-8.141002655029297,-35.41350784301758,-30.301470565795896,-17.82305335998535,-8.141002655029297,-4.892133474349976,-2.0692276000976553,11.640862751007049,40.03930419921875,0.0,0.0,0.0,-11.491969930353342,0.5798345885425409
fat_tail|support|trail40|168h|100bps,2026-09-30,1560,-1.9456805704209286,-8.019134998321533,-30.812395668029787,-25.374767303466797,-15.469013214111328,-8.019134998321533,-2.737471342086792,8.525254535675069,27.893491458892772,276.09271240234375,0.021153846153846155,0.0,0.0,-7.7684741405311835,5.822793570110255
fat_tail|support|trail40|168h|100bps,2026-10-01,1498,-8.473659164139203,-8.228401184082031,-31.0792067527771,-25.907973670959468,-16.308963775634766,-8.228401184082031,-3.2820271253585815,0.46049410998820567,17.323340797424294,55.443771972656236,0.0020026702269692926,0.0,0.0,-9.297115657933242,0.8234564937940387
fat_tail|support|trail40|168h|100bps,2026-10-02,618,-11.807625916204792,-7.899267673492432,-40.71104850769043,-32.51255645751953,-15.769312620162964,-7.899267673492432,-4.117341756820679,-2.2197796583175635,-1.595745432376862,18.854874343872325,0.0,0.0,0.0,-12.298831262877258,0.49120534667246574
fat_tail|support|trail40|168h|200bps,2026-09-26,0,,,,,,,,,,,,,,,
fat_tail|support|trail40|168h|200bps,2026-09-27,325,-10.075106920003892,-11.43647289276123,-23.800711822509765,-21.240276336669922,-17.98731803894043,-11.43647289276123,-5.788985729217529,-2.8342319488525374,3.4147621154785206,43.60784149169922,0.0,0.0,0.0,-12.133239127481326,2.058132207477435
fat_tail|support|trail40|168h|200bps,2026-09-28,2050,-8.95992093288317,-10.169281005859375,-34.580128288269044,-29.861952590942384,-18.691346168518066,-10.169281005859375,-4.207483410835266,-2.355650591850279,30.005916595458984,117.07789878845213,0.015121951219512195,0.0,0.0,-10.44350988673071,1.4835889538475406
fat_tail|support|trail40|168h|200bps,2026-09-29,1575,-11.912135335490817,-9.141002655029297,-36.41350784301758,-31.301470565795896,-18.82305335998535,-9.141002655029297,-5.892133474349976,-3.0692276000976553,10.640862751007049,39.03930419921875,0.0,0.0,0.0,-12.491969923968496,0.579834588477679
fat_tail|support|trail40|168h|200bps,2026-09-30,1560,-2.945680563041988,-9.019134998321533,-31.812395668029787,-26.374767303466797,-16.469013214111328,-9.019134998321533,-3.737471342086792,7.525254487991354,26.893491458892772,275.09271240234375,0.021153846153846155,0.0,0.0,-8.76847413299771,5.8227935699557225
fat_tail|support|trail40|168h|200bps,2026-10-01,1498,-9.473659162154702,-9.228401184082031,-32.079207038879396,-26.907973670959468,-17.308963775634766,-9.228401184082031,-4.2820271253585815,-0.5395058691501686,16.323340797424294,54.443771972656236,0.0020026702269692926,0.0,0.0,-10.29711565592867,0.8234564937739677
fat_tail|support|trail40|168h|200bps,2026-10-02,618,-12.80762591794085,-8.899267673492432,-41.71104850769043,-33.51255645751953,-16.769312381744385,-8.899267673492432,-5.117341756820679,-3.2197796583175635,-2.5957453131675727,17.854874343872325,0.0,0.0,0.0,-13.298831264633204,0.49120534669235383
fat_tail|support|trail40|168h|300bps,2026-09-26,0,,,,,,,,,,,,,,,
fat_tail|support|trail40|168h|300bps,2026-09-27,325,-11.075106925841135,-12.43647289276123,-24.800711822509765,-22.240276336669922,-18.98731803894043,-12.43647289276123,-6.788985729217529,-3.8342319488525374,2.4147621154785206,42.60784149169922,0.0,0.0,0.0,-13.133239133542363,2.0581322077012274
fat_tail|support|trail40|168h|300bps,2026-09-28,2050,-9.959920941067905,-11.169281005859375,-35.580128288269044,-30.861952590942384,-19.691346168518066,-11.169281005859375,-5.207483410835266,-3.355650591850279,29.005916595458984,116.07789878845213,0.015121951219512195,0.0,0.0,-11.443509895000156,1.4835889539322515
fat_tail|support|trail40|168h|300bps,2026-09-29,1575,-12.912135333485073,-10.141002655029297,-37.41350784301758,-32.30147171020508,-19.82305335998535,-10.141002655029297,-6.892133474349976,-4.069227600097655,9.640862751007049,38.03930419921875,0.0,0.0,0.0,-13.491969921942166,0.5798345884570928
fat_tail|support|trail40|168h|300bps,2026-09-30,1560,-3.9456805654061147,-10.019134998321533,-32.81239738464355,-27.374767303466797,-17.469013214111328,-10.019134998321533,-4.737471342086792,6.525254487991354,25.893491458892772,274.09271240234375,0.021153846153846155,0.0,0.0,-9.768474135411347,5.822793570005233
fat_tail|support|trail40|168h|300bps,2026-10-01,1498,-10.473659162328781,-10.228401184082031,-33.079207038879396,-27.907973670959468,-18.308963775634766,-10.228401184082031,-5.2820271253585815,-1.53950591087342,15.323341464996316,53.443771972656236,0.0013351134846461949,0.0,0.0,-11.29711565610451,0.823456493775728
fat_tail|support|trail40|168h|300bps,2026-10-02,618,-13.80762591794085,-9.899267673492432,-42.71104850769043,-34.51255645751953,-17.769312381744385,-9.899267673492432,-6.117341756820679,-4.219779729843137,-3.5957453131675727,16.854874343872325,0.0,0.0,0.0,-14.298831267754887,0.4912053498140363
fat_tail|support|trail40|24h|100bps,2026-09-26,42,-0.47712332010269165,-0.47712332010269165,-0.47712332010269165,-0.47712332010269165,-0.47712332010269165,-0.47712332010269165,-0.47712332010269165,-0.47712332010269165,-0.47712332010269165,-0.47712332010269165,0.0,0.0,0.0,,
fat_tail|support|trail40|24h|100bps,2026-09-27,325,-9.075106913860028,-10.43647289276123,-22.800711822509765,-20.240276336669922,-16.98731803894043,-10.43647289276123,-4.788985729217529,-1.8342319011688215,4.414762306213384,44.60784149169922,0.0,0.0,0.0,-11.133239121101916,2.058132207241888
fat_tail|support|trail40|24h|100bps,2026-09-28,2096,-7.711369706361327,-8.80201244354248,-32.88094520568848,-28.01951313018799,-17.574713230133057,-8.80201244354248,-3.0558508038520813,-1.0551335215568542,31.005916595458984,117.08896827697794,0.015267175572519083,0.0,0.0,-9.159554001108171,1.4481842947468442
fat_tail|support|trail40|24h|100bps,2026-09-29,1723,-8.256592168301362,-6.74908447265625,-34.62876586914062,-29.379539108276365,-16.44387435913086,-6.74908447265625,-2.3393994569778442,10.996825408935537,19.50142669677732,39.8140322113037,0.0,0.0,0.0,-8.818416617303825,0.5618244490024633
fat_tail|support|trail40|24h|100bps,2026-09-30,1732,2.5201735662871902,-4.906256675720215,-30.22671613693237,-24.382353210449217,-13.511541366577148,-4.906256675720215,2.1142356991767883,21.34926261901856,42.947818756103516,276.09271240234375,0.03521939953810624,0.0,0.0,-2.6294271647444627,5.1496007310316525
fat_tail|support|trail40|24h|100bps,2026-10-01,1617,-6.416440559616779,-7.5760650634765625,-30.729263687133788,-25.419286727905273,-16.010595321655273,-7.5760650634765625,-2.5181596279144287,16.64519004821778,29.338755416870093,54.768644561767545,0.0018552875695732839,0.0,0.0,-7.237333035934716,0.8208924763179368
fat_tail|support|trail40|24h|100bps,2026-10-02,618,-11.807625916204792,-7.899267673492432,-40.71104850769043,-32.51255645751953,-15.769312620162964,-7.899267673492432,-4.117341756820679,-2.2197796583175635,-1.595745432376862,18.854874343872325,0.0,0.0,0.0,-12.298831262877258,0.49120534667246574
fat_tail|support|trail40|24h|200bps,2026-09-26,42,-1.4771233797073364,-1.4771233797073364,-1.4771233797073364,-1.4771233797073364,-1.4771233797073364,-1.4771233797073364,-1.4771233797073364,-1.4771233797073364,-1.4771233797073364,-1.4771233797073364,0.0,0.0,0.0,,
fat_tail|support|trail40|24h|200bps,2026-09-27,325,-10.075106920003892,-11.43647289276123,-23.800711822509765,-21.240276336669922,-17.98731803894043,-11.43647289276123,-5.788985729217529,-2.8342319488525374,3.4147621154785206,43.60784149169922,0.0,0.0,0.0,-12.133239127481326,2.058132207477435
fat_tail|support|trail40|24h|200bps,2026-09-28,2096,-8.71136970413255,-9.80201244354248,-33.88094520568848,-29.01951313018799,-18.574713230133057,-9.80201244354248,-4.055850625038147,-2.0551334619522095,30.005916595458984,116.08896827697794,0.014790076335877863,0.0,0.0,-10.15955399885684,1.448184294724289
fat_tail|support|trail40|24h|200bps,2026-09-29,1723,-9.256592161865344,-7.74908447265625,-35.62876586914062,-30.379539108276365,-17.44387435913086,-7.74908447265625,-3.3393994569778442,9.996825408935537,18.50142669677732,38.8140322113037,0.0,0.0,0.0,-9.818416610799861,0.5618244489345177
fat_tail|support|trail40|24h|200bps,2026-09-30,1732,1.5201735692894556,-5.906256675720215,-31.22671613693237,-25.382353210449217,-14.511541366577148,-5.906256675720215,1.114235669374466,20.34926261901856,41.947818756103516,275.09271240234375,0.03521939953810624,0.0,0.0,-3.629427161685684,5.1496007309751395
fat_tail|support|trail40|24h|200bps,2026-10-01,1617,-7.416440558294381,-8.576065063476562,-31.729263687133788,-26.419286727905273,-17.010595321655273,-8.576065063476562,-3.5181596279144287,15.645189666748054,28.338755416870093,53.768644561767545,0.0018552875695732839,0.0,0.0,-8.237333034598269,0.8208924763038876
fat_tail|support|trail40|24h|200bps,2026-10-02,618,-12.80762591794085,-8.899267673492432,-41.71104850769043,-33.51255645751953,-16.769312381744385,-8.899267673492432,-5.117341756820679,-3.2197796583175635,-2.5957453131675727,17.854874343872325,0.0,0.0,0.0,-13.298831264633204,0.49120534669235383
fat_tail|support|trail40|24h|300bps,2026-09-26,42,-2.477123260498047,-2.477123260498047,-2.477123260498047,-2.477123260498047,-2.477123260498047,-2.477123260498047,-2.477123260498047,-2.477123260498047,-2.477123260498047,-2.477123260498047,0.0,0.0,0.0,,
fat_tail|support|trail40|24h|300bps,2026-09-27,325,-11.075106925841135,-12.43647289276123,-24.800711822509765,-22.240276336669922,-18.98731803894043,-12.43647289276123,-6.788985729217529,-3.8342319488525374,2.4147621154785206,42.60784149169922,0.0,0.0,0.0,-13.133239133542363,2.0581322077012274
fat_tail|support|trail40|24h|300bps,2026-09-28,2096,-9.711369711543142,-10.80201244354248,-34.88094520568848,-30.01951313018799,-19.574713230133057,-10.80201244354248,-5.055850625038147,-3.0551334619522095,29.005916595458984,115.08896827697794,0.014790076335877863,0.0,0.0,-11.159554006342429,1.4481842947992867
fat_tail|support|trail40|24h|300bps,2026-09-29,1723,-10.256592159850879,-8.74908447265625,-36.62876586914062,-31.379539108276365,-18.44387435913086,-8.74908447265625,-4.339399337768555,8.996825408935537,17.50142669677732,37.8140322113037,0.0,0.0,0.0,-10.81841660876413,0.5618244489132511
fat_tail|support|trail40|24h|300bps,2026-09-30,1732,0.5201735626422213,-6.906256675720215,-32.226715087890625,-26.382353210449217,-15.511541366577148,-6.906256675720215,0.11423565819859505,19.34926261901856,40.947818756103516,274.09271240234375,0.03464203233256351,0.0,0.0,-4.629427168458043,5.149600731100264
fat_tail|support|trail40|24h|300bps,2026-10-01,1617,-8.41644055672317,-9.576065063476562,-32.72926559448242,-27.419286727905273,-18.010595321655273,-9.576065063476562,-4.518159866333008,14.645189666748054,27.338755416870093,52.768644561767545,0.0012368583797155227,0.0,0.0,-9.237333033010364,0.8208924762871934
fat_tail|support|trail40|24h|300bps,2026-10-02,618,-13.80762591794085,-9.899267673492432,-42.71104850769043,-34.51255645751953,-17.769312381744385,-9.899267673492432,-6.117341756820679,-4.219779729843137,-3.5957453131675727,16.854874343872325,0.0,0.0,0.0,-14.298831267754887,0.4912053498140363
fat_tail|support|trail40|72h|100bps,2026-09-26,42,-0.19321346282958984,-0.19321346282958984,-0.19321346282958984,-0.19321346282958984,-0.19321346282958984,-0.19321346282958984,-0.19321346282958984,-0.19321346282958984,-0.19321346282958984,-0.19321346282958984,0.0,0.0,0.0,,
fat_tail|support|trail40|72h|100bps,2026-09-27,334,-8.872083827763975,-10.006630897521973,-22.662539863586424,-19.887554550170897,-16.823986530303955,-10.006630897521973,-4.101231336593628,-1.7238960146903992,4.218549704551682,44.60784149169922,0.0,0.0,0.0,-10.865124522899249,1.9930406951352744
fat_tail|support|trail40|72h|100bps,2026-09-28,2048,-7.848646418191493,-9.077977657318115,-32.97536125183105,-28.30473251342773,-17.60464334487915,-9.077977657318115,-3.1883139610290527,-1.3107654452323916,31.005916595458984,118.12089576721185,0.015625,0.0,0.0,-9.332546379981396,1.4838999617899038
fat_tail|support|trail40|72h|100bps,2026-09-29,1605,-10.695911835008692,-7.969611644744873,-35.198585510253906,-30.09568099975586,-17.598379135131836,-7.969611644744873,-4.5349555015563965,-1.783996868133544,8.672762393951277,39.98605163574219,0.0,0.0,0.0,-11.294895839649874,0.5989840046411814
fat_tail|support|trail40|72h|100bps,2026-09-30,1560,-1.9456805704209286,-8.019134998321533,-30.812395668029787,-25.374767303466797,-15.469013214111328,-8.019134998321533,-2.737471342086792,8.525254535675069,27.893491458892772,276.09271240234375,0.021153846153846155,0.0,0.0,-7.7684741405311835,5.822793570110255
fat_tail|support|trail40|72h|100bps,2026-10-01,1498,-8.473659164139203,-8.228401184082031,-31.0792067527771,-25.907973670959468,-16.308963775634766,-8.228401184082031,-3.2820271253585815,0.46049410998820567,17.323340797424294,55.443771972656236,0.0020026702269692926,0.0,0.0,-9.297115657933242,0.8234564937940387
fat_tail|support|trail40|72h|100bps,2026-10-02,618,-11.807625916204792,-7.899267673492432,-40.71104850769043,-32.51255645751953,-15.769312620162964,-7.899267673492432,-4.117341756820679,-2.2197796583175635,-1.595745432376862,18.854874343872325,0.0,0.0,0.0,-12.298831262877258,0.49120534667246574
fat_tail|support|trail40|72h|200bps,2026-09-26,42,-1.1932134628295898,-1.1932134628295898,-1.1932134628295898,-1.1932134628295898,-1.1932134628295898,-1.1932134628295898,-1.1932134628295898,-1.1932134628295898,-1.1932134628295898,-1.1932134628295898,0.0,0.0,0.0,,
fat_tail|support|trail40|72h|200bps,2026-09-27,334,-9.872083834099199,-11.006630897521973,-23.662539863586424,-20.887554550170897,-17.823986530303955,-11.006630897521973,-5.101231336593628,-2.7238960504531864,3.218549621105179,43.60784149169922,0.0,0.0,0.0,-11.865124529470569,1.99304069537137
fat_tail|support|trail40|72h|200bps,2026-09-28,2048,-8.848646416110569,-10.077977657318115,-33.97536125183105,-29.30473251342773,-18.60464334487915,-10.077977657318115,-4.188313722610474,-2.3107653617858888,30.005916595458984,117.12089576721185,0.01513671875,0.0,0.0,-10.332546377878913,1.4838999617683442
fat_tail|support|trail40|72h|200bps,2026-09-29,1605,-11.695911829057513,-8.969611167907715,-36.198585510253906,-31.09568099975586,-18.598379135131836,-8.969611167907715,-5.5349555015563965,-2.7839968681335443,7.672762393951277,38.98605163574219,0.0,0.0,0.0,-12.294895833634985,0.5989840045774724
fat_tail|support|trail40|72h|200bps,2026-09-30,1560,-2.945680563041988,-9.019134998321533,-31.812395668029787,-26.374767303466797,-16.469013214111328,-9.019134998321533,-3.737471342086792,7.525254487991354,26.893491458892772,275.09271240234375,0.021153846153846155,0.0,0.0,-8.76847413299771,5.8227935699557225
fat_tail|support|trail40|72h|200bps,2026-10-01,1498,-9.473659162154702,-9.228401184082031,-32.079207038879396,-26.907973670959468,-17.308963775634766,-9.228401184082031,-4.2820271253585815,-0.5395058691501686,16.323340797424294,54.443771972656236,0.0020026702269692926,0.0,0.0,-10.29711565592867,0.8234564937739677
fat_tail|support|trail40|72h|200bps,2026-10-02,618,-12.80762591794085,-8.899267673492432,-41.71104850769043,-33.51255645751953,-16.769312381744385,-8.899267673492432,-5.117341756820679,-3.2197796583175635,-2.5957453131675727,17.854874343872325,0.0,0.0,0.0,-13.298831264633204,0.49120534669235383
fat_tail|support|trail40|72h|300bps,2026-09-26,42,-2.19321346282959,-2.19321346282959,-2.19321346282959,-2.19321346282959,-2.19321346282959,-2.19321346282959,-2.19321346282959,-2.19321346282959,-2.19321346282959,-2.19321346282959,0.0,0.0,0.0,,
fat_tail|support|trail40|72h|300bps,2026-09-27,334,-10.872083840492978,-12.006630897521973,-24.662539863586424,-21.887554550170897,-18.823986530303955,-12.006630897521973,-6.101231336593628,-3.7238960504531864,2.218549621105179,42.60784149169922,0.0,0.0,0.0,-12.865124536102627,1.9930406956096487
fat_tail|support|trail40|72h|300bps,2026-09-28,2048,-9.848646424303297,-11.077977657318115,-34.97536125183105,-30.30473251342773,-19.60464334487915,-11.077977657318115,-5.188313722610474,-3.3107653617858888,29.005916595458984,116.12089576721185,0.01513671875,0.0,0.0,-11.332546386156519,1.483899961853222
fat_tail|support|trail40|72h|300bps,2026-09-29,1605,-12.695911827128716,-9.969611167907715,-37.198585510253906,-32.095680236816406,-19.598379135131836,-9.969611167907715,-6.5349555015563965,-3.7839968681335443,6.6727620124815505,37.98605163574219,0.0,0.0,0.0,-13.294895831685542,0.5989840045568258
fat_tail|support|trail40|72h|300bps,2026-09-30,1560,-3.9456805654061147,-10.019134998321533,-32.81239738464355,-27.374767303466797,-17.469013214111328,-10.019134998321533,-4.737471342086792,6.525254487991354,25.893491458892772,274.09271240234375,0.021153846153846155,0.0,0.0,-9.768474135411347,5.822793570005233
fat_tail|support|trail40|72h|300bps,2026-10-01,1498,-10.473659162328781,-10.228401184082031,-33.079207038879396,-27.907973670959468,-18.308963775634766,-10.228401184082031,-5.2820271253585815,-1.53950591087342,15.323341464996316,53.443771972656236,0.0013351134846461949,0.0,0.0,-11.29711565610451,0.823456493775728
fat_tail|support|trail40|72h|300bps,2026-10-02,618,-13.80762591794085,-9.899267673492432,-42.71104850769043,-34.51255645751953,-17.769312381744385,-9.899267673492432,-6.117341756820679,-4.219779729843137,-3.5957453131675727,16.854874343872325,0.0,0.0,0.0,-14.298831267754887,0.4912053498140363
ladder|atr2|trail40|168h|100bps,2026-09-26,42,-2.6349990367889404,-2.6349990367889404,-2.6349990367889404,-2.6349990367889404,-2.6349990367889404,-2.6349990367889404,-2.6349990367889404,-2.6349990367889404,-2.6349990367889404,-2.6349990367889404,0.0,0.0,0.0,,
ladder|atr2|trail40|168h|100bps,2026-09-27,350,-10.74064546925681,-11.23032522201538,-29.543290615081787,-27.297850036621092,-17.656185626983643,-11.23032522201538,-5.4815753698349,-2.865648579597473,-2.322732222080231,58.20587921142578,0.0,0.0,0.0,-13.188451079221872,2.4478056099650622
ladder|atr2|trail40|168h|100bps,2026-09-28,2354,-7.980521060596002,-9.565014839172363,-31.94700689315796,-26.799116134643555,-17.836805820465088,-9.565014839172363,-4.85674786567688,-2.513073635101317,48.00443649291992,111.64977165222166,0.013169073916737469,0.0,0.0,-9.420784370172688,1.440263309576686
ladder|atr2|trail40|168h|100bps,2026-09-29,2015,-5.496789378386278,-9.727815628051758,-26.371799278259278,-22.487689971923828,-16.97428798675537,-9.727815628051758,-4.256395578384399,-2.53510308265686,67.6074234008789,81.34578140258789,0.0,0.0,0.0,-6.46210259910572,0.9653132207194428
ladder|atr2|trail40|168h|100bps,2026-09-30,1814,0.45229392087183556,-9.864112854003906,-24.265112495422365,-20.020951652526854,-15.032696723937988,-9.864112854003906,-3.917667508125305,42.34851417541505,66.37303733825664,262.5463562011719,0.02866593164277839,0.0,0.0,-4.254221226698086,4.706515147569922
ladder|atr2|trail40|168h|100bps,2026-10-01,1778,-7.617990350160073,-9.543030738830566,-33.08036842346191,-27.226600456237794,-20.448925971984863,-9.543030738830566,-4.169829845428467,-2.327823758125305,51.7354459762573,107.99936691284181,0.012373453318335208,0.0005624296962879641,0.0,-9.833551016856324,2.215560666696251
ladder|atr2|trail40|168h|100bps,2026-10-02,917,-11.931574981631213,-9.864461898803711,-38.91557693481445,-27.67006950378418,-18.109237670898438,-9.864461898803711,-5.072812080383301,-3.0799238681793213,-2.0808661937713633,63.53912246704103,0.0010905125408942203,0.0,0.0,-12.914253265355624,0.982678283724411
ladder|atr2|trail40|168h|200bps,2026-09-26,42,-3.6349990367889404,-3.6349990367889404,-3.6349990367889404,-3.6349990367889404,-3.6349990367889404,-3.6349990367889404,-3.6349990367889404,-3.6349990367889404,-3.6349990367889404,-3.6349990367889404,0.0,0.0,0.0,,
ladder|atr2|trail40|168h|200bps,2026-09-27,350,-11.740645463126047,-12.23032522201538,-30.543290615081787,-28.297850036621092,-18.656185626983643,-12.23032522201538,-6.4815753698349,-3.865648579597473,-3.322732222080231,57.20587921142578,0.0,0.0,0.0,-14.188451072873448,2.4478056097474017
ladder|atr2|trail40|168h|200bps,2026-09-28,2354,-8.980521061102413,-10.565014839172363,-32.94700756072998,-27.799116134643555,-18.836805820465088,-10.565014839172363,-5.85674786567688,-3.513073635101317,47.00443649291992,110.64977165222166,0.012744265080713678,0.0,0.0,-10.420784370684316,1.440263309581903
ladder|atr2|trail40|168h|200bps,2026-09-29,2015,-6.496789368328918,-10.727815628051758,-27.371799278259278,-23.487689971923828,-17.97428798675537,-10.727815628051758,-5.256395578384399,-3.53510308265686,66.6074234008789,80.34578140258789,0.0,0.0,0.0,-7.46210258894244,0.9653132206135222
ladder|atr2|trail40|168h|200bps,2026-09-30,1814,-0.547706076959528,-10.864112854003906,-25.265112495422365,-21.020951652526854,-16.032697677612305,-10.864112854003906,-4.917667746543884,41.34851417541505,65.37303733825664,261.5463562011719,0.028114663726571114,0.0,0.0,-5.254221224490507,4.706515147530979
ladder|atr2|trail40|168h|200bps,2026-10-01,1778,-8.61799034345539,-10.543030738830566,-34.08036842346191,-28.226600456237794,-21.448925971984863,-10.543030738830566,-5.169829845428467,-3.327823758125305,50.7354459762573,106.99936691284181,0.011811023622047244,0.0005624296962879641,0.0,-10.833551014417951,2.215560670962562
ladder|atr2|trail40|168h|200bps,2026-10-02,917,-12.931574974091259,-10.864461898803711,-39.91557693481445,-28.67006950378418,-19.109237670898438,-10.864461898803711,-6.072812080383301,-4.079923725128174,-3.0808661937713633,62.53912246704103,0.0010905125408942203,0.0,0.0,-13.914253261938379,0.9826782878471203
ladder|atr2|trail40|168h|300bps,2026-09-26,42,-4.6349992752075195,-4.6349992752075195,-4.6349992752075195,-4.6349992752075195,-4.6349992752075195,-4.6349992752075195,-4.6349992752075195,-4.6349992752075195,-4.6349992752075195,-4.6349992752075195,0.0,0.0,0.0,,
ladder|atr2|trail40|168h|300bps,2026-09-27,350,-12.74064545903887,-13.23032522201538,-31.543290615081787,-29.297850036621092,-19.656185626983643,-13.23032522201538,-7.4815753698349,-4.865648555755615,-4.32273235321045,56.20587921142578,0.0,0.0,0.0,-15.188451068641166,2.4478056096022964
ladder|atr2|trail40|168h|300bps,2026-09-28,2354,-9.980521064546013,-11.565014839172363,-33.94700756072998,-28.799116134643555,-19.836805820465088,-11.565014839172363,-6.85674786567688,-4.513073635101318,46.00443649291992,109.64977165222166,0.012744265080713678,0.0,0.0,-11.420784377437805,1.4402633128917923
ladder|atr2|trail40|168h|300bps,2026-09-29,2015,-7.496789354958546,-11.727815628051758,-28.371799278259278,-24.487689971923828,-18.97428798675537,-11.727815628051758,-6.256395578384399,-4.535103034973145,65.6074234008789,79.34578140258789,0.0,0.0,0.0,-8.462102575431258,0.9653132204727122
ladder|atr2|trail40|168h|300bps,2026-09-30,1814,-1.5477060656563317,-11.864112854003906,-26.265112495422365,-22.020951652526854,-17.032697677612305,-11.864112854003906,-5.917667746543884,40.34851417541505,64.37303733825664,260.5463562011719,0.028114663726571114,0.0,0.0,-6.254221212984335,4.706515147328004
ladder|atr2|trail40|168h|300bps,2026-10-01,1778,-9.617990352841947,-11.543030738830566,-35.08036842346191,-29.226600456237794,-22.448925971984863,-11.543030738830566,-6.169829845428467,-4.327823829650879,49.7354459762573,105.99936691284181,0.010686164229471317,0.0005624296962879641,0.0,-11.833551023900508,2.2155606710585616
ladder|atr2|trail40|168h|300bps,2026-10-02,917,-13.931574968111294,-11.864461898803711,-40.91557693481445,-29.67006950378418,-20.109237670898438,-11.864461898803711,-7.072812080383301,-5.079923725128174,-4.080865955352784,61.53912246704103,0.0,0.0,0.0,-14.914253255892483,0.982678287781189
ladder|atr2|trail40|24h|100bps,2026-09-26,42,-2.6349990367889404,-2.6349990367889404,-2.6349990367889404,-2.6349990367889404,-2.6349990367889404,-2.6349990367889404,-2.6349990367889404,-2.6349990367889404,-2.6349990367889404,-2.6349990367889404,0.0,0.0,0.0,,
ladder|atr2|trail40|24h|100bps,2026-09-27,358,-10.083160949818915,-11.173972129821777,-29.154657745361327,-26.916761589050292,-17.355987548828125,-11.173972129821777,-4.151081442832947,-2.7304280519485467,11.658525657653803,58.20587921142578,0.0,0.0,0.0,-12.45156696697191,2.3684060171529957
ladder|atr2|trail40|24h|100bps,2026-09-28,2383,-7.561392469109637,-9.262654304504395,-31.47971305847168,-26.78960266113281,-17.688913345336914,-9.262654304504395,-4.240897178649902,-1.8871384143829117,45.70784797668468,111.62051986694334,0.013008812421317666,0.0,0.0,-8.979685993958304,1.418293524848667
ladder|atr2|trail40|24h|100bps,2026-09-29,2075,-4.159922872218023,-9.226076126098633,-26.195900535583498,-22.472686767578125,-16.638648986816406,-9.226076126098633,-3.084702968597412,19.329634094238287,63.50492591857906,81.84068801879879,0.0009638554216867469,0.0,0.0,-5.116106437147389,0.9561835649293657
ladder|atr2|trail40|24h|100bps,2026-09-30,1962,2.5575979104093856,-8.284995555877686,-23.02546501159668,-19.25464572906494,-14.686665534973145,-8.284995555877686,-2.807880699634552,39.362308502197266,74.14063491821267,262.5463562011719,0.03924566768603466,0.0,0.0,-1.7530965275721688,4.310694437981555
ladder|atr2|trail40|24h|100bps,2026-10-01,1863,-6.103546404808168,-8.749762535095215,-32.86659660339355,-26.672792053222654,-20.020044326782227,-8.749762535095215,-3.5340718030929565,-0.5162856698036213,49.43995056152317,103.772070617675,0.011808910359634998,0.0005367686527106817,0.0,-8.26520996769474,2.161663562886573
ladder|atr2|trail40|24h|100bps,2026-10-02,917,-11.931574981631213,-9.864461898803711,-38.91557693481445,-27.67006950378418,-18.109237670898438,-9.864461898803711,-5.072812080383301,-3.0799238681793213,-2.0808661937713633,63.53912246704103,0.0010905125408942203,0.0,0.0,-12.914253265355624,0.982678283724411
ladder|atr2|trail40|24h|200bps,2026-09-26,42,-3.6349990367889404,-3.6349990367889404,-3.6349990367889404,-3.6349990367889404,-3.6349990367889404,-3.6349990367889404,-3.6349990367889404,-3.6349990367889404,-3.6349990367889404,-3.6349990367889404,0.0,0.0,0.0,,
ladder|atr2|trail40|24h|200bps,2026-09-27,358,-11.08316094382515,-12.173972129821777,-30.154657745361327,-27.916761589050292,-18.355987548828125,-12.173972129821777,-5.151081442832947,-3.7304280519485467,10.658525657653803,57.20587921142578,0.0,0.0,0.0,-13.45156696077027,2.3684060169451193
ladder|atr2|trail40|24h|200bps,2026-09-28,2383,-8.561392469791226,-10.262654304504395,-32.47971305847168,-27.78960266113281,-18.688913345336914,-10.262654304504395,-5.240897178649902,-2.8871384143829117,44.70784797668468,110.62051986694334,0.01258917331095258,0.0,0.0,-9.979685994646827,1.418293524855601
ladder|atr2|trail40|24h|200bps,2026-09-29,2075,-5.159922863599137,-10.226076126098633,-27.195900535583498,-23.472686767578125,-17.638648986816406,-10.226076126098633,-4.084702968597412,18.329634094238287,62.50492591857906,80.84068801879879,0.0009638554216867469,0.0,0.0,-6.116106428440385,0.9561835648412478
ladder|atr2|trail40|24h|200bps,2026-09-30,1962,1.5575979096790307,-9.284995555877686,-24.02546501159668,-20.25464572906494,-15.686665534973145,-9.284995555877686,-3.807880699634552,38.362308502197266,73.14063491821267,261.5463562011719,0.03873598369011213,0.0,0.0,-2.753096528314633,4.310694437993664
ladder|atr2|trail40|24h|200bps,2026-10-01,1863,-7.103546399105254,-9.749762535095215,-33.86659660339355,-27.672792053222654,-21.020044326782227,-9.749762535095215,-4.534071683883667,-1.5162857055664083,48.43995056152317,102.772070617675,0.011272141706924315,0.0005367686527106817,0.0,-9.265209966070481,2.1616635669652267
ladder|atr2|trail40|24h|200bps,2026-10-02,917,-12.931574974091259,-10.864461898803711,-39.91557693481445,-28.67006950378418,-19.109237670898438,-10.864461898803711,-6.072812080383301,-4.079923725128174,-3.0808661937713633,62.53912246704103,0.0010905125408942203,0.0,0.0,-13.914253261938379,0.9826782878471203
ladder|atr2|trail40|24h|300bps,2026-09-26,42,-4.6349992752075195,-4.6349992752075195,-4.6349992752075195,-4.6349992752075195,-4.6349992752075195,-4.6349992752075195,-4.6349992752075195,-4.6349992752075195,-4.6349992752075195,-4.6349992752075195,0.0,0.0,0.0,,
ladder|atr2|trail40|24h|300bps,2026-09-27,358,-12.083160939829309,-13.173972129821777,-31.154657745361327,-28.916761589050292,-19.355987548828125,-13.173972129821777,-6.151081442832947,-4.7304278850555415,9.658525657653803,56.20587921142578,0.0,0.0,0.0,-14.451566956635844,2.368406016806535
ladder|atr2|trail40|24h|300bps,2026-09-28,2383,-9.561392476177996,-11.262654304504395,-33.47971305847168,-28.78960266113281,-19.688913345336914,-11.262654304504395,-6.240897178649902,-3.8871384143829117,43.70784797668468,109.62051986694334,0.01258917331095258,0.0,0.0,-10.97968600433274,1.4182935281547433
ladder|atr2|trail40|24h|300bps,2026-09-29,2075,-6.1599228551688165,-11.226076126098633,-28.195900535583498,-24.472686767578125,-18.638648986816406,-11.226076126098633,-5.084702968597412,17.329634094238287,61.50492591857906,79.84068801879879,0.0009638554216867469,0.0,0.0,-7.116106419923873,0.9561835647550563
ladder|atr2|trail40|24h|300bps,2026-09-30,1962,0.5575979126979969,-10.284995555877686,-25.02546501159668,-21.25464572906494,-16.686664581298828,-10.284995555877686,-4.807880640029907,37.362308502197266,72.14063491821267,260.5463562011719,0.0382262996941896,0.0,0.0,-3.7530965252456117,4.310694437943608
ladder|atr2|trail40|24h|300bps,2026-10-01,1863,-8.10354640710373,-10.749762535095215,-34.86659660339355,-28.672792053222654,-22.020044326782227,-10.749762535095215,-5.534071683883667,-2.5162856101989766,47.43995056152317,101.772070617675,0.010198604401502952,0.0005367686527106817,0.0,-10.265209974151372,2.1616635670476416
ladder|atr2|trail40|24h|300bps,2026-10-02,917,-13.931574968111294,-11.864461898803711,-40.91557693481445,-29.67006950378418,-20.109237670898438,-11.864461898803711,-7.072812080383301,-5.079923725128174,-4.080865955352784,61.53912246704103,0.0,0.0,0.0,-14.914253255892483,0.982678287781189
ladder|atr2|trail40|72h|100bps,2026-09-26,42,-2.6349990367889404,-2.6349990367889404,-2.6349990367889404,-2.6349990367889404,-2.6349990367889404,-2.6349990367889404,-2.6349990367889404,-2.6349990367889404,-2.6349990367889404,-2.6349990367889404,0.0,0.0,0.0,,
ladder|atr2|trail40|72h|100bps,2026-09-27,360,-10.18037673830986,-11.173972129821777,-29.48951768875122,-27.010866355895995,-17.37063694000244,-11.173972129821777,-4.145459890365601,-2.696318173408508,9.55422310829163,58.20587921142578,0.0,0.0,0.0,-12.538523495197296,2.358146756887436
ladder|atr2|trail40|72h|100bps,2026-09-28,2392,-7.586820991142936,-9.344385623931885,-31.862031364440917,-26.799116134643555,-17.70625400543213,-9.344385623931885,-4.596136927604675,-2.4093234300613404,48.00443649291992,112.63969062805195,0.014632107023411372,0.0,0.0,-9.00246405561228,1.4156430644693447
ladder|atr2|trail40|72h|100bps,2026-09-29,2015,-5.443737862482852,-9.727815628051758,-26.371799278259278,-22.487689971923828,-16.97428798675537,-9.727815628051758,-4.17701268196106,-2.4553086280822742,67.6074234008789,81.34578140258789,0.0,0.0,0.0,-6.408492366134104,0.9647545036512524
ladder|atr2|trail40|72h|100bps,2026-09-30,1814,0.45229392087183556,-9.864112854003906,-24.265112495422365,-20.020951652526854,-15.032696723937988,-9.864112854003906,-3.917667508125305,42.34851417541505,66.37303733825664,262.5463562011719,0.02866593164277839,0.0,0.0,-4.254221226698086,4.706515147569922
ladder|atr2|trail40|72h|100bps,2026-10-01,1778,-7.617990350160073,-9.543030738830566,-33.08036842346191,-27.226600456237794,-20.448925971984863,-9.543030738830566,-4.169829845428467,-2.327823758125305,51.7354459762573,107.99936691284181,0.012373453318335208,0.0005624296962879641,0.0,-9.833551016856324,2.215560666696251
ladder|atr2|trail40|72h|100bps,2026-10-02,917,-11.931574981631213,-9.864461898803711,-38.91557693481445,-27.67006950378418,-18.109237670898438,-9.864461898803711,-5.072812080383301,-3.0799238681793213,-2.0808661937713633,63.53912246704103,0.0010905125408942203,0.0,0.0,-12.914253265355624,0.982678283724411
ladder|atr2|trail40|72h|200bps,2026-09-26,42,-3.6349990367889404,-3.6349990367889404,-3.6349990367889404,-3.6349990367889404,-3.6349990367889404,-3.6349990367889404,-3.6349990367889404,-3.6349990367889404,-3.6349990367889404,-3.6349990367889404,0.0,0.0,0.0,,
ladder|atr2|trail40|72h|200bps,2026-09-27,360,-11.180376732349396,-12.173972129821777,-30.48951768875122,-28.010866355895995,-18.37063694000244,-12.173972129821777,-5.145459890365601,-3.696318173408508,8.55422310829163,57.20587921142578,0.0,0.0,0.0,-13.538523489031299,2.3581467566819025
ladder|atr2|trail40|72h|200bps,2026-09-28,2392,-8.586820991765894,-10.344385623931885,-32.86203136444092,-27.799116134643555,-18.70625400543213,-10.344385623931885,-5.596136927604675,-3.4093234300613404,47.00443649291992,111.63969062805195,0.014214046822742474,0.0,0.0,-10.002464056241553,1.4156430644756597
ladder|atr2|trail40|72h|200bps,2026-09-29,2015,-6.443737852521629,-10.727815628051758,-27.371799278259278,-23.487689971923828,-17.97428798675537,-10.727815628051758,-5.17701268196106,-3.4553086280822742,66.6074234008789,80.34578140258789,0.0,0.0,0.0,-7.408492356067973,0.9647545035463443
ladder|atr2|trail40|72h|200bps,2026-09-30,1814,-0.547706076959528,-10.864112854003906,-25.265112495422365,-21.020951652526854,-16.032697677612305,-10.864112854003906,-4.917667746543884,41.34851417541505,65.37303733825664,261.5463562011719,0.028114663726571114,0.0,0.0,-5.254221224490507,4.706515147530979
ladder|atr2|trail40|72h|200bps,2026-10-01,1778,-8.61799034345539,-10.543030738830566,-34.08036842346191,-28.226600456237794,-21.448925971984863,-10.543030738830566,-5.169829845428467,-3.327823758125305,50.7354459762573,106.99936691284181,0.011811023622047244,0.0005624296962879641,0.0,-10.833551014417951,2.215560670962562
ladder|atr2|trail40|72h|200bps,2026-10-02,917,-12.931574974091259,-10.864461898803711,-39.91557693481445,-28.67006950378418,-19.109237670898438,-10.864461898803711,-6.072812080383301,-4.079923725128174,-3.0808661937713633,62.53912246704103,0.0010905125408942203,0.0,0.0,-13.914253261938379,0.9826782878471203
ladder|atr2|trail40|72h|300bps,2026-09-26,42,-4.6349992752075195,-4.6349992752075195,-4.6349992752075195,-4.6349992752075195,-4.6349992752075195,-4.6349992752075195,-4.6349992752075195,-4.6349992752075195,-4.6349992752075195,-4.6349992752075195,0.0,0.0,0.0,,
ladder|atr2|trail40|72h|300bps,2026-09-27,360,-12.180376724070973,-13.173972129821777,-31.48951768875122,-29.010866355895995,-19.37063694000244,-13.173972129821777,-6.145459890365601,-4.696318197250366,7.55422356128693,56.20587921142578,0.0,0.0,0.0,-14.538523480467413,2.3581467563964402
ladder|atr2|trail40|72h|300bps,2026-09-28,2392,-9.586820995304297,-11.344385623931885,-33.86203136444092,-28.799116134643555,-19.70625400543213,-11.344385623931885,-6.596136927604675,-4.409323406219483,46.00443649291992,110.63969062805195,0.014214046822742474,0.0,0.0,-11.00246406303769,1.4156430677333933
ladder|atr2|trail40|72h|300bps,2026-09-29,2015,-7.443737839005204,-11.727815628051758,-28.371799278259278,-24.487689971923828,-18.97428798675537,-11.727815628051758,-6.17701268196106,-4.4553085327148425,65.6074234008789,79.34578140258789,0.0,0.0,0.0,-8.408492342409199,0.964754503403995
ladder|atr2|trail40|72h|300bps,2026-09-30,1814,-1.5477060656563317,-11.864112854003906,-26.265112495422365,-22.020951652526854,-17.032697677612305,-11.864112854003906,-5.917667746543884,40.34851417541505,64.37303733825664,260.5463562011719,0.028114663726571114,0.0,0.0,-6.254221212984335,4.706515147328004
ladder|atr2|trail40|72h|300bps,2026-10-01,1778,-9.617990352841947,-11.543030738830566,-35.08036842346191,-29.226600456237794,-22.448925971984863,-11.543030738830566,-6.169829845428467,-4.327823829650879,49.7354459762573,105.99936691284181,0.010686164229471317,0.0005624296962879641,0.0,-11.833551023900508,2.2155606710585616
ladder|atr2|trail40|72h|300bps,2026-10-02,917,-13.931574968111294,-11.864461898803711,-40.91557693481445,-29.67006950378418,-20.109237670898438,-11.864461898803711,-7.072812080383301,-5.079923725128174,-4.080865955352784,61.53912246704103,0.0,0.0,0.0,-14.914253255892483,0.982678287781189
ladder|fixed10|trail40|168h|100bps,2026-09-26,0,,,,,,,,,,,,,,,
ladder|fixed10|trail40|168h|100bps,2026-09-27,359,-9.424497367943895,-11.0,-17.80088405609131,-12.10607738494873,-11.0,-11.0,-11.0,-11.0,-11.0,58.20587921142578,0.0,0.0,0.0,-11.763300016221807,2.3388026482779125
ladder|fixed10|trail40|168h|100bps,2026-09-28,2142,-9.865363565368368,-11.0,-12.632904481887817,-11.0,-11.0,-11.0,-11.0,-11.0,-11.0,75.51210823059097,0.007469654528478058,0.0,0.0,-11.152382710294903,1.2870191449265356
ladder|fixed10|trail40|168h|100bps,2026-09-29,1807,-8.409749853327318,-11.0,-11.0,-11.0,-11.0,-11.0,-11.0,-11.0,-11.0,81.2112994384766,0.0,0.0,0.0,-9.383136105484077,0.9733862521567591
ladder|fixed10|trail40|168h|100bps,2026-09-30,1654,-4.564253951214533,-11.0,-11.0,-11.0,-11.0,-11.0,-11.0,-11.0,52.712039947509766,100.70926887512206,0.010882708585247884,0.0,0.0,-6.308774569446748,1.7445206182322153
ladder|fixed10|trail40|168h|100bps,2026-10-01,1535,-8.428103048094709,-11.0,-15.24917573928833,-11.0,-11.0,-11.0,-11.0,-11.0,-11.0,70.32958312988283,0.005211726384364821,0.0,0.0,-10.047751352612796,1.619648304518087
ladder|fixed10|trail40|168h|100bps,2026-10-02,812,-10.160167852646024,-11.0,-11.0,-11.0,-11.0,-11.0,-11.0,-11.0,-11.0,42.103492736816406,0.0012315270935960591,0.0,0.0,-11.034936023769236,0.8747681711232111
ladder|fixed10|trail40|168h|200bps,2026-09-26,0,,,,,,,,,,,,,,,
ladder|fixed10|trail40|168h|200bps,2026-09-27,359,-10.424497365287419,-12.0,-18.80088405609131,-13.10607738494873,-12.0,-12.0,-12.0,-12.0,-12.0,57.20587921142578,0.0,0.0,0.0,-12.763300013473467,2.338802648186048
ladder|fixed10|trail40|168h|200bps,2026-09-28,2142,-10.865363565368368,-12.0,-13.632904481887817,-12.0,-12.0,-12.0,-12.0,-12.0,-12.0,74.51210823059097,0.007469654528478058,0.0,0.0,-12.152382710294903,1.2870191449265356
ladder|fixed10|trail40|168h|200bps,2026-09-29,1807,-9.409749852799552,-12.0,-12.0,-12.0,-12.0,-12.0,-12.0,-12.0,-12.0,80.2112994384766,0.0,0.0,0.0,-10.383136104950703,0.9733862521511512
ladder|fixed10|trail40|168h|200bps,2026-09-30,1654,-5.564253950637947,-12.0,-12.0,-12.0,-12.0,-12.0,-12.0,-12.0,51.712039947509766,99.70926887512206,0.009673518742442563,0.0,0.0,-7.308774568864173,1.7445206182262263
ladder|fixed10|trail40|168h|200bps,2026-10-01,1535,-9.428103041260561,-12.0,-16.24917507171631,-12.0,-12.0,-12.0,-12.0,-12.0,-12.0,69.32958312988283,0.004560260586319218,0.0,0.0,-11.047751350729303,1.619648309468742
ladder|fixed10|trail40|168h|200bps,2026-10-02,812,-11.160167852646024,-12.0,-12.0,-12.0,-12.0,-12.0,-12.0,-12.0,-12.0,41.103492736816406,0.0012315270935960591,0.0,0.0,-12.034936023769236,0.8747681711232111
ladder|fixed10|trail40|168h|300bps,2026-09-26,0,,,,,,,,,,,,,,,
ladder|fixed10|trail40|168h|300bps,2026-09-27,359,-11.424497362630945,-13.0,-19.80088405609131,-14.10607738494873,-13.0,-13.0,-13.0,-13.0,-13.0,56.20587921142578,0.0,0.0,0.0,-13.763300010725127,2.338802648094182
ladder|fixed10|trail40|168h|300bps,2026-09-28,2142,-11.865363564923141,-13.0,-14.632904481887817,-13.0,-13.0,-13.0,-13.0,-13.0,-13.0,73.51210823059097,0.007469654528478058,0.0,0.0,-13.152382713443828,1.2870191485206863
ladder|fixed10|trail40|168h|300bps,2026-09-29,1807,-10.409749852271785,-13.0,-13.0,-13.0,-13.0,-13.0,-13.0,-13.0,-13.0,79.2112994384766,0.0,0.0,0.0,-11.383136104417327,0.9733862521455414
ladder|fixed10|trail40|168h|300bps,2026-09-30,1654,-6.564253949484773,-13.0,-13.0,-13.0,-13.0,-13.0,-13.0,-13.0,50.712039947509766,98.70926887512206,0.009673518742442563,0.0,0.0,-8.308774567699025,1.7445206182142519
ladder|fixed10|trail40|168h|300bps,2026-10-01,1535,-10.428103044988278,-13.0,-17.24917507171631,-13.0,-13.0,-13.0,-13.0,-13.0,-13.0,68.32958312988283,0.003908794788273616,0.0,0.0,-12.047751354496286,1.6196483095080083
ladder|fixed10|trail40|168h|300bps,2026-10-02,812,-12.160167851471549,-13.0,-13.0,-13.0,-13.0,-13.0,-13.0,-13.0,-13.0,40.103492736816406,0.0,0.0,0.0,-13.034936022580116,0.8747681711085669
ladder|fixed10|trail40|24h|100bps,2026-09-26,42,-0.47712332010269165,-0.47712332010269165,-0.47712332010269165,-0.47712332010269165,-0.47712332010269165,-0.47712332010269165,-0.47712332010269165,-0.47712332010269165,-0.47712332010269165,-0.47712332010269165,0.0,0.0,0.0,,
ladder|fixed10|trail40|24h|100bps,2026-09-27,367,-8.811826323943176,-11.0,-17.732401657104493,-11.264251708984373,-11.0,-11.0,-11.0,-11.0,11.369030475616446,58.20587921142578,0.0,0.0,0.0,-11.077213553307761,2.2653872293645847
ladder|fixed10|trail40|24h|100bps,2026-09-28,2283,-8.697664427480028,-11.0,-11.0,-11.0,-11.0,-11.0,-11.0,-2.898674154281609,4.053961062431373,74.53414840698235,0.00700832238282961,0.0,0.0,-9.930579236486878,1.23291480900685
ladder|fixed10|trail40|24h|100bps,2026-09-29,2037,-5.564903482037633,-11.0,-11.0,-11.0,-11.0,-11.0,-11.0,5.73546199798584,20.89452667236328,80.14794677734373,0.0,0.0,0.0,-6.486674359774158,0.9217708777365248
ladder|fixed10|trail40|24h|100bps,2026-09-30,1883,-1.1959149184743976,-11.0,-11.0,-11.0,-11.0,-11.0,-11.0,20.186158752441397,50.353234100341744,124.67922958374025,0.02496016994158258,0.0,0.0,-2.9370993873932725,1.741184468918875
ladder|fixed10|trail40|24h|100bps,2026-10-01,1684,-6.110963216064732,-11.0,-14.237547063827515,-11.0,-11.0,-11.0,-11.0,-0.9215714633464768,27.356090354919417,69.5174586486817,0.004750593824228029,0.0,0.0,-7.610293641275249,1.499330425210517
ladder|fixed10|trail40|24h|100bps,2026-10-02,812,-10.160167852646024,-11.0,-11.0,-11.0,-11.0,-11.0,-11.0,-11.0,-11.0,42.103492736816406,0.0012315270935960591,0.0,0.0,-11.034936023769236,0.8747681711232111
ladder|fixed10|trail40|24h|200bps,2026-09-26,42,-1.4771233797073364,-1.4771233797073364,-1.4771233797073364,-1.4771233797073364,-1.4771233797073364,-1.4771233797073364,-1.4771233797073364,-1.4771233797073364,-1.4771233797073364,-1.4771233797073364,0.0,0.0,0.0,,
ladder|fixed10|trail40|24h|200bps,2026-09-27,367,-9.81182632134461,-12.0,-18.732401657104493,-12.264251708984373,-12.0,-12.0,-12.0,-12.0,10.369030475616446,57.20587921142578,0.0,0.0,0.0,-12.077213550621355,2.2653872292767456
ladder|fixed10|trail40|24h|200bps,2026-09-28,2283,-9.697664426863533,-12.0,-12.0,-12.0,-12.0,-12.0,-12.0,-3.898674154281609,3.0539610624313727,73.53414840698235,0.00700832238282961,0.0,0.0,-10.930579235864107,1.2329148090005742
ladder|fixed10|trail40|24h|200bps,2026-09-29,2037,-6.564903479841687,-12.0,-12.0,-12.0,-12.0,-12.0,-12.0,4.73546199798584,19.89452667236328,79.14794677734373,0.0,0.0,0.0,-7.486674357555337,0.9217708777136497
ladder|fixed10|trail40|24h|200bps,2026-09-30,1883,-2.1959149209100928,-12.0,-12.0,-12.0,-12.0,-12.0,-12.0,19.186158752441397,49.353234100341744,123.67922958374025,0.024429102496016993,0.0,0.0,-3.9370993857607726,1.7411844648506798
ladder|fixed10|trail40|24h|200bps,2026-10-01,1684,-7.110963210215761,-12.0,-15.237547063827515,-12.0,-12.0,-12.0,-12.0,-1.9215715050697282,26.356090354919417,68.5174586486817,0.004156769596199525,0.0,0.0,-8.610293639943352,1.499330429727591
ladder|fixed10|trail40|24h|200bps,2026-10-02,812,-11.160167852646024,-12.0,-12.0,-12.0,-12.0,-12.0,-12.0,-12.0,-12.0,41.103492736816406,0.0012315270935960591,0.0,0.0,-12.034936023769236,0.8747681711232111
ladder|fixed10|trail40|24h|300bps,2026-09-26,42,-2.477123260498047,-2.477123260498047,-2.477123260498047,-2.477123260498047,-2.477123260498047,-2.477123260498047,-2.477123260498047,-2.477123260498047,-2.477123260498047,-2.477123260498047,0.0,0.0,0.0,,
ladder|fixed10|trail40|24h|300bps,2026-09-27,367,-10.811826318746041,-13.0,-19.732401657104493,-13.264251708984373,-13.0,-13.0,-13.0,-13.0,9.369030475616446,56.20587921142578,0.0,0.0,0.0,-13.07721354793495,2.2653872291889083
ladder|fixed10|trail40|24h|300bps,2026-09-28,2283,-10.697664426347593,-13.0,-13.0,-13.0,-13.0,-13.0,-13.0,-4.898674392700188,2.053961074352302,72.53414840698235,0.00700832238282961,0.0,0.0,-11.930579238718755,1.2329148123711615
ladder|fixed10|trail40|24h|300bps,2026-09-29,2037,-7.564903479161884,-13.0,-13.0,-13.0,-13.0,-13.0,-13.0,3.7354618549346927,18.89452667236328,78.14794677734373,0.0,0.0,0.0,-8.486674356868452,0.9217708777065683
ladder|fixed10|trail40|24h|300bps,2026-09-30,1883,-3.1959149251428376,-13.0,-13.0,-13.0,-13.0,-13.0,-13.0,18.186158752441397,48.353234100341744,122.67922958374025,0.02389803505045141,0.0,0.0,-4.93709938594364,1.741184460800802
ladder|fixed10|trail40|24h|300bps,2026-10-01,1684,-8.110963212056285,-13.0,-16.237546920776367,-13.0,-13.0,-13.0,-13.0,-2.921571540832515,25.356090354919417,67.5174586486817,0.0035629453681710215,0.0,0.0,-9.610293641802645,1.4993304297463599
ladder|fixed10|trail40|24h|300bps,2026-10-02,812,-12.160167851471549,-13.0,-13.0,-13.0,-13.0,-13.0,-13.0,-13.0,-13.0,40.103492736816406,0.0,0.0,0.0,-13.034936022580116,0.8747681711085669
ladder|fixed10|trail40|72h|100bps,2026-09-26,42,-0.19321346282958984,-0.19321346282958984,-0.19321346282958984,-0.19321346282958984,-0.19321346282958984,-0.19321346282958984,-0.19321346282958984,-0.19321346282958984,-0.19321346282958984,-0.19321346282958984,0.0,0.0,0.0,,
ladder|fixed10|trail40|72h|100bps,2026-09-27,368,-8.948560074619625,-11.0,-17.791056442260743,-11.78737688064575,-11.0,-11.0,-11.0,-11.0,9.499045276641843,58.20587921142578,0.0,0.0,0.0,-11.212192859542505,2.26363278492288
ladder|fixed10|trail40|72h|100bps,2026-09-28,2354,-8.807213702912069,-11.0,-11.72142219543457,-11.0,-11.0,-11.0,-11.0,-4.146870660781835,3.9004174709320023,72.60243072509695,0.006796941376380629,0.0,0.0,-10.039904030264942,1.2326903273528735
ladder|fixed10|trail40|72h|100bps,2026-09-29,1860,-8.163115445925023,-11.0,-11.0,-11.0,-11.0,-11.0,-11.0,-11.0,-1.4343615293502878,80.8634465026856,0.0,0.0,0.0,-9.105933786563611,0.9428183406385884
ladder|fixed10|trail40|72h|100bps,2026-09-30,1654,-4.564253951214533,-11.0,-11.0,-11.0,-11.0,-11.0,-11.0,-11.0,52.712039947509766,100.70926887512206,0.010882708585247884,0.0,0.0,-6.308774569446748,1.7445206182322153
ladder|fixed10|trail40|72h|100bps,2026-10-01,1535,-8.428103048094709,-11.0,-15.24917573928833,-11.0,-11.0,-11.0,-11.0,-11.0,-11.0,70.32958312988283,0.005211726384364821,0.0,0.0,-10.047751352612796,1.619648304518087
ladder|fixed10|trail40|72h|100bps,2026-10-02,812,-10.160167852646024,-11.0,-11.0,-11.0,-11.0,-11.0,-11.0,-11.0,-11.0,42.103492736816406,0.0012315270935960591,0.0,0.0,-11.034936023769236,0.8747681711232111
ladder|fixed10|trail40|72h|200bps,2026-09-26,42,-1.1932134628295898,-1.1932134628295898,-1.1932134628295898,-1.1932134628295898,-1.1932134628295898,-1.1932134628295898,-1.1932134628295898,-1.1932134628295898,-1.1932134628295898,-1.1932134628295898,0.0,0.0,0.0,,
ladder|fixed10|trail40|72h|200bps,2026-09-27,368,-9.948560072028119,-12.0,-18.791056442260743,-12.78737688064575,-12.0,-12.0,-12.0,-12.0,8.499045276641843,57.20587921142578,0.0,0.0,0.0,-12.212192856863643,2.263632784835524
ladder|fixed10|trail40|72h|200bps,2026-09-28,2354,-9.807213702849955,-12.0,-12.72142219543457,-12.0,-12.0,-12.0,-12.0,-5.146870660781835,2.9004174709320023,71.60243072509695,0.006796941376380629,0.0,0.0,-11.03990403020219,1.232690327352234
ladder|fixed10|trail40|72h|200bps,2026-09-29,1860,-9.163115445812863,-12.0,-12.0,-12.0,-12.0,-12.0,-12.0,-12.0,-2.4343616485595776,79.8634465026856,0.0,0.0,0.0,-10.105933786450295,0.942818340637432
ladder|fixed10|trail40|72h|200bps,2026-09-30,1654,-5.564253950637947,-12.0,-12.0,-12.0,-12.0,-12.0,-12.0,-12.0,51.712039947509766,99.70926887512206,0.009673518742442563,0.0,0.0,-7.308774568864173,1.7445206182262263
ladder|fixed10|trail40|72h|200bps,2026-10-01,1535,-9.428103041260561,-12.0,-16.24917507171631,-12.0,-12.0,-12.0,-12.0,-12.0,-12.0,69.32958312988283,0.004560260586319218,0.0,0.0,-11.047751350729303,1.619648309468742
ladder|fixed10|trail40|72h|200bps,2026-10-02,812,-11.160167852646024,-12.0,-12.0,-12.0,-12.0,-12.0,-12.0,-12.0,-12.0,41.103492736816406,0.0012315270935960591,0.0,0.0,-12.034936023769236,0.8747681711232111
ladder|fixed10|trail40|72h|300bps,2026-09-26,42,-2.19321346282959,-2.19321346282959,-2.19321346282959,-2.19321346282959,-2.19321346282959,-2.19321346282959,-2.19321346282959,-2.19321346282959,-2.19321346282959,-2.19321346282959,0.0,0.0,0.0,,
ladder|fixed10|trail40|72h|300bps,2026-09-27,368,-10.948560065549353,-13.0,-19.791056442260743,-13.78737688064575,-13.0,-13.0,-13.0,-13.0,7.499045753479002,56.20587921142578,0.0,0.0,0.0,-13.212192850166492,2.2636327846171387
ladder|fixed10|trail40|72h|300bps,2026-09-28,2354,-10.807213702058094,-13.0,-13.72142219543457,-13.0,-13.0,-13.0,-13.0,-6.146870660781835,1.900417393445964,70.60243072509695,0.006796941376380629,0.0,0.0,-12.039904032676588,1.2326903306184942
ladder|fixed10|trail40|72h|300bps,2026-09-29,1860,-10.163115445462365,-13.0,-13.0,-13.0,-13.0,-13.0,-13.0,-13.0,-3.4343616485595776,78.8634465026856,0.0,0.0,0.0,-11.10593378609618,0.9428183406338153
ladder|fixed10|trail40|72h|300bps,2026-09-30,1654,-6.564253949484773,-13.0,-13.0,-13.0,-13.0,-13.0,-13.0,-13.0,50.712039947509766,98.70926887512206,0.009673518742442563,0.0,0.0,-8.308774567699025,1.7445206182142519
ladder|fixed10|trail40|72h|300bps,2026-10-01,1535,-10.428103044988278,-13.0,-17.24917507171631,-13.0,-13.0,-13.0,-13.0,-13.0,-13.0,68.32958312988283,0.003908794788273616,0.0,0.0,-12.047751354496286,1.6196483095080083
ladder|fixed10|trail40|72h|300bps,2026-10-02,812,-12.160167851471549,-13.0,-13.0,-13.0,-13.0,-13.0,-13.0,-13.0,-13.0,40.103492736816406,0.0,0.0,0.0,-13.034936022580116,0.8747681711085669
ladder|fixed20|trail40|168h|100bps,2026-09-26,0,,,,,,,,,,,,,,,
ladder|fixed20|trail40|168h|100bps,2026-09-27,255,-8.966379741593903,-21.0,-21.25114574432373,-21.0,-21.0,-21.0,-21.0,26.52352752685502,128.32501068115235,136.33798217773438,0.054901960784313725,0.0,0.0,-14.897170024015466,5.9307902824215635
ladder|fixed20|trail40|168h|100bps,2026-09-28,1751,-16.19731416707717,-21.0,-21.0,-21.0,-21.0,-21.0,-21.0,-21.0,50.735225677490234,117.0564079284668,0.01656196459166191,0.0,0.0,-17.696061495887154,1.4987473288099835
ladder|fixed20|trail40|168h|100bps,2026-09-29,1392,-9.96697550121395,-21.0,-21.0,-21.0,-21.0,-21.0,-21.0,55.64273910522466,74.54010810852051,82.89678016662592,0.0,0.0,0.0,-10.97028345155093,1.0033079503369802
ladder|fixed20|trail40|168h|100bps,2026-09-30,1404,0.5962080806069224,-21.0,-21.0,-21.0,-21.0,-21.0,-21.0,61.957350540161144,90.86112098693845,159.4957099914551,0.0349002849002849,0.0,0.0,-1.4524894890122657,2.048697569619188
ladder|fixed20|trail40|168h|100bps,2026-10-01,1305,-14.478387449710306,-21.0,-21.0,-21.0,-21.0,-21.0,-21.0,-21.0,49.02212753295897,89.78739532470703,0.009195402298850575,0.0007662835249042146,0.0,-16.865583487761103,2.3871960380507975
ladder|fixed20|trail40|168h|100bps,2026-10-02,633,-19.933035406079526,-21.0,-29.640451049804685,-21.0,-21.0,-21.0,-21.0,-21.0,-21.0,53.20782211303689,0.001579778830963665,0.0,0.0,-21.041217895361562,1.1081824892820364
ladder|fixed20|trail40|168h|200bps,2026-09-26,0,,,,,,,,,,,,,,,
ladder|fixed20|trail40|168h|200bps,2026-09-27,255,-9.966379741593903,-22.0,-22.25114574432373,-22.0,-22.0,-22.0,-22.0,25.52352752685502,127.32501373291015,135.33798217773438,0.054901960784313725,0.0,0.0,-15.897170024015466,5.9307902824215635
ladder|fixed20|trail40|168h|200bps,2026-09-28,1751,-17.19731416707717,-22.0,-22.0,-22.0,-22.0,-22.0,-22.0,-22.0,49.735225677490234,116.0564079284668,0.01656196459166191,0.0,0.0,-18.696061495887154,1.4987473288099835
ladder|fixed20|trail40|168h|200bps,2026-09-29,1392,-10.966975497103286,-22.0,-22.0,-22.0,-22.0,-22.0,-22.0,54.64273910522466,73.54010810852051,81.89678016662592,0.0,0.0,0.0,-11.970283447398502,1.0033079502952162
ladder|fixed20|trail40|168h|200bps,2026-09-30,1404,-0.4037919166760567,-22.0,-22.0,-22.0,-22.0,-22.0,-22.0,60.957350540161144,89.86112098693845,158.4957099914551,0.03347578347578348,0.0,0.0,-2.4524894862659035,2.0486975695898466
ladder|fixed20|trail40|168h|200bps,2026-10-01,1305,-15.478387442402456,-22.0,-22.0,-22.0,-22.0,-22.0,-22.0,-22.0,48.02212753295897,88.78739532470703,0.00842911877394636,0.0007662835249042146,0.0,-17.865583486283683,2.387196043881227
ladder|fixed20|trail40|168h|200bps,2026-10-02,633,-20.933035406079526,-22.0,-30.640451049804685,-22.0,-22.0,-22.0,-22.0,-22.0,-22.0,52.20782211303689,0.001579778830963665,0.0,0.0,-22.041217895361562,1.1081824892820364
ladder|fixed20|trail40|168h|300bps,2026-09-26,0,,,,,,,,,,,,,,,
ladder|fixed20|trail40|168h|300bps,2026-09-27,255,-10.966379741593903,-23.0,-23.25114574432373,-23.0,-23.0,-23.0,-23.0,24.52352752685502,126.32501373291015,134.33798217773438,0.054901960784313725,0.0,0.0,-16.897170024015466,5.9307902824215635
ladder|fixed20|trail40|168h|300bps,2026-09-28,1751,-18.197314164898586,-23.0,-23.0,-23.0,-23.0,-23.0,-23.0,-23.0,48.735225677490234,115.0564079284668,0.01656196459166191,0.0,0.0,-19.696061498088362,1.498747333189776
ladder|fixed20|trail40|168h|300bps,2026-09-29,1392,-11.966975497103286,-23.0,-23.0,-23.0,-23.0,-23.0,-23.0,53.64273910522466,72.54010810852051,80.89678016662592,0.0,0.0,0.0,-12.970283447398502,1.0033079502952162
ladder|fixed20|trail40|168h|300bps,2026-09-30,1404,-1.4037919153175462,-23.0,-23.0,-23.0,-23.0,-23.0,-23.0,59.957350540161144,88.86112098693845,157.4957099914551,0.03347578347578348,0.0,0.0,-3.4524894848927223,2.048697569575176
ladder|fixed20|trail40|168h|300bps,2026-10-01,1305,-16.478387445325595,-23.0,-23.0,-23.0,-23.0,-23.0,-23.0,-23.0,47.02212753295897,87.78739532470703,0.006896551724137931,0.0007662835249042146,0.0,-18.865583489238524,2.3871960439129296
ladder|fixed20|trail40|168h|300bps,2026-10-02,633,-21.933035406079526,-23.0,-31.640451049804685,-23.0,-23.0,-23.0,-23.0,-23.0,-23.0,51.20782211303689,0.0,0.0,0.0,-23.041217895361562,1.1081824892820364
ladder|fixed20|trail40|24h|100bps,2026-09-26,42,-0.47712332010269165,-0.47712332010269165,-0.47712332010269165,-0.47712332010269165,-0.47712332010269165,-0.47712332010269165,-0.47712332010269165,-0.47712332010269165,-0.47712332010269165,-0.47712332010269165,0.0,0.0,0.0,,
ladder|fixed20|trail40|24h|100bps,2026-09-27,284,-8.48000111546315,-21.0,-21.0,-21.0,-21.0,-21.0,-21.0,12.170608139038091,58.20587921142578,136.33798217773438,0.04929577464788732,0.0,0.0,-13.765328972879118,5.285327857415968
ladder|fixed20|trail40|24h|100bps,2026-09-28,1939,-13.768687596156532,-21.0,-21.0,-21.0,-21.0,-21.0,-21.0,3.680112981796265,41.80784683227538,115.07919113159163,0.014956162970603403,0.0,0.0,-15.234715720848289,1.466028124691757
ladder|fixed20|trail40|24h|100bps,2026-09-29,1779,-5.171512081854762,-21.0,-21.0,-21.0,-21.0,-21.0,1.8500650525093079,24.127140045166026,70.77020950317382,82.1892127990723,0.0011242270938729624,0.0,0.0,-6.149812172207725,0.9783000903529633
ladder|fixed20|trail40|24h|100bps,2026-09-30,1774,5.488736923246761,-21.0,-21.0,-21.0,-21.0,-21.0,16.189940452575684,56.49368400573731,106.47696037292478,155.77255508422843,0.0580608793686584,0.0,0.0,3.566198379111411,1.92253854413535
ladder|fixed20|trail40|24h|100bps,2026-10-01,1578,-9.311037718295976,-21.0,-21.0,-21.0,-21.0,-21.0,-21.0,25.997573661804193,54.624155235290516,82.81980468750012,0.0076045627376425855,0.0006337135614702154,0.0,-11.363401454051768,2.052363735755792
ladder|fixed20|trail40|24h|100bps,2026-10-02,633,-19.933035406079526,-21.0,-29.640451049804685,-21.0,-21.0,-21.0,-21.0,-21.0,-21.0,53.20782211303689,0.001579778830963665,0.0,0.0,-21.041217895361562,1.1081824892820364
ladder|fixed20|trail40|24h|200bps,2026-09-26,42,-1.4771233797073364,-1.4771233797073364,-1.4771233797073364,-1.4771233797073364,-1.4771233797073364,-1.4771233797073364,-1.4771233797073364,-1.4771233797073364,-1.4771233797073364,-1.4771233797073364,0.0,0.0,0.0,,
ladder|fixed20|trail40|24h|200bps,2026-09-27,284,-9.48000111546315,-22.0,-22.0,-22.0,-22.0,-22.0,-22.0,11.170608139038091,57.20587921142578,135.33798217773438,0.04929577464788732,0.0,0.0,-14.765328972879118,5.285327857415968
ladder|fixed20|trail40|24h|200bps,2026-09-28,1939,-14.768687596764005,-22.0,-22.0,-22.0,-22.0,-22.0,-22.0,2.680112981796265,40.80784683227538,114.07919113159163,0.014956162970603403,0.0,0.0,-16.234715721462095,1.4660281246980897
ladder|fixed20|trail40|24h|200bps,2026-09-29,1779,-6.171512078603247,-22.0,-22.0,-22.0,-22.0,-22.0,0.8500650823116302,23.127140045166026,69.77020950317382,81.1892127990723,0.0011242270938729624,0.0,0.0,-7.149812168922976,0.9783000903197285
ladder|fixed20|trail40|24h|200bps,2026-09-30,1774,4.488736917721496,-22.0,-22.0,-22.0,-22.0,-22.0,15.189940452575684,55.49368400573731,105.47696037292478,154.77255508422843,0.05693348365276212,0.0,0.0,2.5661983735295086,1.9225385441919878
ladder|fixed20|trail40|24h|200bps,2026-10-01,1578,-10.311037710222152,-22.0,-22.0,-22.0,-22.0,-22.0,-22.0,24.997573661804193,53.624155235290516,81.81980468750012,0.00697084917617237,0.0006337135614702154,0.0,-12.363401450779618,2.0523637405574657
ladder|fixed20|trail40|24h|200bps,2026-10-02,633,-20.933035406079526,-22.0,-30.640451049804685,-22.0,-22.0,-22.0,-22.0,-22.0,-22.0,52.20782211303689,0.001579778830963665,0.0,0.0,-22.041217895361562,1.1081824892820364
ladder|fixed20|trail40|24h|300bps,2026-09-26,42,-2.477123260498047,-2.477123260498047,-2.477123260498047,-2.477123260498047,-2.477123260498047,-2.477123260498047,-2.477123260498047,-2.477123260498047,-2.477123260498047,-2.477123260498047,0.0,0.0,0.0,,
ladder|fixed20|trail40|24h|300bps,2026-09-27,284,-10.480001127216179,-23.0,-23.0,-23.0,-23.0,-23.0,-23.0,10.170608139038091,56.20587921142578,134.33798217773438,0.04929577464788732,0.0,0.0,-15.765328985061089,5.28532785784491
ladder|fixed20|trail40|24h|300bps,2026-09-28,1939,-15.768687593082543,-23.0,-23.0,-23.0,-23.0,-23.0,-23.0,1.6801129102706913,39.80784683227538,113.07919113159163,0.014956162970603403,0.0,0.0,-17.234715721717976,1.4660281286354326
ladder|fixed20|trail40|24h|300bps,2026-09-29,1779,-7.171512079031019,-23.0,-23.0,-23.0,-23.0,-23.0,-0.14993492141366005,22.127140045166026,68.77020950317382,80.1892127990723,0.0011242270938729624,0.0,0.0,-8.14981216935512,0.9783000903241019
ladder|fixed20|trail40|24h|300bps,2026-09-30,1774,3.488736914320646,-23.0,-23.0,-23.0,-23.0,-23.0,14.189940452575684,54.49368400573731,104.47696037292478,153.77255508422843,0.0552423900789177,0.0,0.0,1.566198370093798,1.9225385442268481
ladder|fixed20|trail40|24h|300bps,2026-10-01,1578,-11.311037710373242,-23.0,-23.0,-23.0,-23.0,-23.0,-23.0,23.997573661804193,52.624155235290516,80.81980468750012,0.005703422053231939,0.0006337135614702154,0.0,-13.363401450932255,2.052363740559013
ladder|fixed20|trail40|24h|300bps,2026-10-02,633,-21.933035406079526,-23.0,-31.640451049804685,-23.0,-23.0,-23.0,-23.0,-23.0,-23.0,51.20782211303689,0.0,0.0,0.0,-23.041217895361562,1.1081824892820364
ladder|fixed20|trail40|72h|100bps,2026-09-26,42,-0.19321346282958984,-0.19321346282958984,-0.19321346282958984,-0.19321346282958984,-0.19321346282958984,-0.19321346282958984,-0.19321346282958984,-0.19321346282958984,-0.19321346282958984,-0.19321346282958984,0.0,0.0,0.0,,
ladder|fixed20|trail40|72h|100bps,2026-09-27,313,-6.479097037269665,-21.0,-21.0,-21.0,-21.0,-21.0,-6.127212047576904,23.10822868347168,58.20587921142578,136.33798217773438,0.04472843450479233,0.0,0.0,-11.192531994860557,4.713434957590892
ladder|fixed20|trail40|72h|100bps,2026-09-28,2049,-13.41349126358156,-21.0,-21.0,-21.0,-21.0,-21.0,-21.0,2.323452377319342,43.348811340332006,113.32454498291013,0.014153245485602733,0.0,0.0,-14.860096797974839,1.446605534393278
ladder|fixed20|trail40|72h|100bps,2026-09-29,1454,-9.493824714018439,-21.0,-21.0,-21.0,-21.0,-21.0,-21.0,52.980937194824236,74.23157806396482,82.39668464660647,0.0,0.0,0.0,-10.514161471642497,1.020336757624058
ladder|fixed20|trail40|72h|100bps,2026-09-30,1404,0.5962080806069224,-21.0,-21.0,-21.0,-21.0,-21.0,-21.0,61.957350540161144,90.86112098693845,159.4957099914551,0.0349002849002849,0.0,0.0,-1.4524894890122657,2.048697569619188
ladder|fixed20|trail40|72h|100bps,2026-10-01,1305,-14.478387449710306,-21.0,-21.0,-21.0,-21.0,-21.0,-21.0,-21.0,49.02212753295897,89.78739532470703,0.009195402298850575,0.0007662835249042146,0.0,-16.865583487761103,2.3871960380507975
ladder|fixed20|trail40|72h|100bps,2026-10-02,633,-19.933035406079526,-21.0,-29.640451049804685,-21.0,-21.0,-21.0,-21.0,-21.0,-21.0,53.20782211303689,0.001579778830963665,0.0,0.0,-21.041217895361562,1.1081824892820364
ladder|fixed20|trail40|72h|200bps,2026-09-26,42,-1.1932134628295898,-1.1932134628295898,-1.1932134628295898,-1.1932134628295898,-1.1932134628295898,-1.1932134628295898,-1.1932134628295898,-1.1932134628295898,-1.1932134628295898,-1.1932134628295898,0.0,0.0,0.0,,
ladder|fixed20|trail40|72h|200bps,2026-09-27,313,-7.479097035746224,-22.0,-22.0,-22.0,-22.0,-22.0,-7.127212047576904,22.10822868347168,57.20587921142578,135.33798217773438,0.04472843450479233,0.0,0.0,-12.192531993286838,4.713434957540614
ladder|fixed20|trail40|72h|200bps,2026-09-28,2049,-14.413491263842912,-22.0,-22.0,-22.0,-22.0,-22.0,-22.0,1.3234523534774842,42.348811340332006,112.32454498291013,0.014153245485602733,0.0,0.0,-15.860096798238898,1.4466055343959852
ladder|fixed20|trail40|72h|200bps,2026-09-29,1454,-10.493824710595476,-22.0,-22.0,-22.0,-22.0,-22.0,-22.0,51.980937194824236,73.23157806396482,81.39668464660647,0.0,0.0,0.0,-11.514161468183854,1.0203367575883782
ladder|fixed20|trail40|72h|200bps,2026-09-30,1404,-0.4037919166760567,-22.0,-22.0,-22.0,-22.0,-22.0,-22.0,60.957350540161144,89.86112098693845,158.4957099914551,0.03347578347578348,0.0,0.0,-2.4524894862659035,2.0486975695898466
ladder|fixed20|trail40|72h|200bps,2026-10-01,1305,-15.478387442402456,-22.0,-22.0,-22.0,-22.0,-22.0,-22.0,-22.0,48.02212753295897,88.78739532470703,0.00842911877394636,0.0007662835249042146,0.0,-17.865583486283683,2.387196043881227
ladder|fixed20|trail40|72h|200bps,2026-10-02,633,-20.933035406079526,-22.0,-30.640451049804685,-22.0,-22.0,-22.0,-22.0,-22.0,-22.0,52.20782211303689,0.001579778830963665,0.0,0.0,-22.041217895361562,1.1081824892820364
ladder|fixed20|trail40|72h|300bps,2026-09-26,42,-2.19321346282959,-2.19321346282959,-2.19321346282959,-2.19321346282959,-2.19321346282959,-2.19321346282959,-2.19321346282959,-2.19321346282959,-2.19321346282959,-2.19321346282959,0.0,0.0,0.0,,
ladder|fixed20|trail40|72h|300bps,2026-09-27,313,-8.479097030414179,-23.0,-23.0,-23.0,-23.0,-23.0,-8.127212524414062,21.10822868347168,56.20587921142578,134.33798217773438,0.04472843450479233,0.0,0.0,-13.192531987778818,4.713434957364639
ladder|fixed20|trail40|72h|300bps,2026-09-28,2049,-15.413491261375068,-23.0,-23.0,-23.0,-23.0,-23.0,-23.0,0.32345233559609093,41.348811340332006,111.32454498291013,0.014153245485602733,0.0,0.0,-16.860096799507527,1.4466055381324594
ladder|fixed20|trail40|72h|300bps,2026-09-29,1454,-11.493824710803006,-23.0,-23.0,-23.0,-23.0,-23.0,-23.0,50.980937194824236,72.23157806396482,80.39668464660647,0.0,0.0,0.0,-12.514161468393546,1.02033675759054
ladder|fixed20|trail40|72h|300bps,2026-09-30,1404,-1.4037919153175462,-23.0,-23.0,-23.0,-23.0,-23.0,-23.0,59.957350540161144,88.86112098693845,157.4957099914551,0.03347578347578348,0.0,0.0,-3.4524894848927223,2.048697569575176
ladder|fixed20|trail40|72h|300bps,2026-10-01,1305,-16.478387445325595,-23.0,-23.0,-23.0,-23.0,-23.0,-23.0,-23.0,47.02212753295897,87.78739532470703,0.006896551724137931,0.0007662835249042146,0.0,-18.865583489238524,2.3871960439129296
ladder|fixed20|trail40|72h|300bps,2026-10-02,633,-21.933035406079526,-23.0,-31.640451049804685,-23.0,-23.0,-23.0,-23.0,-23.0,-23.0,51.20782211303689,0.0,0.0,0.0,-23.041217895361562,1.1081824892820364
ladder|support|trail40|168h|100bps,2026-09-26,0,,,,,,,,,,,,,,,
ladder|support|trail40|168h|100bps,2026-09-27,304,-8.87977015266293,-10.578639030456543,-22.538701725006103,-19.887554550170897,-17.279565811157227,-10.578639030456543,-5.101084589958191,-2.482616472244263,-1.43009063601495,58.20587921142578,0.0,0.0,0.0,-11.636714647077534,2.756944494414604
ladder|support|trail40|168h|100bps,2026-09-28,1965,-3.5404077008177004,-8.010683059692383,-34.89364242553711,-25.239139175415037,-15.93117618560791,-8.010683059692383,-2.7444849014282227,45.436065673828125,53.79130935668945,114.66792846679672,0.01628498727735369,0.0,0.0,-4.881663419777446,1.3412557189597458
ladder|support|trail40|168h|100bps,2026-09-29,1575,-14.476429122970218,-9.04323959350586,-48.98388671875,-40.173213958740234,-22.868294715881348,-9.04323959350586,-5.430708646774292,-2.6626605033874506,-1.4909962296485904,54.77947769165039,0.0,0.0,0.0,-15.229892132984208,0.7534630100139896
ladder|support|trail40|168h|100bps,2026-09-30,1478,1.9803699505829198,-8.28870439529419,-40.25043487548828,-30.50530662536621,-16.790053367614746,-8.28870439529419,-3.256180763244629,52.712039947509766,83.5188224792479,262.5463562011719,0.031799729364005415,0.0,0.0,-3.7859589290981637,5.766328879681083
ladder|support|trail40|168h|100bps,2026-10-01,1379,-14.164071506482264,-9.455366134643555,-82.48816223144532,-58.1251953125,-23.593493461608887,-9.455366134643555,-3.7188721895217896,-1.2473262548446655,50.18201560974118,82.1219091796876,0.007976794778825236,0.0,0.0,-15.404479638997453,1.2404081325151886
ladder|support|trail40|168h|100bps,2026-10-02,607,-15.082302900083375,-7.751650810241699,-83.1942855834961,-45.09034271240234,-15.366895198822021,-7.751650810241699,-4.055908918380737,-2.21618356704712,-1.6096858024597192,42.06369827270506,0.0,0.0,0.0,-15.828789636890093,0.7464867368067178
ladder|support|trail40|168h|200bps,2026-09-26,0,,,,,,,,,,,,,,,
ladder|support|trail40|168h|200bps,2026-09-27,304,-9.87977015736856,-11.578639030456543,-23.538701725006103,-20.887554550170897,-18.279565811157227,-11.578639030456543,-6.101084589958191,-3.482616472244263,-2.430090534687054,57.20587921142578,0.0,0.0,0.0,-12.636714651976547,2.7569444946079873
ladder|support|trail40|168h|200bps,2026-09-28,1965,-4.5404076959643955,-9.010683059692383,-35.89364242553711,-26.239139175415037,-16.931175231933594,-9.010683059692383,-3.7444849014282227,44.436065673828125,52.79130935668945,113.66792846679672,0.015776081424936386,0.0,0.0,-5.881663414874236,1.3412557189098404
ladder|support|trail40|168h|200bps,2026-09-29,1575,-15.47642911699083,-10.04323959350586,-49.98388671875,-41.173213958740234,-23.868294715881348,-10.04323959350586,-6.430708646774292,-3.6626605033874506,-2.490996313095093,53.77947769165039,0.0,0.0,0.0,-16.229892126943454,0.7534630099526236
ladder|support|trail40|168h|200bps,2026-09-30,1478,0.9803699621167009,-9.28870439529419,-41.25043487548828,-31.50530662536621,-17.790053367614746,-9.28870439529419,-4.256180763244629,51.712039947509766,82.5188224792479,261.5463562011719,0.030446549391069014,0.0,0.0,-4.78595891730914,5.76632887942584
ladder|support|trail40|168h|200bps,2026-10-01,1379,-15.164071490057488,-10.455366134643555,-83.48816223144532,-59.1251953125,-24.593493461608887,-10.455366134643555,-4.7188720703125,-2.247326374053955,49.18201560974118,81.1219091796876,0.007976794778825236,0.0,0.0,-16.404479627993517,1.2404081379360292
ladder|support|trail40|168h|200bps,2026-10-02,607,-16.08230289870864,-8.7516508102417,-84.1942855834961,-46.09034271240234,-16.36689567565918,-8.7516508102417,-5.055908918380737,-3.21618356704712,-2.6096856832504294,41.06369827270506,0.0,0.0,0.0,-16.82878963549932,0.7464867367906791
ladder|support|trail40|168h|300bps,2026-09-26,0,,,,,,,,,,,,,,,
ladder|support|trail40|168h|300bps,2026-09-27,304,-10.879770163642732,-12.578639030456543,-24.538701725006103,-21.887554550170897,-19.279565811157227,-12.578639030456543,-7.101084589958191,-4.482616472244263,-3.430090534687054,56.20587921142578,0.0,0.0,0.0,-13.636714658508563,2.756944494865831
ladder|support|trail40|168h|300bps,2026-09-28,1965,-5.540407690625761,-10.010683059692383,-36.89364242553711,-27.239139175415037,-17.931175231933594,-10.010683059692383,-4.744484901428223,43.436065673828125,51.79130935668945,112.66792846679672,0.015776081424936386,0.0,0.0,-6.881663413403273,1.341255722777512
ladder|support|trail40|168h|300bps,2026-09-29,1575,-16.476429111692642,-11.04323959350586,-50.98388671875,-42.173213958740234,-24.868294715881348,-11.04323959350586,-7.430708646774292,-4.662660598754883,-3.490996313095093,52.77947769165039,0.0,0.0,0.0,-17.22989212159089,0.7534630098982475
ladder|support|trail40|168h|300bps,2026-09-30,1478,-0.019630039496415362,-10.28870439529419,-42.25043487548828,-32.50530662536621,-18.790053367614746,-10.28870439529419,-5.256180763244629,50.712039947509766,81.5188224792479,260.5463562011719,0.030446549391069014,0.0,0.0,-5.785958918957954,5.766328879461539
ladder|support|trail40|168h|300bps,2026-10-01,1379,-16.164071485389393,-11.455366134643555,-84.48816223144532,-60.1251953125,-25.593493461608887,-11.455366134643555,-5.7188720703125,-3.247326374053955,48.18201560974118,80.1219091796876,0.007251631617113851,0.0,0.0,-17.404479623277545,1.2404081378881529
ladder|support|trail40|168h|300bps,2026-10-02,607,-17.08230289870864,-9.7516508102417,-85.1942855834961,-47.09034271240234,-17.36689567565918,-9.7516508102417,-6.055908918380737,-4.216183662414552,-3.6096856832504294,40.06369827270506,0.0,0.0,0.0,-17.82878963549932,0.7464867367906791
ladder|support|trail40|24h|100bps,2026-09-26,42,-0.47712332010269165,-0.47712332010269165,-0.47712332010269165,-0.47712332010269165,-0.47712332010269165,-0.47712332010269165,-0.47712332010269165,-0.47712332010269165,-0.47712332010269165,-0.47712332010269165,0.0,0.0,0.0,,
ladder|support|trail40|24h|100bps,2026-09-27,304,-8.87977015266293,-10.578639030456543,-22.538701725006103,-19.887554550170897,-17.279565811157227,-10.578639030456543,-5.101084589958191,-2.482616472244263,-1.43009063601495,58.20587921142578,0.0,0.0,0.0,-11.636714647077534,2.756944494414604
ladder|support|trail40|24h|100bps,2026-09-28,2011,-6.579402898035829,-8.345669746398926,-39.387271881103516,-27.739290237426758,-16.896267890930176,-8.345669746398926,-2.9266624450683594,-0.5390923619270325,48.00443649291992,113.93724975585953,0.015912481352560914,0.0,0.0,-7.981513535258496,1.402110637222667
ladder|support|trail40|24h|100bps,2026-09-29,1723,-10.750897352212366,-6.94589900970459,-47.677900314331055,-38.66269226074219,-18.628786087036133,-6.94589900970459,-2.521427273750305,6.639779567718506,20.00964927673339,54.61052436828612,0.0,0.0,0.0,-11.481680442751154,0.7307830905387878
ladder|support|trail40|24h|100bps,2026-09-30,1731,6.719465917195107,-4.71793270111084,-33.12605667114258,-25.026552200317383,-13.69288444519043,-4.71793270111084,4.106206655502319,45.959022521972656,105.16810989379883,262.5463562011719,0.05545927209705372,0.0,0.0,1.901066571057817,4.81839934613729
ladder|support|trail40|24h|100bps,2026-10-01,1536,-9.732970539635668,-7.896137952804565,-71.01337623596191,-49.29646301269531,-21.899020671844482,-7.896137952804565,-2.4942328929901123,39.52689170837402,55.4034481048584,80.92907333374032,0.007161458333333333,0.0,0.0,-10.925825504409639,1.1928549647739715
ladder|support|trail40|24h|100bps,2026-10-02,607,-15.082302900083375,-7.751650810241699,-83.1942855834961,-45.09034271240234,-15.366895198822021,-7.751650810241699,-4.055908918380737,-2.21618356704712,-1.6096858024597192,42.06369827270506,0.0,0.0,0.0,-15.828789636890093,0.7464867368067178
ladder|support|trail40|24h|200bps,2026-09-26,42,-1.4771233797073364,-1.4771233797073364,-1.4771233797073364,-1.4771233797073364,-1.4771233797073364,-1.4771233797073364,-1.4771233797073364,-1.4771233797073364,-1.4771233797073364,-1.4771233797073364,0.0,0.0,0.0,,
ladder|support|trail40|24h|200bps,2026-09-27,304,-9.87977015736856,-11.578639030456543,-23.538701725006103,-20.887554550170897,-18.279565811157227,-11.578639030456543,-6.101084589958191,-3.482616472244263,-2.430090534687054,57.20587921142578,0.0,0.0,0.0,-12.636714651976547,2.7569444946079873
ladder|support|trail40|24h|200bps,2026-09-28,2011,-7.579402893378752,-9.345669746398926,-40.387271881103516,-28.739290237426758,-17.896267890930176,-9.345669746398926,-3.9266624450683594,-1.5390923023223877,47.00443649291992,112.93724975585953,0.015415216310293387,0.0,0.0,-8.981513530552276,1.4021106371735232
ladder|support|trail40|24h|200bps,2026-09-29,1723,-11.75089734608769,-7.94589900970459,-48.677900314331055,-39.66269226074219,-19.628786087036133,-7.94589900970459,-3.521427273750305,5.639779567718506,19.00964927673339,53.61052436828612,0.0,0.0,0.0,-12.481680436561819,0.7307830904741284
ladder|support|trail40|24h|200bps,2026-09-30,1731,5.719465914237782,-5.71793270111084,-34.12605667114258,-26.026552200317383,-14.69288444519043,-5.71793270111084,3.1062068939208984,44.959022521972656,104.16810989379883,261.5463562011719,0.05488157134604275,0.0,0.0,0.901066568044791,4.818399346192991
ladder|support|trail40|24h|200bps,2026-10-01,1536,-10.73297052551061,-8.896137714385986,-72.01337623596191,-50.29646301269531,-22.899020671844482,-8.896137714385986,-3.4942328929901123,38.52689170837402,54.4034481048584,79.92907333374032,0.007161458333333333,0.0,0.0,-11.925825495155234,1.1928549696446247
ladder|support|trail40|24h|200bps,2026-10-02,607,-16.08230289870864,-8.7516508102417,-84.1942855834961,-46.09034271240234,-16.36689567565918,-8.7516508102417,-5.055908918380737,-3.21618356704712,-2.6096856832504294,41.06369827270506,0.0,0.0,0.0,-16.82878963549932,0.7464867367906791
ladder|support|trail40|24h|300bps,2026-09-26,42,-2.477123260498047,-2.477123260498047,-2.477123260498047,-2.477123260498047,-2.477123260498047,-2.477123260498047,-2.477123260498047,-2.477123260498047,-2.477123260498047,-2.477123260498047,0.0,0.0,0.0,,
ladder|support|trail40|24h|300bps,2026-09-27,304,-10.879770163642732,-12.578639030456543,-24.538701725006103,-21.887554550170897,-19.279565811157227,-12.578639030456543,-7.101084589958191,-4.482616472244263,-3.430090534687054,56.20587921142578,0.0,0.0,0.0,-13.636714658508563,2.756944494865831
ladder|support|trail40|24h|300bps,2026-09-28,2011,-8.57940288965439,-10.345669746398926,-41.387271881103516,-29.739290237426758,-18.896267890930176,-10.345669746398926,-4.926662445068359,-2.5390923023223877,46.00443649291992,111.93724975585953,0.015415216310293387,0.0,0.0,-9.981513530622475,1.4021106409680861
ladder|support|trail40|24h|300bps,2026-09-29,1723,-12.75089734106359,-8.94589900970459,-49.677900314331055,-40.66269226074219,-20.628786087036133,-8.94589900970459,-4.521427154541016,4.639779567718506,18.00964927673339,52.61052436828612,0.0,0.0,0.0,-13.481680431484676,0.7307830904210864
ladder|support|trail40|24h|300bps,2026-09-30,1731,4.7194659054475165,-6.71793270111084,-35.12605667114258,-27.026552200317383,-15.69288444519043,-6.71793270111084,2.1062068939208984,43.959022521972656,103.16810989379883,260.5463562011719,0.05314846909300982,0.0,0.0,-0.0989334409110349,4.818399346358551
ladder|support|trail40|24h|300bps,2026-10-01,1536,-11.732970519301793,-9.896137714385986,-73.01337623596191,-51.29646301269531,-23.899020671844482,-9.896137714385986,-4.494233012199402,37.52689170837402,53.4034481048584,78.92907333374032,0.006510416666666667,0.0,0.0,-12.925825488881062,1.192854969579269
ladder|support|trail40|24h|300bps,2026-10-02,607,-17.08230289870864,-9.7516508102417,-85.1942855834961,-47.09034271240234,-17.36689567565918,-9.7516508102417,-6.055908918380737,-4.216183662414552,-3.6096856832504294,40.06369827270506,0.0,0.0,0.0,-17.82878963549932,0.7464867367906791
ladder|support|trail40|72h|100bps,2026-09-26,42,-0.19321346282958984,-0.19321346282958984,-0.19321346282958984,-0.19321346282958984,-0.19321346282958984,-0.19321346282958984,-0.19321346282958984,-0.19321346282958984,-0.19321346282958984,-0.19321346282958984,0.0,0.0,0.0,,
ladder|support|trail40|72h|100bps,2026-09-27,334,-7.220688498216475,-9.577160835266113,-22.328904914855958,-19.732535934448244,-16.695683479309082,-9.577160835266113,-3.72028911113739,-0.9741517066955573,23.711564064025822,58.20587921142578,0.0,0.0,0.0,-9.658945679942272,2.438257181725797
ladder|support|trail40|72h|100bps,2026-09-28,1963,-2.355897751834644,-7.942424297332764,-34.15639877319336,-24.56484107971191,-15.774323463439941,-7.942424297332764,-2.7123043537139893,48.00443649291992,78.17774200439453,115.89944458007805,0.018848700967906265,0.0,0.0,-3.6866383368184867,1.3307405849838427
ladder|support|trail40|72h|100bps,2026-09-29,1605,-14.193583302501578,-8.826933860778809,-48.661841583251956,-40.173213958740234,-22.429338455200195,-8.826933860778809,-5.1713385581970215,-2.302682781219482,-1.226021528244019,54.7395378112793,0.0,0.0,0.0,-14.973846518441622,0.7802632159400442
ladder|support|trail40|72h|100bps,2026-09-30,1478,1.9803699505829198,-8.28870439529419,-40.25043487548828,-30.50530662536621,-16.790053367614746,-8.28870439529419,-3.256180763244629,52.712039947509766,83.5188224792479,262.5463562011719,0.031799729364005415,0.0,0.0,-3.7859589290981637,5.766328879681083
ladder|support|trail40|72h|100bps,2026-10-01,1379,-14.164071506482264,-9.455366134643555,-82.48816223144532,-58.1251953125,-23.593493461608887,-9.455366134643555,-3.7188721895217896,-1.2473262548446655,50.18201560974118,82.1219091796876,0.007976794778825236,0.0,0.0,-15.404479638997453,1.2404081325151886
ladder|support|trail40|72h|100bps,2026-10-02,607,-15.082302900083375,-7.751650810241699,-83.1942855834961,-45.09034271240234,-15.366895198822021,-7.751650810241699,-4.055908918380737,-2.21618356704712,-1.6096858024597192,42.06369827270506,0.0,0.0,0.0,-15.828789636890093,0.7464867368067178
ladder|support|trail40|72h|200bps,2026-09-26,42,-1.1932134628295898,-1.1932134628295898,-1.1932134628295898,-1.1932134628295898,-1.1932134628295898,-1.1932134628295898,-1.1932134628295898,-1.1932134628295898,-1.1932134628295898,-1.1932134628295898,0.0,0.0,0.0,,
ladder|support|trail40|72h|200bps,2026-09-27,334,-8.220688501696387,-10.577160835266113,-23.328904914855958,-20.732535934448244,-17.695683479309082,-10.577160835266113,-4.72028911113739,-1.9741516709327704,22.711564064025822,57.20587921142578,0.0,0.0,0.0,-10.658945683551872,2.4382571818554855
ladder|support|trail40|72h|200bps,2026-09-28,1963,-3.3558977451545515,-8.942423820495605,-35.15639877319336,-25.56484107971191,-16.774324417114258,-8.942423820495605,-3.7123043537139893,47.00443649291992,77.17774200439453,114.89944458007805,0.018339276617422313,0.0,0.0,-4.686638330069634,1.3307405849150826
ladder|support|trail40|72h|200bps,2026-09-29,1605,-15.19358329688463,-9.826933860778809,-49.661841583251956,-41.173213958740234,-23.429338455200195,-9.826933860778809,-6.1713385581970215,-3.302682781219482,-2.226021528244019,53.7395378112793,0.0,0.0,0.0,-15.973846512764542,0.7802632158799128
ladder|support|trail40|72h|200bps,2026-09-30,1478,0.9803699621167009,-9.28870439529419,-41.25043487548828,-31.50530662536621,-17.790053367614746,-9.28870439529419,-4.256180763244629,51.712039947509766,82.5188224792479,261.5463562011719,0.030446549391069014,0.0,0.0,-4.78595891730914,5.76632887942584
ladder|support|trail40|72h|200bps,2026-10-01,1379,-15.164071490057488,-10.455366134643555,-83.48816223144532,-59.1251953125,-24.593493461608887,-10.455366134643555,-4.7188720703125,-2.247326374053955,49.18201560974118,81.1219091796876,0.007976794778825236,0.0,0.0,-16.404479627993517,1.2404081379360292
ladder|support|trail40|72h|200bps,2026-10-02,607,-16.08230289870864,-8.7516508102417,-84.1942855834961,-46.09034271240234,-16.36689567565918,-8.7516508102417,-5.055908918380737,-3.21618356704712,-2.6096856832504294,41.06369827270506,0.0,0.0,0.0,-16.82878963549932,0.7464867367906791
ladder|support|trail40|72h|300bps,2026-09-26,42,-2.19321346282959,-2.19321346282959,-2.19321346282959,-2.19321346282959,-2.19321346282959,-2.19321346282959,-2.19321346282959,-2.19321346282959,-2.19321346282959,-2.19321346282959,0.0,0.0,0.0,,
ladder|support|trail40|72h|300bps,2026-09-27,334,-9.220688508120839,-11.577160835266113,-24.328904914855958,-21.732535934448244,-18.695683479309082,-11.577160835266113,-5.72028911113739,-2.9741517543792733,21.711564064025822,56.20587921142578,0.0,0.0,0.0,-11.658945690215745,2.4382571820949064
ladder|support|trail40|72h|300bps,2026-09-28,1963,-4.355897736895527,-9.942423820495605,-36.15639877319336,-26.56484107971191,-17.774324417114258,-9.942423820495605,-4.712304353713989,46.00443649291992,76.17774200439453,113.89944458007805,0.018339276617422313,0.0,0.0,-5.686638325652202,1.330740588756675
ladder|support|trail40|72h|300bps,2026-09-29,1605,-16.193583291724927,-10.826933860778809,-50.661841583251956,-42.173213958740234,-24.429338455200195,-10.826933860778809,-7.1713385581970215,-4.302682876586914,-3.226021528244019,52.7395378112793,0.0,0.0,0.0,-16.973846507549606,0.7802632158246787
ladder|support|trail40|72h|300bps,2026-09-30,1478,-0.019630039496415362,-10.28870439529419,-42.25043487548828,-32.50530662536621,-18.790053367614746,-10.28870439529419,-5.256180763244629,50.712039947509766,81.5188224792479,260.5463562011719,0.030446549391069014,0.0,0.0,-5.785958918957954,5.766328879461539
ladder|support|trail40|72h|300bps,2026-10-01,1379,-16.164071485389393,-11.455366134643555,-84.48816223144532,-60.1251953125,-25.593493461608887,-11.455366134643555,-5.7188720703125,-3.247326374053955,48.18201560974118,80.1219091796876,0.007251631617113851,0.0,0.0,-17.404479623277545,1.2404081378881529
ladder|support|trail40|72h|300bps,2026-10-02,607,-17.08230289870864,-9.7516508102417,-85.1942855834961,-47.09034271240234,-17.36689567565918,-9.7516508102417,-6.055908918380737,-4.216183662414552,-3.6096856832504294,40.06369827270506,0.0,0.0,0.0,-17.82878963549932,0.7464867367906791
