rule_id,chain,trades,mean,median,p5,p10,p25,p50,p75,p90,p95,p99,share_ge_2x,share_ge_5x,share_ge_10x,mean_without_top_1pct,top_1pct_contribution
fat_tail|atr2|trail20|168h|100bps,bnb,1801,-1.7130092294780184,-4.19635009765625,-14.079605102539062,-10.802814483642578,-6.398448944091797,-4.19635009765625,-2.581332206726074,8.832469940185547,26.46782875061035,51.241493225097656,0.000555247084952804,0.0,0.0,-2.435055508395379,0.7220462789173605
fat_tail|atr2|trail20|168h|100bps,ethereum,2711,-4.672435482836125,-4.868596076965332,-17.301209449768066,-13.986052513122559,-9.346753597259521,-4.868596076965332,-2.7878332138061523,0.6308555603027344,15.985616683959961,36.27551422119151,0.0,0.0,0.0,-5.389419168469218,0.7169836856330933
fat_tail|atr2|trail20|168h|100bps,robinhood,1991,-4.638005023741499,-7.445334434509277,-19.981029510498047,-17.97207260131836,-13.952149391174316,-7.445334434509277,-0.575775533914566,13.090178489685059,22.734145164489746,55.72562789916992,0.0025113008538422904,0.0,0.0,-5.807324676720757,1.169319652979258
fat_tail|atr2|trail20|168h|100bps,solana,3466,-4.083941800944005,-9.886602878570557,-20.306979656219482,-18.842533111572266,-15.314847946166992,-9.886602878570557,-3.2548646330833435,15.750386238098145,38.31069087982178,88.18204116821279,0.006058857472590883,0.0,0.0,-5.39658714566995,1.3126453447259454
fat_tail|atr2|trail20|168h|200bps,bnb,1801,-2.7130092257909943,-5.19635009765625,-15.079605102539062,-11.802814483642578,-7.398448944091797,-5.19635009765625,-3.581332206726074,7.832469940185547,25.46782875061035,50.241493225097656,0.000555247084952804,0.0,0.0,-3.435055504669043,0.7220462788780488
fat_tail|atr2|trail20|168h|200bps,ethereum,2711,-5.672435480096779,-5.868596076965332,-18.301209449768066,-14.986052513122559,-10.346753597259521,-5.868596076965332,-3.7878332138061523,-0.3691444396972656,14.985616683959961,35.27551422119151,0.0,0.0,0.0,-6.389419165701285,0.7169836856045055
fat_tail|atr2|trail20|168h|200bps,robinhood,1991,-5.638005026863604,-8.445334434509277,-20.981029510498047,-18.97207260131836,-14.952149391174316,-8.445334434509277,-1.5757755041122437,12.090178489685059,21.734145164489746,54.72562789916992,0.0025113008538422904,0.0,0.0,-6.807324677940369,1.1693196510767647
fat_tail|atr2|trail20|168h|200bps,solana,3466,-5.083941794042753,-10.886602878570557,-21.306979656219482,-19.842533111572266,-16.314847946166992,-10.886602878570557,-4.254864573478699,14.750386238098145,37.31069087982178,87.18204116821279,0.005770340450086555,0.0,0.0,-6.3965871386982975,1.3126453446555448
fat_tail|atr2|trail20|168h|300bps,bnb,1801,-3.7130092301130344,-6.19635009765625,-16.079605102539062,-12.802814483642578,-8.398448944091797,-6.19635009765625,-4.581332206726074,6.832469940185547,24.46782875061035,49.241493225097656,0.000555247084952804,0.0,0.0,-4.4350555090371655,0.7220462789241311
fat_tail|atr2|trail20|168h|300bps,ethereum,2711,-6.67243546107595,-6.868596076965332,-19.301209449768066,-15.986052513122559,-11.346753597259521,-6.868596076965332,-4.787833213806152,-1.3691444396972656,13.985616683959961,34.27551422119151,0.0,0.0,0.0,-7.389419146481953,0.716983685406003
fat_tail|atr2|trail20|168h|300bps,robinhood,1991,-6.6380050426544575,-9.445334434509277,-21.981029510498047,-19.97207260131836,-15.952149391174316,-9.445334434509277,-2.5757755041122437,11.090178489685059,20.734145164489746,53.72562789916992,0.0025113008538422904,0.0,0.0,-7.807324693907656,1.1693196512531987
fat_tail|atr2|trail20|168h|300bps,solana,3466,-6.08394178614532,-11.886602878570557,-22.306979656219482,-20.842533111572266,-17.314847946166992,-11.886602878570557,-5.254864573478699,13.750386238098145,36.31069087982178,86.18204116821279,0.005481823427582228,0.0,0.0,-7.396587130720302,1.3126453445749826
fat_tail|atr2|trail20|24h|100bps,bnb,1932,-0.34426889523995635,-3.330724000930786,-13.996741676330567,-10.563661766052245,-5.577214360237122,-3.330724000930786,0.99789859354496,12.242506504058852,24.588455581665006,50.801530303955154,0.0005175983436853002,0.0,0.0,-1.0308345587761312,0.6865656635361748
fat_tail|atr2|trail20|24h|100bps,ethereum,2713,-4.118958224891556,-4.7750959396362305,-17.2174430847168,-13.953583335876464,-9.311115264892578,-4.7750959396362305,-2.6936402320861816,6.357741069793715,19.574844360351562,36.25376388549817,0.0,0.0,0.0,-4.8296360145865815,0.7106777896950254
fat_tail|atr2|trail20|24h|100bps,robinhood,1979,-4.580344347232184,-7.445334434509277,-19.909786033630372,-17.923743820190428,-13.942594528198242,-7.445334434509277,-0.45966823399066925,13.238164520263684,22.82251510620116,55.72562789916992,0.0025265285497726125,0.0,0.0,-5.756185870907685,1.1758415236755013
fat_tail|atr2|trail20|24h|100bps,solana,3451,-4.055697633885286,-9.88886833190918,-20.31060791015625,-18.854351043701172,-15.307921886444092,-9.88886833190918,-3.2551382780075073,15.842293739318848,38.50565719604492,88.34675598144531,0.006085192697768763,0.0,0.0,-5.373817549549122,1.3181199156638357
fat_tail|atr2|trail20|24h|200bps,bnb,1932,-1.344268894100207,-4.330724000930786,-14.996741676330567,-11.563661766052245,-6.577214360237122,-4.330724000930786,-0.0021014208905398846,11.242506504058852,23.588455581665006,49.801530303955154,0.0005175983436853002,0.0,0.0,-2.0308345576244595,0.6865656635242525
fat_tail|atr2|trail20|24h|200bps,ethereum,2713,-5.118958221907067,-5.7750959396362305,-18.2174430847168,-14.953583335876464,-10.311115264892578,-5.7750959396362305,-3.6936402320861816,5.357741069793715,18.574844360351562,35.25376388549817,0.0,0.0,0.0,-5.82963601157097,0.7106777896639027
fat_tail|atr2|trail20|24h|200bps,robinhood,1979,-5.580344350614169,-8.445334434509277,-20.909786033630372,-18.923743820190428,-14.942594528198242,-8.445334434509277,-1.4596682786941528,12.238164520263684,21.82251510620116,54.72562789916992,0.0025265285497726125,0.0,0.0,-6.756185872378432,1.175841521764263
fat_tail|atr2|trail20|24h|200bps,solana,3451,-5.055697626124995,-10.88886833190918,-21.31060791015625,-19.854351043701172,-16.307921409606934,-10.88886833190918,-4.255138158798218,14.842293739318848,37.50565719604492,87.34675598144531,0.005795421616922631,0.0,0.0,-6.37381754170932,1.318119915584325
fat_tail|atr2|trail20|24h|300bps,bnb,1932,-2.3442688985597213,-5.330724000930786,-15.996741676330567,-12.563661766052245,-7.577214360237122,-5.330724000930786,-1.0021014660596848,10.242506504058852,22.588455581665006,48.801530303955154,0.0005175983436853002,0.0,0.0,-3.0308345621306216,0.6865656635709003
fat_tail|atr2|trail20|24h|300bps,ethereum,2713,-6.118958203960313,-6.7750959396362305,-19.2174430847168,-15.953583335876464,-11.311115264892578,-6.7750959396362305,-4.693640232086182,4.357741069793715,17.574844360351562,34.25376388549817,0.0,0.0,0.0,-6.829635993437061,0.7106777894767484
fat_tail|atr2|trail20|24h|300bps,robinhood,1979,-6.5803443674645665,-9.445334434509277,-21.909786033630372,-19.923743820190428,-15.942594528198242,-9.445334434509277,-2.459668278694153,11.238164520263684,20.82251510620116,53.72562789916992,0.0025265285497726125,0.0,0.0,-7.756185889418257,1.1758415219536902
fat_tail|atr2|trail20|24h|300bps,solana,3451,-6.0556976185386695,-11.88886833190918,-22.31060791015625,-20.854351043701172,-17.307921409606934,-11.88886833190918,-5.255138158798218,13.842293739318848,36.50565719604492,86.34675598144531,0.0055056505360765,0.0,0.0,-7.3738175340452665,1.318119915506597
fat_tail|atr2|trail20|72h|100bps,bnb,1807,-1.6946318228453332,-4.188254356384277,-14.079605102539062,-10.802814483642578,-6.390644788742065,-4.188254356384277,-2.580383777618408,8.772736358642588,26.45134468078612,51.1563391113282,0.0005534034311012728,0.0,0.0,-2.4140598420314157,0.7194280191860825
fat_tail|atr2|trail20|72h|100bps,ethereum,2720,-4.615771721415085,-4.865343809127808,-17.274817371368407,-13.961977005004881,-9.336763381958008,-4.865343809127808,-2.7862663865089417,0.7338256180286398,16.37583150863638,38.361800308227444,0.0,0.0,0.0,-5.337240570568706,0.721468849153621
fat_tail|atr2|trail20|72h|100bps,robinhood,1991,-4.638005023741499,-7.445334434509277,-19.981029510498047,-17.97207260131836,-13.952149391174316,-7.445334434509277,-0.575775533914566,13.090178489685059,22.734145164489746,55.72562789916992,0.0025113008538422904,0.0,0.0,-5.807324676720757,1.169319652979258
fat_tail|atr2|trail20|72h|100bps,solana,3466,-4.083941800944005,-9.886602878570557,-20.306979656219482,-18.842533111572266,-15.314847946166992,-9.886602878570557,-3.2548646330833435,15.750386238098145,38.31069087982178,88.18204116821279,0.006058857472590883,0.0,0.0,-5.39658714566995,1.3126453447259454
fat_tail|atr2|trail20|72h|200bps,bnb,1807,-2.6946318193024936,-5.188254356384277,-15.079605102539062,-11.802814483642578,-7.390644788742065,-5.188254356384277,-3.580383777618408,7.772736358642587,25.45134468078612,50.1563391113282,0.0005534034311012728,0.0,0.0,-3.414059838450928,0.7194280191484346
fat_tail|atr2|trail20|72h|200bps,ethereum,2720,-5.615771718706717,-5.865343809127808,-18.274817371368407,-14.961977005004881,-10.336763381958008,-5.865343809127808,-3.7862663865089417,-0.26617435812950235,15.375830650329496,37.361800308227444,0.0,0.0,0.0,-6.337240567832167,0.7214688491254497
fat_tail|atr2|trail20|72h|200bps,robinhood,1991,-5.638005026863604,-8.445334434509277,-20.981029510498047,-18.97207260131836,-14.952149391174316,-8.445334434509277,-1.5757755041122437,12.090178489685059,21.734145164489746,54.72562789916992,0.0025113008538422904,0.0,0.0,-6.807324677940369,1.1693196510767647
fat_tail|atr2|trail20|72h|200bps,solana,3466,-5.083941794042753,-10.886602878570557,-21.306979656219482,-19.842533111572266,-16.314847946166992,-10.886602878570557,-4.254864573478699,14.750386238098145,37.31069087982178,87.18204116821279,0.005770340450086555,0.0,0.0,-6.3965871386982975,1.3126453446555448
fat_tail|atr2|trail20|72h|300bps,bnb,1807,-3.694631823808095,-6.188254356384277,-16.079605102539062,-12.802814483642578,-8.390645027160645,-6.188254356384277,-4.580383539199829,6.772736358642587,24.45134468078612,49.1563391113282,0.0005534034311012728,0.0,0.0,-4.4140598430044085,0.7194280191963136
fat_tail|atr2|trail20|72h|300bps,ethereum,2720,-6.615771699748824,-6.865343809127808,-19.274817371368407,-15.961977005004881,-11.336763381958008,-6.865343809127808,-4.786266446113586,-1.2661743879318248,14.375830650329496,36.361800308227444,0.0,0.0,0.0,-7.337240548677089,0.7214688489282652
fat_tail|atr2|trail20|72h|300bps,robinhood,1991,-6.6380050426544575,-9.445334434509277,-21.981029510498047,-19.97207260131836,-15.952149391174316,-9.445334434509277,-2.5757755041122437,11.090178489685059,20.734145164489746,53.72562789916992,0.0025113008538422904,0.0,0.0,-7.807324693907656,1.1693196512531987
fat_tail|atr2|trail20|72h|300bps,solana,3466,-6.08394178614532,-11.886602878570557,-22.306979656219482,-20.842533111572266,-17.314847946166992,-11.886602878570557,-5.254864573478699,13.750386238098145,36.31069087982178,86.18204116821279,0.005481823427582228,0.0,0.0,-7.396587130720302,1.3126453445749826
fat_tail|atr2|trail30|168h|100bps,bnb,1516,-5.203549952179901,-4.870590448379517,-16.185173511505127,-12.51993179321289,-7.16928243637085,-4.870590448379517,-3.22662216424942,-2.5844995975494385,-2.30479633808136,44.24051780700679,0.0,0.0,0.0,-5.8571217101415,0.6535717579615987
fat_tail|atr2|trail30|168h|100bps,ethereum,2711,-5.485283172472951,-5.1923747062683105,-18.29460620880127,-15.087875366210938,-10.085583209991455,-5.1923747062683105,-3.033607840538025,-1.7407299280166626,5.468936204910278,49.21651115417489,0.0,0.0,0.0,-6.219490630080437,0.7342074576074857
fat_tail|atr2|trail30|168h|100bps,robinhood,1951,-5.352710415132779,-9.98435115814209,-26.372607231140137,-21.744550704956055,-17.26047420501709,-9.98435115814209,-3.574629306793213,16.071046829223633,40.87986373901367,57.99128341674805,0.0030753459764223477,0.0020502306509482316,0.0,-7.261137610395424,1.9084271952626448
fat_tail|atr2|trail30|168h|100bps,solana,3405,-6.774698771913803,-12.342266082763672,-26.886297988891602,-23.415392684936524,-18.051105499267578,-12.342266082763672,-5.6033616065979,13.617153167724606,45.925618743896415,79.60269165039062,0.004405286343612335,0.0,0.0,-8.321371962668486,1.5466731907546833
fat_tail|atr2|trail30|168h|200bps,bnb,1516,-6.203549945928491,-5.870590448379517,-17.185173511505127,-13.51993179321289,-8.169281959533691,-5.870590448379517,-4.226621985435486,-3.5844995975494385,-3.30479633808136,43.24051780700679,0.0,0.0,0.0,-6.857121703823408,0.653571757894917
fat_tail|atr2|trail30|168h|200bps,ethereum,2711,-6.485283171225577,-6.1923747062683105,-19.29460620880127,-16.087875366210938,-11.085583209991455,-6.1923747062683105,-4.033607721328735,-2.740730047225952,4.468936204910278,48.21651115417489,0.0,0.0,0.0,-7.219490628820044,0.7342074575944677
fat_tail|atr2|trail30|168h|200bps,robinhood,1951,-6.352710416463172,-10.98435115814209,-27.372607231140137,-22.744550704956055,-18.26047420501709,-10.98435115814209,-4.574629306793213,15.07104778289795,39.87986373901367,56.99128341674805,0.0030753459764223477,0.0020502306509482316,0.0,-8.261137611739596,1.908427195276424
fat_tail|atr2|trail30|168h|200bps,solana,3405,-7.77469876389759,-13.342266082763672,-27.886297988891602,-24.415392684936524,-19.051105499267578,-13.342266082763672,-6.6033616065979,12.617153167724606,44.925618743896415,78.60269165039062,0.004405286343612335,0.0,0.0,-9.32137195909048,1.5466731951928905
fat_tail|atr2|trail30|168h|300bps,bnb,1516,-7.203549948208879,-6.870590448379517,-18.185173511505127,-14.51993179321289,-9.169281959533691,-6.870590448379517,-5.226621985435486,-4.584499835968018,-4.304796576499939,42.24051780700679,0.0,0.0,0.0,-7.857121706128121,0.6535717579192415
fat_tail|atr2|trail30|168h|300bps,ethereum,2711,-7.485283153680229,-7.1923747062683105,-20.29460620880127,-17.087875366210938,-12.085583209991455,-7.1923747062683105,-5.033607721328735,-3.740730047225952,3.468936324119568,47.21651115417489,0.0,0.0,0.0,-8.219490611091592,0.7342074574113626
fat_tail|atr2|trail30|168h|300bps,robinhood,1951,-7.352710433955425,-11.98435115814209,-28.372607231140137,-23.744550704956055,-19.26047420501709,-11.98435115814209,-5.574629306793213,14.07104778289795,38.87986373901367,55.99128341674805,0.0030753459764223477,0.0020502306509482316,0.0,-9.261137629413021,1.9084271954575964
fat_tail|atr2|trail30|168h|300bps,solana,3405,-8.774698755535585,-14.342266082763672,-28.886297988891602,-25.415392684936524,-20.051105499267578,-14.342266082763672,-7.6033616065979,11.617153167724606,43.925618743896415,77.60269165039062,0.004405286343612335,0.0,0.0,-10.321371950626562,1.5466731950909764
fat_tail|atr2|trail30|24h|100bps,bnb,1844,-1.209413156509003,-3.651318311691284,-15.014787912368774,-11.527289295196534,-5.85481870174408,-3.651318311691284,0.2664496973156929,12.723304939270037,24.844306755065904,45.750576324462855,0.0,0.0,0.0,-1.795238660440959,0.585825503931956
fat_tail|atr2|trail30|24h|100bps,ethereum,2713,-4.843743025008046,-5.104249954223633,-18.28689842224121,-15.06193141937256,-10.006250381469727,-5.104249954223633,-2.8369832038879395,3.871655559539813,17.380662155151388,49.197981719970805,0.0,0.0,0.0,-5.5707134103458,0.7269703853377534
fat_tail|atr2|trail30|24h|100bps,robinhood,1941,-5.285700163574643,-10.009467124938965,-26.16090965270996,-21.696205139160156,-17.259811401367188,-10.009467124938965,-3.494870185852051,17.02965545654297,40.88406753540039,58.102386474609276,0.0030911901081916537,0.0020607934054611026,0.0,-7.203364249478341,1.9176640859036977
fat_tail|atr2|trail30|24h|100bps,solana,3390,-6.732450157802849,-12.33605146408081,-26.882069396972657,-23.41970748901367,-18.071702480316162,-12.33605146408081,-5.596536636352539,14.036294841766344,46.00224227905272,79.64116546630864,0.004424778761061947,0.0,0.0,-8.102214886009897,1.3697647282070475
fat_tail|atr2|trail30|24h|200bps,bnb,1844,-2.2094131542582858,-4.651318550109863,-16.01478805541992,-12.527289295196534,-6.85481870174408,-4.651318550109863,-0.7335502803325653,11.723304939270037,23.844306755065904,44.750576324462855,0.0,0.0,0.0,-2.7952386581668094,0.5858255039085236
fat_tail|atr2|trail30|24h|200bps,ethereum,2713,-5.843743023497952,-6.104249954223633,-19.28689842224121,-16.061931610107422,-11.006250381469727,-6.104249954223633,-3.8369832038879395,2.871655559539813,16.380662155151388,48.197981719970805,0.0,0.0,0.0,-6.570713408819956,0.7269703853220042
fat_tail|atr2|trail30|24h|200bps,robinhood,1941,-6.285700165165232,-11.009467124938965,-27.16090965270996,-22.696205139160156,-18.259811401367188,-11.009467124938965,-4.494870185852051,16.02965545654297,39.88406753540039,57.102386474609276,0.0030911901081916537,0.0020607934054611026,0.0,-8.20336425108549,1.9176640859202587
fat_tail|atr2|trail30|24h|200bps,solana,3390,-7.7324501489072075,-13.33605146408081,-27.882069396972657,-24.41970748901367,-19.071702480316162,-13.33605146408081,-6.596536636352539,13.036294841766344,45.00224227905272,78.64116546630864,0.004424778761061947,0.0,0.0,-9.102214881570852,1.3697647326636444
fat_tail|atr2|trail30|24h|300bps,bnb,1844,-3.2094131572598945,-5.651318550109863,-17.01478805541992,-13.527289295196534,-7.85481870174408,-5.651318550109863,-1.7335503101348877,10.723304939270037,22.844306755065904,43.750576324462855,0.0,0.0,0.0,-3.795238661199668,0.5858255039397733
fat_tail|atr2|trail30|24h|300bps,ethereum,2713,-6.843743007096994,-7.104249954223633,-20.28689842224121,-17.061931610107422,-12.006250381469727,-7.104249954223633,-4.8369832038879395,1.871655559539813,15.380663108825704,47.197981719970805,0.0,0.0,0.0,-7.570713392247964,0.7269703851509703
fat_tail|atr2|trail30|24h|300bps,robinhood,1941,-7.285700183691882,-12.009467124938965,-28.16090965270996,-23.696205139160156,-19.259811401367188,-12.009467124938965,-5.494870185852051,15.029655456542969,38.88406753540039,56.102386474609276,0.0030911901081916537,0.0020607934054611026,0.0,-9.203364269805025,1.9176640861131427
fat_tail|atr2|trail30|24h|300bps,solana,3390,-8.732450140859852,-14.33605146408081,-28.882069396972657,-25.41970748901367,-20.071702480316162,-14.33605146408081,-7.596536636352539,12.036294841766344,44.00224227905272,77.64116546630864,0.004424778761061947,0.0,0.0,-10.102214873441968,1.3697647325821158
fat_tail|atr2|trail30|72h|100bps,bnb,1554,-4.789953274999959,-4.7491302490234375,-15.921384525299072,-12.305422115325928,-6.971237421035767,-4.7491302490234375,-3.079396963119507,-2.527192544937133,4.871212816238395,44.053814163208024,0.0,0.0,0.0,-5.423074269868308,0.6331209948683485
fat_tail|atr2|trail30|72h|100bps,ethereum,2720,-5.387270881809116,-5.1752095222473145,-18.291908550262452,-15.067924880981444,-10.06209921836853,-5.1752095222473145,-3.006042957305908,-0.9749196469783796,6.3072777032851945,49.1331287002563,0.0,0.0,0.0,-6.118004263912495,0.730733382103379
fat_tail|atr2|trail30|72h|100bps,robinhood,1951,-5.352710415132779,-9.98435115814209,-26.372607231140137,-21.744550704956055,-17.26047420501709,-9.98435115814209,-3.574629306793213,16.071046829223633,40.87986373901367,57.99128341674805,0.0030753459764223477,0.0020502306509482316,0.0,-7.261137610395424,1.9084271952626448
fat_tail|atr2|trail30|72h|100bps,solana,3405,-6.774698771913803,-12.342266082763672,-26.886297988891602,-23.415392684936524,-18.051105499267578,-12.342266082763672,-5.6033616065979,13.617153167724606,45.925618743896415,79.60269165039062,0.004405286343612335,0.0,0.0,-8.321371962668486,1.5466731907546833
fat_tail|atr2|trail30|72h|200bps,bnb,1554,-5.789953269054838,-5.7491302490234375,-16.921384239196776,-13.305422115325928,-7.971237421035767,-5.7491302490234375,-4.079397201538086,-3.527192544937133,3.8712127327918924,43.053814163208024,0.0,0.0,0.0,-6.423074263861338,0.6331209948065002
fat_tail|atr2|trail30|72h|200bps,ethereum,2720,-6.387270880659001,-6.1752095222473145,-19.291908550262452,-16.067924880981444,-11.06209921836853,-6.1752095222473145,-4.006042957305908,-1.9749196529388442,5.3072777032851945,48.1331287002563,0.0,0.0,0.0,-7.118004262750418,0.730733382091417
fat_tail|atr2|trail30|72h|200bps,robinhood,1951,-6.352710416463172,-10.98435115814209,-27.372607231140137,-22.744550704956055,-18.26047420501709,-10.98435115814209,-4.574629306793213,15.07104778289795,39.87986373901367,56.99128341674805,0.0030753459764223477,0.0020502306509482316,0.0,-8.261137611739596,1.908427195276424
fat_tail|atr2|trail30|72h|200bps,solana,3405,-7.77469876389759,-13.342266082763672,-27.886297988891602,-24.415392684936524,-19.051105499267578,-13.342266082763672,-6.6033616065979,12.617153167724606,44.925618743896415,78.60269165039062,0.004405286343612335,0.0,0.0,-9.32137195909048,1.5466731951928905
fat_tail|atr2|trail30|72h|300bps,bnb,1554,-6.789953270589063,-6.7491302490234375,-17.921384239196776,-14.305422115325928,-8.971236944198608,-6.7491302490234375,-5.079397201538086,-4.527192544937133,2.8712127327918924,42.053814163208024,0.0,0.0,0.0,-7.423074265411524,0.6331209948224608
fat_tail|atr2|trail30|72h|300bps,ethereum,2720,-7.38727086306351,-7.1752095222473145,-20.291908550262452,-17.067924880981444,-12.06209921836853,-7.1752095222473145,-5.006042957305908,-2.9749195337295546,4.3072777032851945,47.1331287002563,0.0,0.0,0.0,-8.118004244971912,0.7307333819084016
fat_tail|atr2|trail30|72h|300bps,robinhood,1951,-7.352710433955425,-11.98435115814209,-28.372607231140137,-23.744550704956055,-19.26047420501709,-11.98435115814209,-5.574629306793213,14.07104778289795,38.87986373901367,55.99128341674805,0.0030753459764223477,0.0020502306509482316,0.0,-9.261137629413021,1.9084271954575964
fat_tail|atr2|trail30|72h|300bps,solana,3405,-8.774698755535585,-14.342266082763672,-28.886297988891602,-25.415392684936524,-20.051105499267578,-14.342266082763672,-7.6033616065979,11.617153167724606,43.925618743896415,77.60269165039062,0.004405286343612335,0.0,0.0,-10.321371950626562,1.5466731950909764
fat_tail|atr2|trail40|168h|100bps,bnb,1516,-2.379991625890254,-4.779182434082031,-15.824912071228027,-12.294481754302979,-6.943923234939575,-4.779182434082031,-3.116766571998596,-2.5575454235076904,-2.0486814975738525,125.05130043029781,0.01978891820580475,0.0,0.0,-3.8932127216657,1.5132210957754464
fat_tail|atr2|trail40|168h|100bps,ethereum,2710,-6.103012264390713,-5.6580891609191895,-19.01457805633545,-15.034109497070313,-10.568867683410645,-5.6580891609191895,-3.19173002243042,-2.1869816303253176,-0.736854285001821,44.60784149169922,0.00036900369003690036,0.0,0.0,-7.131674027050179,1.0286617626594659
fat_tail|atr2|trail40|168h|100bps,robinhood,1928,-6.160196738619033,-12.869587898254395,-30.51959800720215,-24.159305000305174,-18.723198890686035,-12.869587898254395,-5.512859463691711,14.260137557983398,61.415663528442366,75.7780362701416,0.005705394190871369,0.002074688796680498,0.0,-8.421351289849111,2.261154551230079
fat_tail|atr2|trail40|168h|100bps,solana,3232,-8.405634595758954,-14.116745471954346,-30.62748146057129,-26.199474906921388,-20.105005264282227,-14.116745471954346,-7.998919486999512,-0.4736762672662529,34.646968841552734,213.08507354736386,0.01577970297029703,0.0,0.0,-11.32176856138569,2.916133965626736
fat_tail|atr2|trail40|168h|200bps,bnb,1516,-3.3799916213294763,-5.779182434082031,-16.824912071228027,-13.294481754302979,-7.943923234939575,-5.779182434082031,-4.116766571998596,-3.5575454235076904,-3.0486814975738525,124.05130043029781,0.01912928759894459,0.0,0.0,-4.893212717056274,1.5132210957267977
fat_tail|atr2|trail40|168h|200bps,ethereum,2710,-7.103012262699899,-6.6580891609191895,-20.01457805633545,-16.034110450744627,-11.568867683410645,-6.6580891609191895,-4.19173002243042,-3.1869816303253176,-1.7368542253971764,43.60784149169922,0.00036900369003690036,0.0,0.0,-8.131674026762868,1.028661764062969
fat_tail|atr2|trail40|168h|200bps,robinhood,1928,-7.160196738016185,-13.869587898254395,-31.51959800720215,-25.159305000305174,-19.723198890686035,-13.869587898254395,-6.512859463691711,13.260137557983398,60.415663528442366,74.7780362701416,0.005705394190871369,0.002074688796680498,0.0,-9.421351289239944,2.2611545512237585
fat_tail|atr2|trail40|168h|200bps,solana,3232,-9.405634586556381,-15.116745471954346,-31.62748146057129,-27.199474906921388,-21.105005264282227,-15.116745471954346,-8.998919486999512,-1.4736763000488076,33.646968841552734,212.08507354736386,0.01577970297029703,0.0,0.0,-12.321768552088185,2.916133965531804
fat_tail|atr2|trail40|168h|300bps,bnb,1516,-4.3799916237671335,-6.779182434082031,-17.824912071228027,-14.294481754302979,-8.943922758102417,-6.779182434082031,-5.116766571998596,-4.55754542350769,-4.048681616783142,123.05130043029781,0.01912928759894459,0.0,0.0,-5.893212719519933,1.5132210957527992
fat_tail|atr2|trail40|168h|300bps,ethereum,2710,-8.103012245350836,-7.6580891609191895,-21.01457805633545,-17.034110450744627,-12.568867683410645,-7.6580891609191895,-5.19173002243042,-4.186981630325318,-2.736854279041357,42.60784149169922,0.00036900369003690036,0.0,0.0,-9.131674009160488,1.0286617638096516
fat_tail|atr2|trail40|168h|300bps,robinhood,1928,-8.160196758111113,-14.869587898254395,-32.51959991455078,-26.159305000305174,-20.723198890686035,-14.869587898254395,-7.512859463691711,12.260137557983398,59.415663528442366,73.7780362701416,0.005186721991701245,0.002074688796680498,0.0,-10.42135130954551,2.261154551434398
fat_tail|atr2|trail40|168h|300bps,solana,3232,-10.40563458891696,-16.116745948791504,-32.62748336791992,-28.199474906921388,-22.105005264282227,-16.116745948791504,-9.998919486999512,-2.4736763000488073,32.646968841552734,211.08507354736386,0.01547029702970297,0.0,0.0,-13.321768554473117,2.9161339655561562
fat_tail|atr2|trail40|24h|100bps,bnb,1844,1.1119070293126379,-3.507366418838501,-14.638167333602905,-11.37253665924072,-5.7541491985321045,-3.507366418838501,0.6035444587469101,17.97482318878176,29.02619943618774,121.8454813385009,0.016268980477223426,0.0,0.0,-0.3026385778083453,1.4145456071209832
fat_tail|atr2|trail40|24h|100bps,ethereum,2712,-4.795889891749989,-5.629989147186279,-19.008113861083984,-15.032696723937988,-10.476892471313477,-5.629989147186279,-3.0349536538124084,-1.8628343462944024,15.684937381744357,60.709325714110605,0.008849557522123894,0.0,0.0,-6.081655679312264,1.2857657875622746
fat_tail|atr2|trail40|24h|100bps,robinhood,1919,-6.1163535784656275,-12.90626049041748,-30.51959800720215,-23.95016746520996,-18.705923080444336,-12.90626049041748,-5.487210988998413,14.260137557983398,61.626816940307606,82.34363525390606,0.006774361646690985,0.0020844189682126106,0.0,-8.474103589444615,2.3577500109789877
fat_tail|atr2|trail40|24h|100bps,solana,3227,-8.271866532973657,-14.085321426391602,-30.62748146057129,-26.196893310546876,-20.105005264282227,-14.085321426391602,-7.916745185852051,1.0462898015975952,34.646968841552734,213.61325805663833,0.01580415246358847,0.0,0.0,-11.191183442794575,2.9193169098209175
fat_tail|atr2|trail40|24h|200bps,bnb,1844,0.11190703017344202,-4.50736665725708,-15.638167333602905,-12.37253665924072,-6.7541491985321045,-4.50736665725708,-0.3964555263519287,16.97482318878176,28.02619943618774,120.8454813385009,0.015726681127982648,0.0,0.0,-1.3026385769385793,1.4145456071120213
fat_tail|atr2|trail40|24h|200bps,ethereum,2712,-5.795889891510978,-6.629989147186279,-20.008113861083984,-16.032697677612305,-11.476892471313477,-6.629989147186279,-4.034953594207764,-2.8628343582153315,14.684937381744357,59.709325714110605,0.008480825958702065,0.0,0.0,-7.081655679070758,1.2857657875597805
fat_tail|atr2|trail40|24h|200bps,robinhood,1919,-7.116353578488923,-13.90626049041748,-31.51959800720215,-24.95016746520996,-19.705923080444336,-13.90626049041748,-6.487210988998413,13.260137557983398,60.626816940307606,81.34363525390606,0.006774361646690985,0.0020844189682126106,0.0,-9.474103589468156,2.357750010979233
fat_tail|atr2|trail40|24h|200bps,solana,3227,-9.271866523165764,-15.085321426391602,-31.62748146057129,-27.196893310546876,-21.105005264282227,-15.085321426391602,-8.91674518585205,0.046289846301078796,33.646968841552734,212.61325805663833,0.01580415246358847,0.0,0.0,-12.19118343288535,2.9193169097195852
fat_tail|atr2|trail40|24h|300bps,bnb,1844,-0.8880929729574609,-5.50736665725708,-16.63816719055176,-13.37253665924072,-7.7541491985321045,-5.50736665725708,-1.396455556154251,15.97482318878176,27.02619943618774,119.8454813385009,0.015726681127982648,0.0,0.0,-2.302638580102078,1.414545607144617
fat_tail|atr2|trail40|24h|300bps,ethereum,2712,-6.795889875152736,-7.629989147186279,-21.008113861083984,-17.032697677612305,-12.476892471313477,-7.629989147186279,-5.034953594207764,-3.8628343582153315,13.684937381744357,58.709325714110605,0.008112094395280236,0.0,0.0,-8.081655662541865,1.2857657873891286
fat_tail|atr2|trail40|24h|300bps,robinhood,1919,-8.1163535976764,-14.90626049041748,-32.51959991455078,-25.95016746520996,-20.705923080444336,-14.90626049041748,-7.487210988998413,12.260137557983398,59.626816940307606,80.34363525390606,0.006253256904637832,0.0020844189682126106,0.0,-10.474103608857712,2.357750011181313
fat_tail|atr2|trail40|24h|300bps,solana,3227,-10.271866525943283,-16.0853214263916,-32.62748336791992,-28.196893310546876,-22.105005264282227,-16.0853214263916,-9.91674518585205,-0.95371013879776,32.646968841552734,211.61325805663833,0.015494267121165169,0.0,0.0,-13.191183435691563,2.9193169097482805
fat_tail|atr2|trail40|72h|100bps,bnb,1554,-2.0354394895076138,-4.67603874206543,-15.69083924293518,-11.996041679382323,-6.901809930801392,-4.67603874206543,-2.9697908759117126,-2.427808332443237,10.725064373016336,124.9254387664795,0.019305019305019305,0.0,0.0,-3.5076883903405447,1.472248900832931
fat_tail|atr2|trail40|72h|100bps,ethereum,2720,-5.998612161550452,-5.6580891609191895,-19.008701515197753,-15.032696723937988,-10.554885864257812,-5.6580891609191895,-3.160045325756073,-2.1518237590789795,2.585715770721412,44.60784149169922,0.0003676470588235294,0.0,0.0,-7.021918377161293,1.023306215610841
fat_tail|atr2|trail40|72h|100bps,robinhood,1928,-6.160196738619033,-12.869587898254395,-30.51959800720215,-24.159305000305174,-18.723198890686035,-12.869587898254395,-5.512859463691711,14.260137557983398,61.415663528442366,75.7780362701416,0.005705394190871369,0.002074688796680498,0.0,-8.421351289849111,2.261154551230079
fat_tail|atr2|trail40|72h|100bps,solana,3232,-8.405634595758954,-14.116745471954346,-30.62748146057129,-26.199474906921388,-20.105005264282227,-14.116745471954346,-7.998919486999512,-0.4736762672662529,34.646968841552734,213.08507354736386,0.01577970297029703,0.0,0.0,-11.32176856138569,2.916133965626736
fat_tail|atr2|trail40|72h|200bps,bnb,1554,-3.0354394852117834,-5.67603874206543,-16.690838623046876,-12.996041679382323,-7.901809930801392,-5.67603874206543,-3.9697908759117126,-3.427808332443237,9.725064373016336,123.9254387664795,0.01866151866151866,0.0,0.0,-4.507688386000025,1.4722489007882413
fat_tail|atr2|trail40|72h|200bps,ethereum,2720,-6.998612159958986,-6.6580891609191895,-20.008701515197753,-16.032697677612305,-11.554885864257812,-6.6580891609191895,-4.160045504570007,-3.1518237590789795,1.5857156574725872,43.60784149169922,0.0003676470588235294,0.0,0.0,-8.02191837696954,1.0233062170105534
fat_tail|atr2|trail40|72h|200bps,robinhood,1928,-7.160196738016185,-13.869587898254395,-31.51959800720215,-25.159305000305174,-19.723198890686035,-13.869587898254395,-6.512859463691711,13.260137557983398,60.415663528442366,74.7780362701416,0.005705394190871369,0.002074688796680498,0.0,-9.421351289239944,2.2611545512237585
fat_tail|atr2|trail40|72h|200bps,solana,3232,-9.405634586556381,-15.116745471954346,-31.62748146057129,-27.199474906921388,-21.105005264282227,-15.116745471954346,-8.998919486999512,-1.4736763000488076,33.646968841552734,212.08507354736386,0.01577970297029703,0.0,0.0,-12.321768552088185,2.916133965531804
fat_tail|atr2|trail40|72h|300bps,bnb,1554,-4.035439486899431,-6.67603874206543,-17.690838623046876,-13.996041679382323,-8.901809930801392,-6.67603874206543,-4.969790697097778,-4.427808570861816,8.725064373016336,122.9254387664795,0.01866151866151866,0.0,0.0,-5.507688387705229,1.4722489008057975
fat_tail|atr2|trail40|72h|300bps,ethereum,2720,-7.998612142521683,-7.6580891609191895,-21.008701515197753,-17.032697677612305,-12.554885864257812,-7.6580891609191895,-5.160045504570007,-4.1518237590789795,0.5857157111167675,42.60784149169922,0.0003676470588235294,0.0,0.0,-9.02191835927858,1.0233062167568967
fat_tail|atr2|trail40|72h|300bps,robinhood,1928,-8.160196758111113,-14.869587898254395,-32.51959991455078,-26.159305000305174,-20.723198890686035,-14.869587898254395,-7.512859463691711,12.260137557983398,59.415663528442366,73.7780362701416,0.005186721991701245,0.002074688796680498,0.0,-10.42135130954551,2.261154551434398
fat_tail|atr2|trail40|72h|300bps,solana,3232,-10.40563458891696,-16.116745948791504,-32.62748336791992,-28.199474906921388,-22.105005264282227,-16.116745948791504,-9.998919486999512,-2.4736763000488073,32.646968841552734,211.08507354736386,0.01547029702970297,0.0,0.0,-13.321768554473117,2.9161339655561562
fat_tail|fixed10|trail20|168h|100bps,bnb,1516,-2.295005009658291,-9.418201446533203,-11.0,-11.0,-11.0,-9.418201446533203,2.7134921550750732,21.714147567749023,27.174824237823486,49.75886402130123,0.0006596306068601583,0.0,0.0,-3.0284170495855314,0.7334120399272406
fat_tail|fixed10|trail20|168h|100bps,ethereum,2257,-6.098925909865937,-11.0,-11.0,-11.0,-11.0,-11.0,-7.588336944580078,6.553336524963381,19.933779525756812,40.326879577636845,0.0,0.0,0.0,-6.89744001761956,0.7985141077536229
fat_tail|fixed10|trail20|168h|100bps,robinhood,1920,-4.404682948772825,-11.0,-12.572879886627197,-11.0,-11.0,-11.0,-2.761889636516571,11.499418163299573,20.390259838104186,51.129698715209926,0.0020833333333333333,0.0,0.0,-5.462122052428312,1.0574391036554873
fat_tail|fixed10|trail20|168h|100bps,solana,3417,-3.9557619095564434,-11.0,-11.0,-11.0,-11.0,-11.0,-6.308324337005615,11.619270896911633,32.54681701660155,88.97075714111328,0.0073163593795727245,0.0,0.0,-5.440965000870091,1.4852030913136476
fat_tail|fixed10|trail20|168h|200bps,bnb,1516,-3.2950050104802626,-10.418201446533203,-12.0,-12.0,-12.0,-10.418201446533203,1.7134921550750732,20.714147567749023,26.174824237823486,48.75886402130123,0.0006596306068601583,0.0,0.0,-4.028417050416271,0.7334120399360087
fat_tail|fixed10|trail20|168h|200bps,ethereum,2257,-7.098925909404608,-12.0,-12.0,-12.0,-12.0,-12.0,-8.588336944580078,5.553336524963381,18.933779525756812,39.326879577636845,0.0,0.0,0.0,-7.897440017153482,0.7985141077488738
fat_tail|fixed10|trail20|168h|200bps,robinhood,1920,-5.404682946647517,-12.0,-13.572879886627197,-12.0,-12.0,-12.0,-3.761889636516571,10.499418163299573,19.390259838104186,50.129698715209926,0.0020833333333333333,0.0,0.0,-6.4621220482728985,1.0574391016253815
fat_tail|fixed10|trail20|168h|200bps,solana,3417,-4.955761908465369,-12.0,-12.0,-12.0,-12.0,-12.0,-7.308324337005615,10.619270896911633,31.546815872192372,87.97075714111328,0.007023705004389816,0.0,0.0,-6.440964999767726,1.485203091302357
fat_tail|fixed10|trail20|168h|300bps,bnb,1516,-4.2950050145581775,-11.418201446533203,-13.0,-13.0,-13.0,-11.418201446533203,0.7134921103715897,19.714147567749023,25.174824237823486,47.75886402130123,0.0006596306068601583,0.0,0.0,-5.028417054537684,0.7334120399795063
fat_tail|fixed10|trail20|168h|300bps,ethereum,2257,-8.09892591015726,-13.0,-13.0,-13.0,-13.0,-13.0,-9.588336944580078,4.553336524963381,17.933779525756812,38.326879577636845,0.0,0.0,0.0,-8.897440017913882,0.7985141077566222
fat_tail|fixed10|trail20|168h|300bps,robinhood,1920,-6.4046829458199985,-13.0,-14.572879886627197,-13.0,-13.0,-13.0,-4.761889696121216,9.499418163299573,18.390259838104186,49.129698715209926,0.0020833333333333333,0.0,0.0,-7.462122047436669,1.0574391016166702
fat_tail|fixed10|trail20|168h|300bps,solana,3417,-5.955761910240388,-13.0,-13.0,-13.0,-13.0,-13.0,-8.308323860168457,9.619270896911633,30.546815872192372,86.97075714111328,0.006438396254023998,0.0,0.0,-7.440965001561113,1.4852030913207255
fat_tail|fixed10|trail20|24h|100bps,bnb,1801,-0.2727313754629051,-2.438246011734009,-11.0,-11.0,-11.0,-2.438246011734009,3.6787660121917725,18.242753982543945,25.20502281188965,47.69015121459961,0.000555247084952804,0.0,0.0,-0.9558730902163731,0.683141714753468
fat_tail|fixed10|trail20|24h|100bps,ethereum,2365,-4.752534777621481,-11.0,-11.0,-11.0,-11.0,-11.0,-2.9474034309387207,14.039162254333469,20.14394187927246,39.039248046875045,0.0,0.0,0.0,-5.520132447758014,0.7675976701365332
fat_tail|fixed10|trail20|24h|100bps,robinhood,1917,-4.307300797594885,-11.0,-11.403540992736815,-11.0,-11.0,-11.0,-2.6258978843688965,11.528311347961434,20.598476791381582,51.147283020019486,0.0020865936358894104,0.0,0.0,-5.3653854860091545,1.0580846884142696
fat_tail|fixed10|trail20|24h|100bps,solana,3408,-3.930786346957289,-11.0,-11.0,-11.0,-11.0,-11.0,-6.273483514785767,11.705542755126956,32.57238426208494,88.9717610168457,0.007335680751173709,0.0,0.0,-5.419693168816698,1.488906821859409
fat_tail|fixed10|trail20|24h|200bps,bnb,1801,-1.2727313793797215,-3.438246011734009,-12.0,-12.0,-12.0,-3.438246011734009,2.6787660121917725,17.242753982543945,24.20502281188965,46.69015121459961,0.000555247084952804,0.0,0.0,-1.9558730941749514,0.6831417147952299
fat_tail|fixed10|trail20|24h|200bps,ethereum,2365,-5.752534775327238,-12.0,-12.0,-12.0,-12.0,-12.0,-3.9474034309387207,13.039162254333469,19.14394187927246,38.039248046875045,0.0,0.0,0.0,-6.52013244544025,0.7675976701130125
fat_tail|fixed10|trail20|24h|200bps,robinhood,1917,-5.307300795295242,-12.0,-12.403540992736815,-12.0,-12.0,-12.0,-3.6258978843688965,10.528311347961434,19.598476791381582,50.147283020019486,0.0020865936358894104,0.0,0.0,-6.365385481674355,1.0580846863791136
fat_tail|fixed10|trail20|24h|200bps,solana,3408,-4.930786345023831,-12.0,-12.0,-12.0,-12.0,-12.0,-7.273483514785767,10.705542755126956,31.57238483428953,87.9717610168457,0.007042253521126761,0.0,0.0,-6.419693166863178,1.4889068218393469
fat_tail|fixed10|trail20|24h|300bps,bnb,1801,-2.27273137592973,-4.43824577331543,-13.0,-13.0,-13.0,-4.43824577331543,1.678765892982483,16.242753982543945,23.20502281188965,45.69015121459961,0.000555247084952804,0.0,0.0,-2.955873090688175,0.6831417147584453
fat_tail|fixed10|trail20|24h|300bps,ethereum,2365,-6.752534777133176,-13.0,-13.0,-13.0,-13.0,-13.0,-4.947403430938721,12.039162254333469,18.14394187927246,37.039248046875045,0.0,0.0,0.0,-7.520132447264704,0.7675976701315275
fat_tail|fixed10|trail20|24h|300bps,robinhood,1917,-6.307300795406982,-13.0,-13.403540992736815,-13.0,-13.0,-13.0,-4.6258978843688965,9.528311347961434,18.598476791381582,49.147283020019486,0.0020865936358894104,0.0,0.0,-7.365385481787273,1.0580846863802913
fat_tail|fixed10|trail20|24h|300bps,solana,3408,-5.930786346523703,-13.0,-13.0,-13.0,-13.0,-13.0,-8.273483753204346,9.705542755126956,30.57238483428953,86.9717610168457,0.006455399061032864,0.0,0.0,-7.419693168378613,1.4889068218549095
fat_tail|fixed10|trail20|72h|100bps,bnb,1657,-2.016018209389344,-8.923493385314941,-11.0,-11.0,-11.0,-8.923493385314941,2.4788577556610107,20.445152664184572,26.632146453857374,48.2751026916505,0.0006035003017501509,0.0,0.0,-2.715451087923607,0.699432878534263
fat_tail|fixed10|trail20|72h|100bps,ethereum,2337,-5.858177538888643,-11.0,-11.0,-11.0,-11.0,-11.0,-5.429556846618652,5.9470958709716815,19.81630554199217,43.47395324707031,0.0,0.0,0.0,-6.670816968909745,0.8126394300211022
fat_tail|fixed10|trail20|72h|100bps,robinhood,1920,-4.404682948772825,-11.0,-12.572879886627197,-11.0,-11.0,-11.0,-2.761889636516571,11.499418163299573,20.390259838104186,51.129698715209926,0.0020833333333333333,0.0,0.0,-5.462122052428312,1.0574391036554873
fat_tail|fixed10|trail20|72h|100bps,solana,3417,-3.9557619095564434,-11.0,-11.0,-11.0,-11.0,-11.0,-6.308324337005615,11.619270896911633,32.54681701660155,88.97075714111328,0.0073163593795727245,0.0,0.0,-5.440965000870091,1.4852030913136476
fat_tail|fixed10|trail20|72h|200bps,bnb,1657,-3.016018210259965,-9.923493385314941,-12.0,-12.0,-12.0,-9.923493385314941,1.4788577556610107,19.445152664184572,25.632146453857374,47.2751026916505,0.0006035003017501509,0.0,0.0,-3.7154510888032526,0.6994328785432877
fat_tail|fixed10|trail20|72h|200bps,ethereum,2337,-6.858177538545125,-12.0,-12.0,-12.0,-12.0,-12.0,-6.429556846618652,4.9470958709716815,18.81630554199217,42.47395324707031,0.0,0.0,0.0,-7.670816968562513,0.8126394300173878
fat_tail|fixed10|trail20|72h|200bps,robinhood,1920,-5.404682946647517,-12.0,-13.572879886627197,-12.0,-12.0,-12.0,-3.761889636516571,10.499418163299573,19.390259838104186,50.129698715209926,0.0020833333333333333,0.0,0.0,-6.4621220482728985,1.0574391016253815
fat_tail|fixed10|trail20|72h|200bps,solana,3417,-4.955761908465369,-12.0,-12.0,-12.0,-12.0,-12.0,-7.308324337005615,10.619270896911633,31.546815872192372,87.97075714111328,0.007023705004389816,0.0,0.0,-6.440964999767726,1.485203091302357
fat_tail|fixed10|trail20|72h|300bps,bnb,1657,-4.016018213983007,-10.923493385314941,-13.0,-13.0,-13.0,-10.923493385314941,0.47885772585868835,18.445152664184572,24.632146453857374,46.2751026916505,0.0006035003017501509,0.0,0.0,-4.715451092564887,0.69943287858188
fat_tail|fixed10|trail20|72h|300bps,ethereum,2337,-7.858177539398141,-13.0,-13.0,-13.0,-13.0,-13.0,-7.429556846618652,3.9470959663391127,17.81630554199217,41.47395324707031,0.0,0.0,0.0,-8.670816969424752,0.8126394300266115
fat_tail|fixed10|trail20|72h|300bps,robinhood,1920,-6.4046829458199985,-13.0,-14.572879886627197,-13.0,-13.0,-13.0,-4.761889696121216,9.499418163299573,18.390259838104186,49.129698715209926,0.0020833333333333333,0.0,0.0,-7.462122047436669,1.0574391016166702
fat_tail|fixed10|trail20|72h|300bps,solana,3417,-5.955761910240388,-13.0,-13.0,-13.0,-13.0,-13.0,-8.308323860168457,9.619270896911633,30.546815872192372,86.97075714111328,0.006438396254023998,0.0,0.0,-7.440965001561113,1.4852030913207255
fat_tail|fixed10|trail30|168h|100bps,bnb,986,-9.367749672874234,-11.0,-11.0,-11.0,-11.0,-11.0,-11.0,-11.0,-11.0,49.6355958938598,0.0,0.0,0.0,-10.09039903493201,0.7226493620577763
fat_tail|fixed10|trail30|168h|100bps,ethereum,2248,-6.958587915475441,-11.0,-11.0,-11.0,-11.0,-11.0,-11.0,3.943541479110712,19.458375167846715,50.88523406982431,0.0,0.0,0.0,-7.722631804247837,0.7640438887723962
fat_tail|fixed10|trail30|168h|100bps,robinhood,1906,-6.537771079061379,-11.0,-17.394117832183838,-11.0,-11.0,-11.0,-11.0,0.21224912256002426,18.90848207473755,52.4401687622071,0.002098635886673662,0.0015739769150052466,0.0,-8.212549410027098,1.6747783309657187
fat_tail|fixed10|trail30|168h|100bps,solana,3379,-5.971255601732406,-11.0,-11.0,-11.0,-11.0,-11.0,-11.0,5.204536724090594,32.45002441406242,75.53682998657206,0.005327019828351583,0.0,0.0,-7.4515176238422525,1.4802620221098461
fat_tail|fixed10|trail30|168h|200bps,bnb,986,-10.367749670274844,-12.0,-12.0,-12.0,-12.0,-12.0,-12.0,-12.0,-12.0,48.6355958938598,0.0,0.0,0.0,-11.090399032305987,0.7226493620311434
fat_tail|fixed10|trail30|168h|200bps,ethereum,2248,-7.958587916705466,-12.0,-12.0,-12.0,-12.0,-12.0,-12.0,2.9435414075851387,18.458375167846715,49.88523406982431,0.0,0.0,0.0,-8.722631805490577,0.7640438887851113
fat_tail|fixed10|trail30|168h|200bps,robinhood,1906,-7.537771079829989,-12.0,-18.394117832183838,-12.0,-12.0,-12.0,-12.0,-0.7877508699893951,17.90848207473755,51.4401687622071,0.002098635886673662,0.0015739769150052466,0.0,-9.212549410803858,1.6747783309738686
fat_tail|fixed10|trail30|168h|200bps,solana,3379,-6.9712555967569,-12.0,-12.0,-12.0,-12.0,-12.0,-12.0,4.204536724090594,31.450022697448652,74.53682998657206,0.005327019828351583,0.0,0.0,-8.451517623377844,1.4802620266209443
fat_tail|fixed10|trail30|168h|300bps,bnb,986,-11.367749670879352,-13.0,-13.0,-13.0,-13.0,-13.0,-13.0,-13.0,-13.0,47.6355958938598,0.0,0.0,0.0,-12.090399032916691,0.7226493620373393
fat_tail|fixed10|trail30|168h|300bps,ethereum,2248,-8.958587918925643,-13.0,-13.0,-13.0,-13.0,-13.0,-13.0,1.943541324138636,17.458375167846715,48.88523406982431,0.0,0.0,0.0,-9.722631807733704,0.764043888808061
fat_tail|fixed10|trail30|168h|300bps,robinhood,1906,-8.537771078782374,-13.0,-19.394117832183838,-13.0,-13.0,-13.0,-13.0,-1.7877508401870728,16.90848207473755,50.4401687622071,0.002098635886673662,0.0015739769150052466,0.0,-10.212549409745133,1.6747783309627593
fat_tail|fixed10|trail30|168h|300bps,solana,3379,-7.9712555995836665,-13.0,-13.0,-13.0,-13.0,-13.0,-13.0,3.2045367240905938,30.45002250671379,73.53682998657206,0.005327019828351583,0.0,0.0,-9.451517626233343,1.4802620266496769
fat_tail|fixed10|trail30|24h|100bps,bnb,1645,-1.3849291991053918,-11.0,-11.0,-11.0,-11.0,-11.0,2.2890751361846924,18.523754501342793,25.137416839599595,45.74493652343747,0.0,0.0,0.0,-1.9810466123180646,0.5961174132126728
fat_tail|fixed10|trail30|24h|100bps,ethereum,2359,-5.169621836690563,-11.0,-11.0,-11.0,-11.0,-11.0,-5.815812110900879,11.759804725647031,21.321309471130363,49.895215072631935,0.0,0.0,0.0,-5.903960136071693,0.7343382993811298
fat_tail|fixed10|trail30|24h|100bps,robinhood,1905,-6.411595875339147,-11.0,-17.307358932495116,-11.0,-11.0,-11.0,-11.0,0.7365021944046027,19.941870117187467,52.45579940795904,0.002099737532808399,0.0015748031496062992,0.0,-8.085923953921057,1.67432807858191
fat_tail|fixed10|trail30|24h|100bps,solana,3377,-5.866478325093652,-11.0,-11.0,-11.0,-11.0,-11.0,-11.0,6.376857471466076,33.9322006225586,75.55693786621072,0.005330174711282203,0.0,0.0,-7.346560298336763,1.4800819732431103
fat_tail|fixed10|trail30|24h|200bps,bnb,1645,-2.3849292004677696,-12.0,-12.0,-12.0,-12.0,-12.0,1.2890750169754028,17.523754501342793,24.137416839599595,44.74493652343747,0.0,0.0,0.0,-2.9810466136946685,0.5961174132268989
fat_tail|fixed10|trail30|24h|200bps,ethereum,2359,-6.169621835732395,-12.0,-12.0,-12.0,-12.0,-12.0,-6.815812110900879,10.759804725647031,20.321309471130363,48.895215072631935,0.0,0.0,0.0,-6.903960135103676,0.7343382993712817
fat_tail|fixed10|trail30|24h|200bps,robinhood,1905,-7.411595875943896,-12.0,-18.307358932495116,-12.0,-12.0,-12.0,-12.0,-0.26349781751632617,18.941870117187467,51.45579940795904,0.002099737532808399,0.0015748031496062992,0.0,-9.085923954532221,1.6743280785883252
fat_tail|fixed10|trail30|24h|200bps,solana,3377,-6.866478319267991,-12.0,-12.0,-12.0,-12.0,-12.0,-12.0,5.376857471466076,32.9322006225586,74.55693786621072,0.005330174711282203,0.0,0.0,-8.346560297016252,1.4800819777482612
fat_tail|fixed10|trail30|24h|300bps,bnb,1645,-3.384929195320514,-13.0,-13.0,-13.0,-13.0,-13.0,0.28907501697540283,16.523754501342793,23.137416839599595,43.74493652343747,0.0,0.0,0.0,-3.981046608493664,0.5961174131731499
fat_tail|fixed10|trail30|24h|300bps,ethereum,2359,-7.169621838717443,-13.0,-13.0,-13.0,-13.0,-13.0,-7.815812110900879,9.759804725647031,19.321309471130363,47.895215072631935,0.0,0.0,0.0,-7.903960138119406,0.7343382994019629
fat_tail|fixed10|trail30|24h|300bps,robinhood,1905,-8.411595875803098,-13.0,-19.307358932495116,-13.0,-13.0,-13.0,-13.0,-1.2634978055953971,17.941870117187467,50.45579940795904,0.002099737532808399,0.0015748031496062992,0.0,-10.08592395438993,1.6743280785868322
fat_tail|fixed10|trail30|24h|300bps,solana,3377,-7.866478321814029,-13.0,-13.0,-13.0,-13.0,-13.0,-13.0,4.376857471466076,31.93219909667969,73.55693786621072,0.005330174711282203,0.0,0.0,-9.346560299588184,1.4800819777741552
fat_tail|fixed10|trail30|72h|100bps,bnb,1159,-7.485635320124047,-11.0,-11.0,-11.0,-11.0,-11.0,-11.0,1.2326581478118896,9.50734415054321,45.42254386901883,0.0,0.0,0.0,-8.181650863922224,0.6960155437981772
fat_tail|fixed10|trail30|72h|100bps,ethereum,2328,-6.578708866823551,-11.0,-11.0,-11.0,-11.0,-11.0,-11.0,4.326210594177259,19.109995174407985,50.303377876281765,0.0,0.0,0.0,-7.3376055759286425,0.7588967091050911
fat_tail|fixed10|trail30|72h|100bps,robinhood,1906,-6.537771079061379,-11.0,-17.394117832183838,-11.0,-11.0,-11.0,-11.0,0.21224912256002426,18.90848207473755,52.4401687622071,0.002098635886673662,0.0015739769150052466,0.0,-8.212549410027098,1.6747783309657187
fat_tail|fixed10|trail30|72h|100bps,solana,3379,-5.971255601732406,-11.0,-11.0,-11.0,-11.0,-11.0,-11.0,5.204536724090594,32.45002441406242,75.53682998657206,0.005327019828351583,0.0,0.0,-7.4515176238422525,1.4802620221098461
fat_tail|fixed10|trail30|72h|200bps,bnb,1159,-8.485635318082208,-12.0,-12.0,-12.0,-12.0,-12.0,-12.0,0.23265815675258644,8.50734415054321,44.42254386901883,0.0,0.0,0.0,-9.181650861859023,0.6960155437768147
fat_tail|fixed10|trail30|72h|200bps,ethereum,2328,-7.57870886849137,-12.0,-12.0,-12.0,-12.0,-12.0,-12.0,3.326210832595838,18.109995174407985,49.303377876281765,0.0,0.0,0.0,-8.337605577613836,0.7588967091224657
fat_tail|fixed10|trail30|72h|200bps,robinhood,1906,-7.537771079829989,-12.0,-18.394117832183838,-12.0,-12.0,-12.0,-12.0,-0.7877508699893951,17.90848207473755,51.4401687622071,0.002098635886673662,0.0015739769150052466,0.0,-9.212549410803858,1.6747783309738686
fat_tail|fixed10|trail30|72h|200bps,solana,3379,-6.9712555967569,-12.0,-12.0,-12.0,-12.0,-12.0,-12.0,4.204536724090594,31.450022697448652,74.53682998657206,0.005327019828351583,0.0,0.0,-8.451517623377844,1.4802620266209443
fat_tail|fixed10|trail30|72h|300bps,bnb,1159,-9.485635317350972,-13.0,-13.0,-13.0,-13.0,-13.0,-13.0,-0.7673418402671813,7.507344150543211,43.42254386901883,0.0,0.0,0.0,-10.181650861120136,0.696015543769164
fat_tail|fixed10|trail30|72h|300bps,ethereum,2328,-8.578708870789074,-13.0,-13.0,-13.0,-13.0,-13.0,-13.0,2.326210832595838,17.109995174407985,48.303377876281765,0.0,0.0,0.0,-9.337605579935472,0.7588967091463985
fat_tail|fixed10|trail30|72h|300bps,robinhood,1906,-8.537771078782374,-13.0,-19.394117832183838,-13.0,-13.0,-13.0,-13.0,-1.7877508401870728,16.90848207473755,50.4401687622071,0.002098635886673662,0.0015739769150052466,0.0,-10.212549409745133,1.6747783309627593
fat_tail|fixed10|trail30|72h|300bps,solana,3379,-7.9712555995836665,-13.0,-13.0,-13.0,-13.0,-13.0,-13.0,3.2045367240905938,30.45002250671379,73.53682998657206,0.005327019828351583,0.0,0.0,-9.451517626233343,1.4802620266496769
fat_tail|fixed10|trail40|168h|100bps,bnb,986,-7.891384009657235,-11.0,-11.0,-11.0,-11.0,-11.0,-11.0,-11.0,-11.0,131.42442169189448,0.016227180527383367,0.0,0.0,-9.462427218429378,1.5710432087721422
fat_tail|fixed10|trail40|168h|100bps,ethereum,2219,-8.592499679195392,-11.0,-11.0,-11.0,-11.0,-11.0,-11.0,-8.868664550781249,3.7884865760803197,61.064314117431735,0.0004506534474988734,0.0,0.0,-9.46908523383905,0.8765855546436576
fat_tail|fixed10|trail40|168h|100bps,robinhood,1892,-7.742032737201415,-11.0,-17.484297084808347,-11.0,-11.0,-11.0,-11.0,-11.0,14.260137557983398,74.53789588928215,0.002642706131078224,0.0015856236786469344,0.0,-9.340917643893548,1.598884906692133
fat_tail|fixed10|trail40|168h|100bps,solana,3282,-8.706780747146704,-11.0,-11.0,-11.0,-11.0,-11.0,-11.0,-11.0,5.047897267341489,58.27455211639407,0.005179768433881779,0.0,0.0,-10.015147975235765,1.308367228089061
fat_tail|fixed10|trail40|168h|200bps,bnb,986,-8.891384009657235,-12.0,-12.0,-12.0,-12.0,-12.0,-12.0,-12.0,-12.0,130.42442169189448,0.016227180527383367,0.0,0.0,-10.462427218429378,1.5710432087721422
fat_tail|fixed10|trail40|168h|200bps,ethereum,2219,-9.592499678231752,-12.0,-12.0,-12.0,-12.0,-12.0,-12.0,-9.868664550781249,2.7884865760803197,60.064314117431735,0.0004506534474988734,0.0,0.0,-10.469085234602428,0.8765855563706761
fat_tail|fixed10|trail40|168h|200bps,robinhood,1892,-8.742032735846763,-12.0,-18.484297084808347,-12.0,-12.0,-12.0,-12.0,-12.0,13.260137557983398,73.53789588928215,0.002642706131078224,0.0015856236786469344,0.0,-10.340917642525156,1.5988849066783928
fat_tail|fixed10|trail40|168h|200bps,solana,3282,-9.70678074505818,-12.0,-12.0,-12.0,-12.0,-12.0,-12.0,-12.0,4.04789725542056,57.27455211639407,0.005179768433881779,0.0,0.0,-11.015147973126028,1.3083672280678478
fat_tail|fixed10|trail40|168h|300bps,bnb,986,-9.891384009536333,-13.0,-13.0,-13.0,-13.0,-13.0,-13.0,-13.0,-13.0,129.42442169189448,0.016227180527383367,0.0,0.0,-11.462427218307237,1.571043208770904
fat_tail|fixed10|trail40|168h|300bps,ethereum,2219,-10.592499678774429,-13.0,-13.0,-13.0,-13.0,-13.0,-13.0,-10.868664550781249,1.7884865880012488,59.064314117431735,0.0004506534474988734,0.0,0.0,-11.46908523515079,0.8765855563763605
fat_tail|fixed10|trail40|168h|300bps,robinhood,1892,-9.742032736461082,-13.0,-19.484297084808347,-13.0,-13.0,-13.0,-13.0,-13.0,12.260137557983398,72.53789588928215,0.0021141649048625794,0.0015856236786469344,0.0,-11.340917643145705,1.5988849066846225
fat_tail|fixed10|trail40|168h|300bps,solana,3282,-10.706780747868606,-13.0,-13.0,-13.0,-13.0,-13.0,-13.0,-13.0,3.04789748191821,56.27455211639407,0.004875076173065204,0.0,0.0,-12.015147975965,1.3083672280963938
fat_tail|fixed10|trail40|24h|100bps,bnb,1645,-0.5000072879005524,-11.0,-11.0,-11.0,-11.0,-11.0,2.199613094329834,18.777136230468766,25.367988967895506,82.09501647949217,0.009726443768996961,0.0,0.0,-1.8889465021293157,1.3889392142287633
fat_tail|fixed10|trail40|24h|100bps,ethereum,2312,-5.859260951075381,-11.0,-11.0,-11.0,-11.0,-11.0,-11.0,5.784436464309693,17.206608200073212,116.33127281188938,0.012110726643598616,0.0,0.0,-7.290901656881287,1.431640705805906
fat_tail|fixed10|trail40|24h|100bps,robinhood,1892,-7.611284733023377,-11.0,-17.327875995635985,-11.0,-11.0,-11.0,-11.0,-11.0,14.260137557983398,74.53789588928215,0.002642706131078224,0.0015856236786469344,0.0,-9.20884331185679,1.5975585788334126
fat_tail|fixed10|trail40|24h|100bps,solana,3277,-8.50076524404025,-11.0,-11.0,-11.0,-11.0,-11.0,-11.0,-11.0,10.854058074951114,58.2969255065917,0.0051876716509002135,0.0,0.0,-9.809053348990574,1.3082881049503232
fat_tail|fixed10|trail40|24h|200bps,bnb,1645,-1.5000072908209847,-12.0,-12.0,-12.0,-12.0,-12.0,1.1996132135391235,17.777136230468766,24.367988967895506,81.09501647949217,0.009726443768996961,0.0,0.0,-2.8889465050802436,1.388939214259259
fat_tail|fixed10|trail40|24h|200bps,ethereum,2312,-6.859260949884641,-12.0,-12.0,-12.0,-12.0,-12.0,-12.0,4.784436464309693,16.206608200073212,115.33127281188938,0.012110726643598616,0.0,0.0,-8.290901655678057,1.4316407057934164
fat_tail|fixed10|trail40|24h|200bps,robinhood,1892,-8.611284731503332,-12.0,-18.327875995635985,-12.0,-12.0,-12.0,-12.0,-12.0,13.260137557983398,73.53789588928215,0.002642706131078224,0.0015856236786469344,0.0,-10.208843310321326,1.5975585788179938
fat_tail|fixed10|trail40|24h|200bps,solana,3277,-9.500765241075479,-12.0,-12.0,-12.0,-12.0,-12.0,-12.0,-12.0,9.854058074951114,57.2969255065917,0.0051876716509002135,0.0,0.0,-10.809053345995641,1.3082881049201625
fat_tail|fixed10|trail40|24h|300bps,bnb,1645,-2.5000072852389232,-13.0,-13.0,-13.0,-13.0,-13.0,0.19961315393447876,16.777136230468766,23.367988967895506,80.09501647949217,0.009726443768996961,0.0,0.0,-3.888946499439893,1.3889392142009696
fat_tail|fixed10|trail40|24h|300bps,ethereum,2312,-7.859260951318282,-13.0,-13.0,-13.0,-13.0,-13.0,-13.0,3.7844362258911137,15.206608629226656,114.33127281188938,0.011678200692041523,0.0,0.0,-9.290901657126737,1.431640705808455
fat_tail|fixed10|trail40|24h|300bps,robinhood,1892,-9.611284733062755,-13.0,-19.327875995635985,-13.0,-13.0,-13.0,-13.0,-13.0,12.260137557983398,72.53789588928215,0.0021141649048625794,0.0015856236786469344,0.0,-11.208843311896569,1.597558578833814
fat_tail|fixed10|trail40|24h|300bps,solana,3277,-10.500765243642372,-13.0,-13.0,-13.0,-13.0,-13.0,-13.0,-13.0,8.854058074951114,56.2969255065917,0.004882514494964907,0.0,0.0,-11.809053348588646,1.308288104946275
fat_tail|fixed10|trail40|72h|100bps,bnb,1159,-6.229641753314762,-11.0,-11.0,-11.0,-11.0,-11.0,-11.0,1.1518235445022589,9.4706916809082,122.8618194580081,0.013805004314063849,0.0,0.0,-7.786161566797056,1.5565198134822946
fat_tail|fixed10|trail40|72h|100bps,ethereum,2324,-8.140003119529627,-11.0,-11.0,-11.0,-11.0,-11.0,-11.0,-2.6700842380523646,4.557033681869502,60.27569602966306,0.0004302925989672978,0.0,0.0,-9.00231644394605,0.8623133244164229
fat_tail|fixed10|trail40|72h|100bps,robinhood,1892,-7.742032737201415,-11.0,-17.484297084808347,-11.0,-11.0,-11.0,-11.0,-11.0,14.260137557983398,74.53789588928215,0.002642706131078224,0.0015856236786469344,0.0,-9.340917643893548,1.598884906692133
fat_tail|fixed10|trail40|72h|100bps,solana,3282,-8.706780747146704,-11.0,-11.0,-11.0,-11.0,-11.0,-11.0,-11.0,5.047897267341489,58.27455211639407,0.005179768433881779,0.0,0.0,-10.015147975235765,1.308367228089061
fat_tail|fixed10|trail40|72h|200bps,bnb,1159,-7.229641753484312,-12.0,-12.0,-12.0,-12.0,-12.0,-12.0,0.15182351469993657,8.4706916809082,121.8618194580081,0.013805004314063849,0.0,0.0,-8.78616156696838,1.5565198134840674
fat_tail|fixed10|trail40|72h|200bps,ethereum,2324,-9.140003118885236,-12.0,-12.0,-12.0,-12.0,-12.0,-12.0,-3.6700842380523646,3.5570338487625075,59.27569602966306,0.0004302925989672978,0.0,0.0,-10.002316444953498,0.8623133260682625
fat_tail|fixed10|trail40|72h|200bps,robinhood,1892,-8.742032735846763,-12.0,-18.484297084808347,-12.0,-12.0,-12.0,-12.0,-12.0,13.260137557983398,73.53789588928215,0.002642706131078224,0.0015856236786469344,0.0,-10.340917642525156,1.5988849066783928
fat_tail|fixed10|trail40|72h|200bps,solana,3282,-9.70678074505818,-12.0,-12.0,-12.0,-12.0,-12.0,-12.0,-12.0,4.04789725542056,57.27455211639407,0.005179768433881779,0.0,0.0,-11.015147973126028,1.3083672280678478
fat_tail|fixed10|trail40|72h|300bps,bnb,1159,-8.229641752135944,-13.0,-13.0,-13.0,-13.0,-13.0,-13.0,-0.8481765031814569,7.4706916809082,120.8618194580081,0.013805004314063849,0.0,0.0,-9.786161565605905,1.5565198134699614
fat_tail|fixed10|trail40|72h|300bps,ethereum,2324,-10.140003119557479,-13.0,-13.0,-13.0,-13.0,-13.0,-13.0,-4.670084238052365,2.5570338487625075,58.27569602966306,0.0004302925989672978,0.0,0.0,-11.002316445632756,0.8623133260752773
fat_tail|fixed10|trail40|72h|300bps,robinhood,1892,-9.742032736461082,-13.0,-19.484297084808347,-13.0,-13.0,-13.0,-13.0,-13.0,12.260137557983398,72.53789588928215,0.0021141649048625794,0.0015856236786469344,0.0,-11.340917643145705,1.5988849066846225
fat_tail|fixed10|trail40|72h|300bps,solana,3282,-10.706780747868606,-13.0,-13.0,-13.0,-13.0,-13.0,-13.0,-13.0,3.04789748191821,56.27455211639407,0.004875076173065204,0.0,0.0,-12.015147975965,1.3083672280963938
fat_tail|fixed20|trail20|168h|100bps,bnb,1451,-3.4093431042716533,-8.584821701049805,-20.501441955566406,-19.46196746826172,-14.55402135848999,-8.584821701049805,3.394716262817383,22.388992309570312,27.904251098632812,56.459556579589844,0.0006891798759476223,0.0,0.0,-4.170071362762927,0.760728258491274
fat_tail|fixed20|trail20|168h|100bps,ethereum,1954,-7.77474886278394,-12.994944095611572,-21.0,-20.98980655670166,-18.587241649627686,-12.994944095611572,-2.1728658080101013,14.053058719635025,20.181789779663085,50.87455238342287,0.0,0.0,0.0,-8.634070532601577,0.8593216698176365
fat_tail|fixed20|trail20|168h|100bps,robinhood,1879,-5.9175187318378635,-11.323318481445312,-21.0,-20.910795211791992,-18.168081283569336,-11.323318481445312,1.9756423830986023,14.206692695617676,26.473816871643052,64.49087066650394,0.0026609898882384245,0.0,0.0,-7.074789644456068,1.1572709126182046
fat_tail|fixed20|trail20|168h|100bps,solana,3356,-3.4684638514804598,-12.241145610809326,-21.0,-20.845458984375,-18.627022743225098,-12.241145610809326,-0.630142942070961,20.483098030090332,56.036864280700684,123.34109535217259,0.015196662693682956,0.0,0.0,-5.397187011155673,1.9287231596752128
fat_tail|fixed20|trail20|168h|200bps,bnb,1451,-4.40934310431915,-9.584821701049805,-21.501441955566406,-20.46196746826172,-15.55402135848999,-9.584821701049805,2.394716262817383,21.388992309570312,26.904251098632812,55.459556579589844,0.0006891798759476223,0.0,0.0,-5.17007136281092,0.7607282584917696
fat_tail|fixed20|trail20|168h|200bps,ethereum,1954,-8.774748837077722,-13.994944095611572,-22.0,-21.98980655670166,-19.587241649627686,-13.994944095611572,-3.1728658080101013,13.053058719635025,19.181789779663085,49.87455238342287,0.0,0.0,0.0,-9.634070506629524,0.859321669551802
fat_tail|fixed20|trail20|168h|200bps,robinhood,1879,-6.917518738587845,-12.323318481445312,-22.0,-21.910795211791992,-19.168081283569336,-12.323318481445312,0.9756423830986023,13.206692695617676,25.473816871643052,63.490867691040066,0.0026609898882384245,0.0,0.0,-8.074789651275001,1.1572709126871557
fat_tail|fixed20|trail20|168h|200bps,solana,3356,-4.468463850169747,-13.241145610809326,-22.0,-21.845458984375,-19.627022743225098,-13.241145610809326,-1.6301429569721222,19.483098030090332,55.036864280700684,122.34109535217259,0.014898688915375448,0.0,0.0,-6.397187009831545,1.9287231596617982
fat_tail|fixed20|trail20|168h|300bps,bnb,1451,-5.409343106310165,-10.584821701049805,-22.501441955566406,-21.46196746826172,-16.554020881652832,-10.584821701049805,1.394716203212738,20.388992309570312,25.904251098632812,54.459556579589844,0.0006891798759476223,0.0,0.0,-6.170071364822733,0.7607282585125681
fat_tail|fixed20|trail20|168h|300bps,ethereum,1954,-9.774748834736545,-14.994944095611572,-23.0,-22.98980655670166,-20.587241649627686,-14.994944095611572,-4.172865867614746,12.053058719635025,18.181789779663085,48.87455238342287,0.0,0.0,0.0,-10.634070504264137,0.859321669527592
fat_tail|fixed20|trail20|168h|300bps,robinhood,1879,-7.917518744566351,-13.323318481445312,-23.0,-22.910795211791992,-20.168081283569336,-13.323318481445312,-0.024357636459171772,12.206692695617676,24.473816871643052,62.49086685180667,0.0026609898882384245,0.0,0.0,-9.074789655263666,1.1572709106973154
fat_tail|fixed20|trail20|168h|300bps,solana,3356,-5.468463844253378,-14.241145610809326,-23.0,-22.845458984375,-20.627022743225098,-14.241145610809326,-2.6301429271698,18.483098030090332,54.036864280700684,121.34109535217259,0.014302741358760428,0.0,0.0,-7.397187003854624,1.9287231596012457
fat_tail|fixed20|trail20|24h|100bps,bnb,1694,-0.4351725702587303,-0.7519386112689972,-19.88965606689453,-18.21997203826904,-11.71957015991211,-0.7519386112689972,4.753543376922607,20.138934898376473,25.924006652832027,52.04087287902822,0.0005903187721369539,0.0,0.0,-1.1259092167582831,0.6907366464995528
fat_tail|fixed20|trail20|24h|100bps,ethereum,2106,-6.067597380110504,-11.355352878570557,-21.0,-20.81906032562256,-17.88149929046631,-11.355352878570557,1.4036574959754944,17.20992088317871,21.008519172668457,46.306619262695065,0.0,0.0,0.0,-6.900993036848963,0.8333956567384586
fat_tail|fixed20|trail20|24h|100bps,robinhood,1884,-5.78950556846817,-11.19231367111206,-21.0,-20.881027603149413,-18.065428256988525,-11.19231367111206,1.8943115174770355,14.858131313323977,26.28524446487425,64.43764801025398,0.002653927813163482,0.0,0.0,-6.942369722551729,1.1528641540835585
fat_tail|fixed20|trail20|24h|100bps,solana,3355,-3.4547109269412464,-12.23608112335205,-21.0,-20.845458984375,-18.608654975891113,-12.23608112335205,-0.6241278946399689,20.486034393310543,56.04406089782711,123.3557444763184,0.015201192250372579,0.0,0.0,-5.383874051604518,1.9291631246632712
fat_tail|fixed20|trail20|24h|200bps,bnb,1694,-1.435172574018313,-1.7519386410713196,-20.88965606689453,-19.21997203826904,-12.71957015991211,-1.7519386410713196,3.7535433173179626,19.138934898376473,24.924006652832027,51.04087287902822,0.0005903187721369539,0.0,0.0,-2.125909220555977,0.6907366465376641
fat_tail|fixed20|trail20|24h|200bps,ethereum,2106,-7.067597351460616,-12.355352878570557,-22.0,-21.81906032562256,-18.88149929046631,-12.355352878570557,0.40365754067897797,16.20992088317871,20.008519172668457,45.306619262695065,0.0,0.0,0.0,-7.900993007896629,0.8333956564360125
fat_tail|fixed20|trail20|24h|200bps,robinhood,1884,-6.789505575279332,-12.19231367111206,-22.0,-21.881027603149413,-19.065428256988525,-12.19231367111206,0.8943115472793579,13.858131313323977,25.28524446487425,63.43764484405526,0.002653927813163482,0.0,0.0,-7.94236972943228,1.1528641541529483
fat_tail|fixed20|trail20|24h|200bps,solana,3355,-4.454710925630143,-13.23608112335205,-22.0,-21.845458984375,-19.608654975891113,-13.23608112335205,-1.6241279244422913,19.486034393310543,55.04406089782711,122.3557444763184,0.014903129657228018,0.0,0.0,-6.383874050279991,1.9291631246498486
fat_tail|fixed20|trail20|24h|300bps,bnb,1694,-2.4351725676235105,-2.751938581466675,-21.88965606689453,-20.21997203826904,-13.71957015991211,-2.751938581466675,2.7535433173179626,18.138934898376473,23.924006652832027,50.04087287902822,0.0005903187721369539,0.0,0.0,-3.12590921409635,0.6907366464728395
fat_tail|fixed20|trail20|24h|300bps,ethereum,2106,-8.067597350736254,-13.355352878570557,-23.0,-22.81906032562256,-19.88149929046631,-13.355352878570557,-0.596342459321022,15.209920883178711,19.008519172668457,44.306619262695065,0.0,0.0,0.0,-8.90099300716462,0.8333956564283671
fat_tail|fixed20|trail20|24h|300bps,robinhood,1884,-7.7895055819459005,-13.19231367111206,-23.0,-22.881027603149413,-20.065428256988525,-13.19231367111206,-0.10568845830857754,12.858131313323977,24.28524446487425,62.437644195556715,0.002653927813163482,0.0,0.0,-8.942369734121351,1.152864152175451
fat_tail|fixed20|trail20|24h|300bps,solana,3355,-5.454710919712011,-14.23608112335205,-23.0,-22.845458984375,-20.608654975891113,-14.23608112335205,-2.6241278648376465,18.486034393310543,54.04406089782711,121.3557444763184,0.014307004470938897,0.0,0.0,-7.383874044301271,1.9291631245892598
fat_tail|fixed20|trail20|72h|100bps,bnb,1592,-3.020270994104487,-7.8478617668151855,-20.32831554412842,-19.34833221435547,-13.597862005233765,-7.8478617668151855,2.9761993885040283,21.636190414428718,27.313428211212134,53.75044006347634,0.000628140703517588,0.0,0.0,-3.7472905890223083,0.7270195949178211
fat_tail|fixed20|trail20|72h|100bps,ethereum,2131,-7.190064660455736,-11.63587760925293,-21.0,-20.887149810791016,-18.147953987121582,-11.63587760925293,-1.4874238967895508,12.710813522338867,20.14394187927246,45.965783691406,0.0,0.0,0.0,-8.025290278668416,0.8352256182126805
fat_tail|fixed20|trail20|72h|100bps,robinhood,1879,-5.9175187318378635,-11.323318481445312,-21.0,-20.910795211791992,-18.168081283569336,-11.323318481445312,1.9756423830986023,14.206692695617676,26.473816871643052,64.49087066650394,0.0026609898882384245,0.0,0.0,-7.074789644456068,1.1572709126182046
fat_tail|fixed20|trail20|72h|100bps,solana,3356,-3.4684638514804598,-12.241145610809326,-21.0,-20.845458984375,-18.627022743225098,-12.241145610809326,-0.630142942070961,20.483098030090332,56.036864280700684,123.34109535217259,0.015196662693682956,0.0,0.0,-5.397187011155673,1.9287231596752128
fat_tail|fixed20|trail20|72h|200bps,bnb,1592,-4.020270994271213,-8.847861766815186,-21.32831554412842,-20.34833221435547,-14.597862005233765,-8.847861766815186,1.9761993885040283,20.636190414428718,26.313428211212134,52.75044006347634,0.000628140703517588,0.0,0.0,-4.747290589190726,0.7270195949195131
fat_tail|fixed20|trail20|72h|200bps,ethereum,2131,-8.190064637036754,-12.63587760925293,-22.0,-21.887149810791016,-19.147953987121582,-12.63587760925293,-2.487423896789551,11.710813522338867,19.14394187927246,44.965783691406,0.0,0.0,0.0,-9.02529025500514,0.835225617968387
fat_tail|fixed20|trail20|72h|200bps,robinhood,1879,-6.917518738587845,-12.323318481445312,-22.0,-21.910795211791992,-19.168081283569336,-12.323318481445312,0.9756423830986023,13.206692695617676,25.473816871643052,63.490867691040066,0.0026609898882384245,0.0,0.0,-8.074789651275001,1.1572709126871557
fat_tail|fixed20|trail20|72h|200bps,solana,3356,-4.468463850169747,-13.241145610809326,-22.0,-21.845458984375,-19.627022743225098,-13.241145610809326,-1.6301429569721222,19.483098030090332,55.036864280700684,122.34109535217259,0.014898688915375448,0.0,0.0,-6.397187009831545,1.9287231596617982
fat_tail|fixed20|trail20|72h|300bps,bnb,1592,-5.020270996077698,-9.847861766815186,-22.32831554412842,-21.34833221435547,-15.597862005233765,-9.847861766815186,0.9761993288993835,19.636190414428718,25.313428211212134,51.75044006347634,0.000628140703517588,0.0,0.0,-5.747290591015552,0.727019594937854
fat_tail|fixed20|trail20|72h|300bps,ethereum,2131,-9.190064634673485,-13.63587760925293,-23.0,-22.887149810791016,-20.147953987121582,-13.63587760925293,-3.487423896789551,10.710813522338867,18.14394187927246,43.965783691406,0.0,0.0,0.0,-10.025290252617218,0.835225617943733
fat_tail|fixed20|trail20|72h|300bps,robinhood,1879,-7.917518744566351,-13.323318481445312,-23.0,-22.910795211791992,-20.168081283569336,-13.323318481445312,-0.024357636459171772,12.206692695617676,24.473816871643052,62.49086685180667,0.0026609898882384245,0.0,0.0,-9.074789655263666,1.1572709106973154
fat_tail|fixed20|trail20|72h|300bps,solana,3356,-5.468463844253378,-14.241145610809326,-23.0,-22.845458984375,-20.627022743225098,-14.241145610809326,-2.6301429271698,18.483098030090332,54.036864280700684,121.34109535217259,0.014302741358760428,0.0,0.0,-7.397187003854624,1.9287231596012457
fat_tail|fixed20|trail30|168h|100bps,bnb,571,-15.045440645134908,-21.0,-21.0,-21.0,-21.0,-21.0,-19.38252830505371,-3.3972909450531006,33.55735969543457,56.78646774291988,0.0,0.0,0.0,-15.905150473974976,0.8597098288400673
fat_tail|fixed20|trail30|168h|100bps,ethereum,1854,-9.171553605101991,-21.0,-21.0,-21.0,-21.0,-21.0,-3.5033841133117676,18.879961395263678,32.08807220458982,65.91683303833013,0.0,0.0,0.0,-9.985419647604207,0.813866042502216
fat_tail|fixed20|trail30|168h|100bps,robinhood,1789,-8.335792730215681,-21.0,-21.961336135864258,-21.0,-21.0,-21.0,-4.432641983032227,27.60960693359378,41.27979736328124,58.55036788940429,0.002794857462269424,0.0016769144773616546,0.0,-10.143101517191521,1.80730878697584
fat_tail|fixed20|trail30|168h|100bps,solana,3217,-5.312645535953146,-21.0,-21.0,-21.0,-21.0,-21.0,-4.410189151763916,37.074981689453146,62.716655731201136,116.17303527832078,0.015231582219459123,0.0,0.0,-7.6619694112886645,2.349323875335519
fat_tail|fixed20|trail30|168h|200bps,bnb,571,-16.045440639067447,-22.0,-22.0,-22.0,-22.0,-22.0,-20.38252830505371,-4.3972907066345215,32.55735969543457,55.78646774291988,0.0,0.0,0.0,-16.905150467843082,0.8597098287756353
fat_tail|fixed20|trail30|168h|200bps,ethereum,1854,-10.171553604359042,-22.0,-22.0,-22.0,-22.0,-22.0,-4.503384113311768,17.879961395263678,31.088073444366437,64.91683303833013,0.0,0.0,0.0,-10.985419646853567,0.8138660424945243
fat_tail|fixed20|trail30|168h|200bps,robinhood,1789,-9.335792732799334,-22.0,-22.961336135864258,-22.0,-22.0,-22.0,-5.432641983032227,26.60960693359378,40.27979736328124,57.55036788940429,0.002794857462269424,0.0016769144773616546,0.0,-11.143101519801434,1.8073087870020998
fat_tail|fixed20|trail30|168h|200bps,solana,3217,-6.312645531352406,-22.0,-22.0,-22.0,-22.0,-22.0,-5.410189151763916,36.074981689453146,61.716655731201136,115.17303527832078,0.015231582219459123,0.0,0.0,-8.661969411432574,2.349323880080168
fat_tail|fixed20|trail30|168h|300bps,bnb,571,-17.04544064157272,-23.0,-23.0,-23.0,-23.0,-23.0,-21.38252830505371,-5.3972907066345215,31.55735969543457,54.78646774291988,0.0,0.0,0.0,-17.90515047037496,0.859709828802238
fat_tail|fixed20|trail30|168h|300bps,ethereum,1854,-11.171553602984162,-23.0,-23.0,-23.0,-23.0,-23.0,-5.503384113311768,16.879961395263678,30.088073444366437,63.91683303833012,0.0,0.0,0.0,-11.985419645464448,0.8138660424802868
fat_tail|fixed20|trail30|168h|300bps,robinhood,1789,-10.335792733651006,-23.0,-23.961336135864258,-23.0,-23.0,-23.0,-6.432641983032227,25.60960693359378,39.27979736328124,56.55036788940429,0.002794857462269424,0.0016769144773616546,0.0,-12.143101520661764,1.8073087870107578
fat_tail|fixed20|trail30|168h|300bps,solana,3217,-7.3126455248918445,-23.0,-23.0,-23.0,-23.0,-23.0,-6.410189151763916,35.074981689453146,60.716655731201136,114.17303527832078,0.012123096052222568,0.0,0.0,-9.661969404905053,2.349323880013208
fat_tail|fixed20|trail30|24h|100bps,bnb,1433,-1.2792445113377928,-0.9990167021751404,-21.0,-21.0,-19.098026275634766,-0.9990167021751404,4.1218366622924805,21.24111671447754,27.546522521972655,47.671410980224614,0.0,0.0,0.0,-1.8988888380514248,0.619644326713632
fat_tail|fixed20|trail30|24h|100bps,ethereum,2013,-6.13078417105418,-14.121529579162598,-21.0,-21.0,-21.0,-14.121529579162598,4.794015884399414,20.028628921508787,31.265004348754882,63.61941146850567,0.0,0.0,0.0,-6.922414195945909,0.7916300248917292
fat_tail|fixed20|trail30|24h|100bps,robinhood,1818,-7.976017064078351,-20.61893367767334,-21.443387031555176,-21.0,-21.0,-20.61893367767334,-4.1363067626953125,26.188293457031246,41.18166236877441,58.35792350769035,0.0027502750275027505,0.0016501650165016502,0.0,-9.788574437904852,1.8125573738265013
fat_tail|fixed20|trail30|24h|100bps,solana,3218,-5.1482019097740475,-21.0,-21.0,-21.0,-21.0,-21.0,-3.9588499665260315,37.31054229736335,62.70669364929192,116.14071052551246,0.015226848974518334,0.0,0.0,-7.495084352287196,2.3468824425131487
fat_tail|fixed20|trail30|24h|200bps,bnb,1433,-2.2792445125013776,-1.9990166425704956,-22.0,-22.0,-20.098026275634766,-1.9990166425704956,3.1218366622924805,20.24111671447754,26.546522521972655,46.671410980224614,0.0,0.0,0.0,-2.898888839227318,0.6196443267259406
fat_tail|fixed20|trail30|24h|200bps,ethereum,2013,-7.130784166866698,-15.121529579162598,-22.0,-22.0,-22.0,-15.121529579162598,3.794016122817993,19.028628921508787,30.265004348754882,62.61941146850567,0.0,0.0,0.0,-7.9224141917142825,0.7916300248475849
fat_tail|fixed20|trail30|24h|200bps,robinhood,1818,-8.976017066973238,-21.61893367767334,-22.443387031555176,-22.0,-22.0,-21.61893367767334,-5.1363067626953125,25.188293457031246,40.18166236877441,57.35792350769035,0.0027502750275027505,0.0016501650165016502,0.0,-10.788574440830313,1.812557373857075
fat_tail|fixed20|trail30|24h|200bps,solana,3218,-6.148201905137693,-22.0,-22.0,-22.0,-22.0,-22.0,-4.958850145339966,36.31054229736335,61.70669364929192,115.14071052551246,0.015226848974518334,0.0,0.0,-8.495084352393633,2.3468824472559398
fat_tail|fixed20|trail30|24h|300bps,bnb,1433,-3.2792445052200176,-2.999016761779785,-23.0,-23.0,-21.098026275634766,-2.999016761779785,2.1218366622924805,19.24111671447754,25.546522521972655,45.671410980224614,0.0,0.0,0.0,-3.898888831868934,0.6196443266489164
fat_tail|fixed20|trail30|24h|300bps,ethereum,2013,-8.130784168987967,-16.121530532836914,-23.0,-23.0,-23.0,-16.121530532836914,2.794016122817993,18.028628921508787,29.265004348754882,61.61941146850567,0.0,0.0,0.0,-8.922414193857914,0.7916300248699475
fat_tail|fixed20|trail30|24h|300bps,robinhood,1818,-9.976017068499829,-22.61893367767334,-23.443387031555176,-23.0,-23.0,-22.61893367767334,-6.1363067626953125,24.188293457031246,39.18166236877441,56.35792350769035,0.0027502750275027505,0.0016501650165016502,0.0,-11.788574442373026,1.8125573738731973
fat_tail|fixed20|trail30|24h|300bps,solana,3218,-7.148201898947712,-23.0,-23.0,-23.0,-23.0,-23.0,-5.958850145339966,35.31054229736335,60.70669364929192,114.14071052551246,0.012119328775637041,0.0,0.0,-9.495084346139517,2.3468824471918053
fat_tail|fixed20|trail30|72h|100bps,bnb,747,-10.78380729375629,-21.0,-21.0,-21.0,-21.0,-21.0,-0.19321346282958984,9.051851844787596,15.539261436462267,53.97614311218255,0.0,0.0,0.0,-11.586424203096803,0.8026169093405127
fat_tail|fixed20|trail30|72h|100bps,ethereum,2031,-8.014187332792533,-19.64995002746582,-21.0,-21.0,-21.0,-19.64995002746582,-0.16439366340637207,19.59145164489746,31.39005184173584,63.32592201232917,0.0,0.0,0.0,-8.818405480046678,0.8042181472541454
fat_tail|fixed20|trail30|72h|100bps,robinhood,1785,-8.27773844935574,-21.0,-21.8039608001709,-21.0,-21.0,-21.0,-4.4051127433776855,27.890504455566504,41.30325927734374,58.551557617187505,0.0028011204481792717,0.0016806722689075631,0.0,-10.088547099428594,1.810808650072854
fat_tail|fixed20|trail30|72h|100bps,solana,3217,-5.312645535953146,-21.0,-21.0,-21.0,-21.0,-21.0,-4.410189151763916,37.074981689453146,62.716655731201136,116.17303527832078,0.015231582219459123,0.0,0.0,-7.6619694112886645,2.349323875335519
fat_tail|fixed20|trail30|72h|200bps,bnb,747,-11.783807289381443,-22.0,-22.0,-22.0,-22.0,-22.0,-1.1932134628295898,8.051851844787596,14.539262104034288,52.97614311218255,0.0,0.0,0.0,-12.586424198674596,0.8026169092931532
fat_tail|fixed20|trail30|72h|200bps,ethereum,2031,-9.014187332765479,-20.64995002746582,-22.0,-22.0,-22.0,-20.64995002746582,-1.164393663406372,18.59145164489746,30.39005184173584,62.32592201232917,0.0,0.0,0.0,-9.81840548001934,0.8042181472538612
fat_tail|fixed20|trail30|72h|200bps,robinhood,1785,-9.277738451945181,-22.0,-22.8039608001709,-22.0,-22.0,-22.0,-5.4051127433776855,26.890504455566504,40.30325927734374,57.551557617187505,0.0028011204481792717,0.0016806722689075631,0.0,-11.088547102044414,1.8108086500992329
fat_tail|fixed20|trail30|72h|200bps,solana,3217,-6.312645531352406,-22.0,-22.0,-22.0,-22.0,-22.0,-5.410189151763916,36.074981689453146,61.716655731201136,115.17303527832078,0.015231582219459123,0.0,0.0,-8.661969411432574,2.349323880080168
fat_tail|fixed20|trail30|72h|300bps,bnb,747,-12.783807289363988,-23.0,-23.0,-23.0,-23.0,-23.0,-2.19321346282959,7.051851749420163,13.539262104034288,51.97614311218255,0.0,0.0,0.0,-13.586424198656951,0.8026169092929631
fat_tail|fixed20|trail30|72h|300bps,ethereum,2031,-10.014187335984296,-21.64995002746582,-23.0,-23.0,-23.0,-21.64995002746582,-2.164393663406372,17.59145164489746,29.39005184173584,61.32592201232917,0.0,0.0,0.0,-10.818405483271787,0.8042181472874912
fat_tail|fixed20|trail30|72h|300bps,robinhood,1785,-10.277738452798763,-23.0,-23.8039608001709,-23.0,-23.0,-23.0,-6.4051127433776855,25.890504455566504,39.30325927734374,56.551557617187505,0.0028011204481792717,0.0016806722689075631,0.0,-12.088547102906691,1.8108086501079281
fat_tail|fixed20|trail30|72h|300bps,solana,3217,-7.3126455248918445,-23.0,-23.0,-23.0,-23.0,-23.0,-6.410189151763916,35.074981689453146,60.716655731201136,114.17303527832078,0.012123096052222568,0.0,0.0,-9.661969404905053,2.349323880013208
fat_tail|fixed20|trail40|168h|100bps,bnb,571,-9.149815148522265,-21.0,-21.0,-21.0,-21.0,-21.0,-21.0,22.790185928344727,96.2504997253418,143.1393554687499,0.050788091068301226,0.0,0.0,-10.842646966782292,1.6928318182600268
fat_tail|fixed20|trail40|168h|100bps,ethereum,1735,-12.607645965704657,-21.0,-21.0,-21.0,-21.0,-21.0,-10.409178733825684,7.8158464431762695,16.86519317626953,75.88550323486359,0.0005763688760806917,0.0,0.0,-13.636149346776389,1.0285033810717312
fat_tail|fixed20|trail40|168h|100bps,robinhood,1765,-9.456012229203502,-21.0,-22.026224517822264,-21.0,-21.0,-21.0,-17.210079193115234,25.140867996215842,62.32238311767578,75.81622406005859,0.0056657223796034,0.0022662889518413596,0.0,-11.66398152277411,2.207969293570608
fat_tail|fixed20|trail40|168h|100bps,solana,2977,-12.080242323708246,-21.0,-21.0,-21.0,-21.0,-21.0,-21.0,10.699512290954603,37.328036499023405,160.63770996093695,0.019146792072556266,0.0,0.0,-14.049907120099544,1.9696647963912977
fat_tail|fixed20|trail40|168h|200bps,bnb,571,-10.149815148522265,-22.0,-22.0,-22.0,-22.0,-22.0,-22.0,21.790185928344727,95.2504997253418,142.1393554687499,0.050788091068301226,0.0,0.0,-11.842646966782292,1.6928318182600268
fat_tail|fixed20|trail40|168h|200bps,ethereum,1735,-13.607645965255903,-22.0,-22.0,-22.0,-22.0,-22.0,-11.409178733825684,6.8158464431762695,15.865192890167235,74.88550323486359,0.0005763688760806917,0.0,0.0,-14.636149346322933,1.0285033810670292
fat_tail|fixed20|trail40|168h|200bps,robinhood,1765,-10.456012230976444,-22.0,-23.026224517822264,-22.0,-22.0,-22.0,-18.210079193115234,24.140867996215842,61.32238311767578,74.81622406005859,0.0056657223796034,0.0022662889518413596,0.0,-12.663981524565319,2.2079692935888744
fat_tail|fixed20|trail40|168h|200bps,solana,2977,-13.080242320634913,-22.0,-22.0,-22.0,-22.0,-22.0,-22.0,9.699512290954603,36.328036499023405,159.63770996093695,0.019146792072556266,0.0,0.0,-15.049907116994925,1.9696647963600125
fat_tail|fixed20|trail40|168h|300bps,bnb,571,-11.149815148313492,-23.0,-23.0,-23.0,-23.0,-23.0,-23.0,20.790185928344727,94.2504997253418,141.1393554687499,0.050788091068301226,0.0,0.0,-12.842646966571301,1.69283181825781
fat_tail|fixed20|trail40|168h|300bps,ethereum,1735,-14.607645965277912,-23.0,-23.0,-23.0,-23.0,-23.0,-12.409178733825684,5.8158464431762695,14.865192890167235,73.88550323486359,0.0005763688760806917,0.0,0.0,-15.63614934634517,1.0285033810672584
fat_tail|fixed20|trail40|168h|300bps,robinhood,1765,-11.456012233272828,-23.0,-24.026224517822264,-23.0,-23.0,-23.0,-19.210079193115234,23.140867996215842,60.32238311767578,73.81622406005859,0.0050991501416430595,0.0022662889518413596,0.0,-13.663981526885363,2.2079692936125355
fat_tail|fixed20|trail40|168h|300bps,solana,2977,-14.08024232241184,-23.0,-23.0,-23.0,-23.0,-23.0,-23.0,8.699512290954603,35.328036499023405,158.63770996093695,0.018810883439704402,0.0,0.0,-16.04990711878994,1.9696647963780993
fat_tail|fixed20|trail40|24h|100bps,bnb,1433,1.0699544827765262,-0.7476280927658081,-21.0,-21.0,-21.0,-0.7476280927658081,4.821663856506348,22.848936080932617,36.436045074462555,125.62258819580083,0.020237264480111653,0.0,0.0,-0.40437660166724126,1.4743310844437674
fat_tail|fixed20|trail40|24h|100bps,ethereum,1946,-7.085849917667008,-21.0,-21.0,-21.0,-21.0,-21.0,0.49604424834251404,17.117484092712402,42.947818756103516,120.49187812805175,0.01644398766700925,0.0,0.0,-8.540424135847255,1.4545742181802472
fat_tail|fixed20|trail40|24h|100bps,robinhood,1796,-9.029091742412417,-21.0,-21.60893440246582,-21.0,-21.0,-21.0,-15.797835350036621,23.496809005737305,62.93544387817383,83.07666587829574,0.0066815144766146995,0.0022271714922048997,0.0,-11.282461712193436,2.253369969781019
fat_tail|fixed20|trail40|24h|100bps,solana,2944,-11.561027733715372,-21.0,-21.0,-21.0,-21.0,-21.0,-20.68674612045288,13.14398241043091,40.01451511383056,161.45912979126018,0.01936141304347826,0.0,0.0,-13.547652894067248,1.9866251603518759
fat_tail|fixed20|trail40|24h|200bps,bnb,1433,0.06995447919527244,-1.747628092765808,-22.0,-22.0,-22.0,-1.747628092765808,3.8216638565063477,21.848936080932617,35.436045074462555,124.62258819580083,0.020237264480111653,0.0,0.0,-1.4043766052863784,1.4743310844816508
fat_tail|fixed20|trail40|24h|200bps,ethereum,1946,-8.08584991393406,-22.0,-22.0,-22.0,-22.0,-22.0,-0.5039557293057442,16.117484092712402,41.947818756103516,119.49187812805175,0.01593011305241521,0.0,0.0,-9.540424132075543,1.4545742181414827
fat_tail|fixed20|trail40|24h|200bps,robinhood,1796,-10.029091745042523,-22.0,-22.60893440246582,-22.0,-22.0,-22.0,-16.797834396362305,22.496809005737305,61.93544387817383,82.07666587829574,0.0066815144766146995,0.0022271714922048997,0.0,-12.282461714850166,2.2533699698076433
fat_tail|fixed20|trail40|24h|200bps,solana,2944,-12.561027729838235,-22.0,-22.0,-22.0,-22.0,-22.0,-21.68674612045288,12.14398241043091,39.01451511383056,160.45912979126018,0.01936141304347826,0.0,0.0,-14.547652890150196,1.9866251603119611
fat_tail|fixed20|trail40|24h|300bps,bnb,1433,-0.9300455124419156,-2.7476279735565186,-23.0,-23.0,-23.0,-2.7476279735565186,2.8216638565063477,20.848936080932617,34.436045074462555,123.62258819580083,0.020237264480111653,0.0,0.0,-2.4043765968351023,1.4743310843931867
fat_tail|fixed20|trail40|24h|300bps,ethereum,1946,-9.085849914287733,-23.0,-23.0,-23.0,-23.0,-23.0,-1.5039557218551636,15.117484092712402,40.947818756103516,118.49187812805175,0.015416238437821172,0.0,0.0,-10.54042413243289,1.4545742181451562
fat_tail|fixed20|trail40|24h|300bps,robinhood,1796,-11.029091745905395,-23.0,-23.60893440246582,-23.0,-23.0,-23.0,-17.797834396362305,21.496809005737305,60.93544387817383,81.07666587829574,0.006124721603563474,0.0022271714922048997,0.0,-13.282461715721775,2.2533699698163794
fat_tail|fixed20|trail40|24h|300bps,solana,2944,-13.561027733323103,-23.0,-23.0,-23.0,-23.0,-23.0,-22.68674612045288,11.14398241043091,38.01451511383056,159.45912979126018,0.019021739130434784,0.0,0.0,-15.547652893670941,1.9866251603478382
fat_tail|fixed20|trail40|72h|100bps,bnb,747,-6.277244832490133,-21.0,-21.0,-21.0,-21.0,-21.0,-0.11663984134793282,10.737288856506343,44.01704330444284,138.5290661621093,0.038821954484605084,0.0,0.0,-7.946291219265388,1.6690463867752543
fat_tail|fixed20|trail40|72h|100bps,ethereum,1968,-10.947314919260277,-21.0,-21.0,-21.0,-21.0,-21.0,-3.1439693570137024,7.8158464431762695,21.267152976989745,71.48215721130367,0.0005081300813008131,0.0,0.0,-11.9242843355318,0.9769694162715226
fat_tail|fixed20|trail40|72h|100bps,robinhood,1762,-9.381177373357312,-21.0,-21.951621437072752,-21.0,-21.0,-21.0,-17.17008113861084,25.185859870910658,62.337501335144026,75.81828216552734,0.0056753688989784334,0.0022701475595913734,0.0,-11.592172401145511,2.210995027788199
fat_tail|fixed20|trail40|72h|100bps,solana,2977,-12.080242323708246,-21.0,-21.0,-21.0,-21.0,-21.0,-21.0,10.699512290954603,37.328036499023405,160.63770996093695,0.019146792072556266,0.0,0.0,-14.049907120099544,1.9696647963912977
fat_tail|fixed20|trail40|72h|200bps,bnb,747,-7.277244832753198,-22.0,-22.0,-22.0,-22.0,-22.0,-1.1166398525238037,9.737288856506343,43.01704330444284,137.5290661621093,0.038821954484605084,0.0,0.0,-8.9462912195313,1.6690463867781027
fat_tail|fixed20|trail40|72h|200bps,ethereum,1968,-11.94731491929435,-22.0,-22.0,-22.0,-22.0,-22.0,-4.143969535827637,6.8158464431762695,20.267152976989745,70.48215721130367,0.0005081300813008131,0.0,0.0,-12.924284335566222,0.9769694162718725
fat_tail|fixed20|trail40|72h|200bps,robinhood,1762,-10.381177375133273,-22.0,-22.951621437072752,-22.0,-22.0,-22.0,-18.17008113861084,24.185859870910658,61.337501335144026,74.81828216552734,0.0056753688989784334,0.0022701475595913734,0.0,-12.592172402939802,2.210995027806529
fat_tail|fixed20|trail40|72h|200bps,solana,2977,-13.080242320634913,-22.0,-22.0,-22.0,-22.0,-22.0,-22.0,9.699512290954603,36.328036499023405,159.63770996093695,0.019146792072556266,0.0,0.0,-15.049907116994925,1.9696647963600125
fat_tail|fixed20|trail40|72h|300bps,bnb,747,-8.27724483066115,-23.0,-23.0,-23.0,-23.0,-23.0,-2.1166398525238037,8.737288856506343,42.01704330444284,136.5290661621093,0.038821954484605084,0.0,0.0,-9.946291217416606,1.669046386755456
fat_tail|fixed20|trail40|72h|300bps,ethereum,1968,-12.947314919206093,-23.0,-23.0,-23.0,-23.0,-23.0,-5.143969535827637,5.8158464431762695,19.267152976989745,69.48215721130367,0.0005081300813008131,0.0,0.0,-13.924284335477058,0.9769694162709648
fat_tail|fixed20|trail40|72h|300bps,robinhood,1762,-11.381177377433566,-23.0,-23.951621437072752,-23.0,-23.0,-23.0,-19.17008113861084,23.185859870910658,60.337501335144026,73.81828216552734,0.00510783200908059,0.0022701475595913734,0.0,-13.592172405263836,2.21099502783027
fat_tail|fixed20|trail40|72h|300bps,solana,2977,-14.08024232241184,-23.0,-23.0,-23.0,-23.0,-23.0,-23.0,8.699512290954603,35.328036499023405,158.63770996093695,0.018810883439704402,0.0,0.0,-16.04990711878994,1.9696647963780993
fat_tail|support|trail20|168h|100bps,bnb,1524,-1.2165763753764527,-4.227518320083618,-16.423189067840575,-11.863747215270996,-7.225860238075256,-4.227518320083618,-1.8094225227832794,21.886194610595705,27.37044801712035,51.77193447113036,0.0006561679790026247,0.0,0.0,-1.9477184653758943,0.7311420899994416
fat_tail|support|trail20|168h|100bps,ethereum,2323,-4.813438361890701,-5.4950995445251465,-19.0160982131958,-15.86752986907959,-11.195321083068848,-5.4950995445251465,-2.3268380165100098,4.395869445800782,17.94559555053712,41.13576217651415,0.0,0.0,0.0,-5.598780914242596,0.7853425523518949
fat_tail|support|trail20|168h|100bps,robinhood,1751,-6.025607333496492,-7.5800862312316895,-21.0,-19.72180938720703,-14.2222580909729,-7.5800862312316895,-1.9730045795440674,9.920258522033691,18.97380256652832,45.410552978515625,0.001142204454597373,0.0,0.0,-6.692353853962045,0.6667465204655532
fat_tail|support|trail20|168h|100bps,solana,2875,-3.6285196304201026,-8.371753692626953,-20.568616676330567,-19.114773559570313,-14.64832353591919,-8.371753692626953,-1.9237008094787598,17.249210739135734,46.51080017089843,88.83994064331053,0.003130434782608696,0.0,0.0,-4.664981502579787,1.036461872159684
fat_tail|support|trail20|168h|200bps,bnb,1524,-2.21657636964063,-5.227518320083618,-17.423189067840575,-12.863747215270996,-8.225860595703125,-5.227518320083618,-2.8094226121902466,20.886194610595705,26.37044801712035,50.77193447113036,0.0006561679790026247,0.0,0.0,-2.9477184595792143,0.7311420899385843
fat_tail|support|trail20|168h|200bps,ethereum,2323,-5.813438360409726,-6.4950995445251465,-20.0160982131958,-16.867530822753906,-12.195321083068848,-6.4950995445251465,-3.3268380165100098,3.3958693027496354,16.94559555053712,40.13576217651415,0.0,0.0,0.0,-6.59878091274616,0.7853425523364344
fat_tail|support|trail20|168h|200bps,robinhood,1751,-7.025607332261731,-8.580086708068848,-22.0,-20.72180938720703,-15.2222580909729,-8.580086708068848,-2.9730045795440674,8.920258522033691,17.97380256652832,44.410552978515625,0.001142204454597373,0.0,0.0,-7.69235385051325,0.6667465182515189
fat_tail|support|trail20|168h|200bps,solana,2875,-4.628519630316807,-9.371753692626953,-21.568616676330567,-20.114773559570313,-15.64832353591919,-9.371753692626953,-2.9237008094787598,16.249210739135734,45.51080017089843,87.83994064331053,0.002782608695652174,0.0,0.0,-5.664981502475438,1.0364618721586316
fat_tail|support|trail20|168h|300bps,bnb,1524,-3.216576366173226,-6.227518320083618,-18.423189067840575,-13.863747215270996,-9.225860595703125,-6.227518320083618,-3.8094226121902466,19.886194610595705,25.37044801712035,49.77193447113036,0.0006561679790026247,0.0,0.0,-3.9477184560750205,0.7311420899017946
fat_tail|support|trail20|168h|300bps,ethereum,2323,-6.813438361234004,-7.4950995445251465,-21.0160982131958,-17.867530822753906,-13.195321083068848,-7.4950995445251465,-4.32683801651001,2.3958693027496354,15.945595645904552,39.13576217651415,0.0,0.0,0.0,-7.598780913579044,0.7853425523450399
fat_tail|support|trail20|168h|300bps,robinhood,1751,-8.025607335615769,-9.580086708068848,-23.0,-21.72180938720703,-16.222257614135742,-9.580086708068848,-3.9730045795440674,7.920258522033691,16.97380256652832,43.410552978515625,0.001142204454597373,0.0,0.0,-8.692353853902125,0.6667465182863559
fat_tail|support|trail20|168h|300bps,solana,2875,-5.6285196331619565,-10.371753692626953,-22.568616676330567,-21.114773559570313,-16.64832305908203,-10.371753692626953,-3.9237008094787598,15.249210166931142,44.51080017089843,86.83994064331053,0.002434782608695652,0.0,0.0,-6.664981505349579,1.0364618721876226
fat_tail|support|trail20|24h|100bps,bnb,1693,-0.23420734323826065,-3.1113860607147217,-15.808806228637694,-11.209362983703612,-6.379038333892822,-3.1113860607147217,0.8658885359764099,18.438953399658203,25.48438529968261,51.27728393554684,0.0005906674542232723,0.0,0.0,-0.9136628633181522,0.6794555200798915
fat_tail|support|trail20|24h|100bps,ethereum,2353,-3.5555760870852713,-4.539990425109863,-18.86563186645508,-15.86752986907959,-10.990001678466797,-4.539990425109863,-1.503514289855957,12.423878097534228,20.14394187927246,40.42204223632817,0.0,0.0,0.0,-4.317840506690972,0.7622644196057009
fat_tail|support|trail20|24h|100bps,robinhood,1745,-5.928928954313031,-7.532999515533447,-21.0,-19.57382469177246,-14.157367706298828,-7.532999515533447,-1.929105281829834,10.047465896606473,18.9770938873291,45.45991409301753,0.001146131805157593,0.0,0.0,-6.596984257811296,0.6680553034982646
fat_tail|support|trail20|24h|100bps,solana,2863,-3.580265317632315,-8.348566055297852,-20.560255813598634,-19.106878662109374,-14.624664783477783,-8.348566055297852,-1.8846400380134583,17.3234661102295,46.529577636718756,88.84899978637696,0.0031435557107928748,0.0,0.0,-4.620622097129709,1.0403567794973938
fat_tail|support|trail20|24h|200bps,bnb,1693,-1.2342073397779132,-4.111386299133301,-16.808806228637696,-12.209362983703612,-7.379038333892822,-4.111386299133301,-0.1341114640235901,17.438953399658203,24.48438529968261,50.27728393554684,0.0005906674542232723,0.0,0.0,-1.9136628598227057,0.6794555200447925
fat_tail|support|trail20|24h|200bps,ethereum,2353,-4.555576084367694,-5.539990425109863,-19.86563186645508,-16.867530822753906,-11.990001678466797,-5.539990425109863,-2.503514289855957,11.423878097534228,19.14394187927246,39.42204223632817,0.0,0.0,0.0,-5.31784050394539,0.7622644195776962
fat_tail|support|trail20|24h|200bps,robinhood,1745,-6.92892895314234,-8.532999038696289,-22.0,-20.57382469177246,-15.157367706298828,-8.532999038696289,-2.929105281829834,9.047465896606473,17.9770938873291,44.45991409301753,0.001146131805157593,0.0,0.0,-7.596984254419545,0.6680553012772048
fat_tail|support|trail20|24h|200bps,solana,2863,-4.580265317528586,-9.348566055297852,-21.560255813598634,-20.106878662109374,-15.624664783477783,-9.348566055297852,-2.8846399784088135,16.3234661102295,45.529577636718756,87.84899978637696,0.0027942717429269995,0.0,0.0,-5.620622097024919,1.0403567794963324
fat_tail|support|trail20|24h|300bps,bnb,1693,-2.2342073293320963,-5.111386299133301,-17.808806228637696,-13.209362983703612,-8.379037857055664,-5.111386299133301,-1.1341115236282349,16.438953399658203,23.48438529968261,49.27728393554684,0.0005906674542232723,0.0,0.0,-2.913662849270935,0.6794555199388386
fat_tail|support|trail20|24h|300bps,ethereum,2353,-5.555576085768042,-6.539990425109863,-20.86563186645508,-17.867530822753906,-12.990001678466797,-6.539990425109863,-3.503514289855957,10.423878097534228,18.14394187927246,38.42204223632817,0.0,0.0,0.0,-6.317840505360168,0.7622644195921264
fat_tail|support|trail20|24h|300bps,robinhood,1745,-7.928928957336227,-9.532999038696289,-23.0,-21.57382469177246,-16.157367706298828,-9.532999038696289,-3.929105281829834,8.047465896606473,16.9770938873291,43.45991409301753,0.001146131805157593,0.0,0.0,-8.596984258657143,0.6680553013209156
fat_tail|support|trail20|24h|300bps,solana,2863,-5.580265320385662,-10.348566055297852,-22.560255813598634,-21.106878662109374,-16.624664306640625,-10.348566055297852,-3.8846399784088135,15.32346668243409,44.529577636718756,86.84899978637696,0.0024449877750611247,0.0,0.0,-6.62062209991123,1.0403567795255686
fat_tail|support|trail20|72h|100bps,bnb,1566,-1.1891298604805598,-4.066469192504883,-16.35857105255127,-11.726938247680664,-7.132275104522705,-4.066469192504883,-1.5889016687870026,21.61220359802246,27.19757604598999,51.482602882385194,0.0006385696040868455,0.0,0.0,-1.900177039500446,0.7110471790198862
fat_tail|support|trail20|72h|100bps,ethereum,2325,-4.808037747095829,-5.492208003997803,-19.006103897094725,-15.86752986907959,-11.194270133972168,-5.492208003997803,-2.310481071472168,4.394212627410888,17.93389091491696,41.08818084716741,0.0,0.0,0.0,-5.592641359917182,0.7846036128213525
fat_tail|support|trail20|72h|100bps,robinhood,1751,-6.025607333496492,-7.5800862312316895,-21.0,-19.72180938720703,-14.2222580909729,-7.5800862312316895,-1.9730045795440674,9.920258522033691,18.97380256652832,45.410552978515625,0.001142204454597373,0.0,0.0,-6.692353853962045,0.6667465204655532
fat_tail|support|trail20|72h|100bps,solana,2875,-3.6285196304201026,-8.371753692626953,-20.568616676330567,-19.114773559570313,-14.64832353591919,-8.371753692626953,-1.9237008094787598,17.249210739135734,46.51080017089843,88.83994064331053,0.003130434782608696,0.0,0.0,-4.664981502579787,1.036461872159684
fat_tail|support|trail20|72h|200bps,bnb,1566,-2.1891298548985714,-5.066469192504883,-17.35857105255127,-12.726938247680664,-8.132275104522705,-5.066469192504883,-2.58890163898468,20.61220359802246,26.19757604598999,50.482602882385194,0.0006385696040868455,0.0,0.0,-2.9001770338608375,0.7110471789622661
fat_tail|support|trail20|72h|200bps,ethereum,2325,-5.808037745641765,-6.492208003997803,-20.006103897094725,-16.867530822753906,-12.194270133972168,-6.492208003997803,-3.310481071472168,3.394212579727172,16.93389091491696,40.08818084716741,0.0,0.0,0.0,-6.592641358447951,0.784603612806186
fat_tail|support|trail20|72h|200bps,robinhood,1751,-7.025607332261731,-8.580086708068848,-22.0,-20.72180938720703,-15.2222580909729,-8.580086708068848,-2.9730045795440674,8.920258522033691,17.97380256652832,44.410552978515625,0.001142204454597373,0.0,0.0,-7.69235385051325,0.6667465182515189
fat_tail|support|trail20|72h|200bps,solana,2875,-4.628519630316807,-9.371753692626953,-21.568616676330567,-20.114773559570313,-15.64832353591919,-9.371753692626953,-2.9237008094787598,16.249210739135734,45.51080017089843,87.83994064331053,0.002782608695652174,0.0,0.0,-5.664981502475438,1.0364618721586316
fat_tail|support|trail20|72h|300bps,bnb,1566,-3.1891298515241626,-6.066469192504883,-18.35857105255127,-13.726938247680664,-9.132275104522705,-6.066469192504883,-3.58890163898468,19.61220359802246,25.19757604598999,49.482602882385194,0.0006385696040868455,0.0,0.0,-3.9001770304515957,0.7110471789274331
fat_tail|support|trail20|72h|300bps,ethereum,2325,-6.8080377464653345,-7.492208003997803,-21.006103897094725,-17.867530822753906,-13.194270133972168,-7.492208003997803,-4.310481071472168,2.394212579727172,15.933891105651824,39.08818084716741,0.0,0.0,0.0,-7.59264135928011,0.7846036128147755
fat_tail|support|trail20|72h|300bps,robinhood,1751,-8.025607335615769,-9.580086708068848,-23.0,-21.72180938720703,-16.222257614135742,-9.580086708068848,-3.9730045795440674,7.920258522033691,16.97380256652832,43.410552978515625,0.001142204454597373,0.0,0.0,-8.692353853902125,0.6667465182863559
fat_tail|support|trail20|72h|300bps,solana,2875,-5.6285196331619565,-10.371753692626953,-22.568616676330567,-21.114773559570313,-16.64832305908203,-10.371753692626953,-3.9237008094787598,15.249210166931142,44.51080017089843,86.83994064331053,0.002434782608695652,0.0,0.0,-6.664981505349579,1.0364618721876226
fat_tail|support|trail30|168h|100bps,bnb,1160,-5.18948171360354,-5.281142234802246,-22.009685707092284,-13.199803066253661,-7.4469499588012695,-5.281142234802246,-2.9309810996055603,-1.7115779876708967,-1.0771989643573772,48.6084706878663,0.0,0.0,0.0,-5.863866515022797,0.674384801419257
fat_tail|support|trail30|168h|100bps,ethereum,2323,-5.822992053944128,-6.357280731201172,-22.958688735961914,-19.117538452148438,-12.237717628479004,-6.357280731201172,-2.677760601043701,5.000948905944824,20.32451820373535,48.36442825317384,0.0,0.0,0.0,-6.541944123877082,0.7189520699329535
fat_tail|support|trail30|168h|100bps,robinhood,1675,-9.402029842502479,-9.455366134643555,-29.539666175842285,-24.945226287841795,-17.561586380004883,-9.455366134643555,-4.1363067626953125,1.103890061378481,13.943189811706542,44.091860504150375,0.0011940298507462687,0.0,0.0,-10.18706382682493,0.7850339843224514
fat_tail|support|trail30|168h|100bps,solana,2790,-6.186656236575122,-10.306361675262451,-29.282457256317137,-25.53671875,-18.741713523864746,-10.306361675262451,-2.6934143900871277,19.52058639526367,48.2183837890625,73.35047554016114,0.0,0.0,0.0,-7.039356381986439,0.8527001454113163
fat_tail|support|trail30|168h|200bps,bnb,1160,-6.189481703731521,-6.281142234802246,-23.009685707092284,-14.199803066253661,-8.44694995880127,-6.281142234802246,-3.9309810996055603,-2.7115779876708967,-2.0771989703178417,47.6084706878663,0.0,0.0,0.0,-6.863866505047586,0.6743848013160649
fat_tail|support|trail30|168h|200bps,ethereum,2323,-6.8229920536799264,-7.357280731201172,-23.958688735961914,-20.117538452148438,-13.237717628479004,-7.357280731201172,-3.677760601043701,4.000948905944824,19.32451820373535,47.36442825317384,0.0,0.0,0.0,-7.541944123610122,0.7189520699301957
fat_tail|support|trail30|168h|200bps,robinhood,1675,-10.402029841893645,-10.455366134643555,-30.539666175842285,-25.945226287841795,-18.561586380004883,-10.455366134643555,-5.1363067626953125,0.1038900896906873,12.943189811706542,43.091860504150375,0.0011940298507462687,0.0,0.0,-11.187063826209853,0.7850339843162075
fat_tail|support|trail30|168h|200bps,solana,2790,-7.186656235283955,-11.306361675262451,-30.282457256317137,-26.53671875,-19.741713523864746,-11.306361675262451,-3.6934143900871277,18.52058639526367,47.2183837890625,72.35047554016114,0.0,0.0,0.0,-8.039356380682182,0.8527001453982272
fat_tail|support|trail30|168h|300bps,bnb,1160,-7.189481696948923,-7.281142234802246,-24.009685707092284,-15.199803066253661,-9.44694995880127,-7.281142234802246,-4.930981278419495,-3.7115779876708967,-3.0771989703178417,46.6084706878663,0.0,0.0,0.0,-7.863866498194089,0.6743848012451661
fat_tail|support|trail30|168h|300bps,ethereum,2323,-7.822992050148678,-8.357280731201172,-24.958688735961914,-21.117538452148438,-14.237717628479004,-8.357280731201172,-4.677760601043701,3.000948905944824,18.32451820373535,46.36442825317384,0.0,0.0,0.0,-8.54194412004201,0.7189520698933309
fat_tail|support|trail30|168h|300bps,robinhood,1675,-11.40202984336152,-11.455366134643555,-31.539666175842285,-26.945226287841795,-19.561586380004883,-11.455366134643555,-6.1363067626953125,-0.8961099028587322,11.943189811706542,42.091860504150375,0.0011940298507462687,0.0,0.0,-12.187063827692779,0.7850339843312586
fat_tail|support|trail30|168h|300bps,solana,2790,-8.186656231896729,-12.306361675262451,-31.282457256317137,-27.53671875,-20.741713523864746,-12.306361675262451,-4.6934144496917725,17.52058639526367,46.2183837890625,71.35047554016114,0.0,0.0,0.0,-9.039356377260617,0.8527001453638885
fat_tail|support|trail30|24h|100bps,bnb,1584,-0.49062022092277974,-3.048782706260681,-17.330153942108154,-11.082516765594482,-6.322134852409363,-3.048782706260681,0.8729322552680969,19.040830230712896,25.94902725219726,46.74303863525398,0.0,0.0,0.0,-1.0741332943454873,0.5835130734227076
fat_tail|support|trail30|24h|100bps,ethereum,2353,-4.10262870521764,-4.8794097900390625,-22.41066551208496,-19.117538452148438,-11.450705528259277,-4.8794097900390625,-1.5166106224060059,13.630548477172885,21.612815475463876,48.33953048706055,0.0,0.0,0.0,-4.79459181745741,0.6919631122397698
fat_tail|support|trail30|24h|100bps,robinhood,1687,-9.309634566933655,-9.455366134643555,-28.937431716918944,-24.450907516479493,-17.561586380004883,-9.455366134643555,-4.1363067626953125,1.1346441507339533,13.920324802398675,43.86466415405249,0.0011855364552459987,0.0,0.0,-10.088087037785124,0.7784524708514695
fat_tail|support|trail30|24h|100bps,solana,2786,-6.182179384678335,-10.343067169189453,-29.284413814544678,-25.537925720214844,-18.75316047668457,-10.343067169189453,-2.6912869215011597,19.52511215209961,48.2183837890625,73.35249671936036,0.0,0.0,0.0,-7.036070773283464,0.8538913886051294
fat_tail|support|trail30|24h|200bps,bnb,1584,-1.4906202167798202,-4.048782825469971,-18.330153942108154,-12.082516765594482,-7.322134852409363,-4.048782825469971,-0.12706773728132248,18.040830230712896,24.94902725219726,45.74303863525398,0.0,0.0,0.0,-2.0741332901602525,0.5835130733804323
fat_tail|support|trail30|24h|200bps,ethereum,2353,-5.102628704416932,-5.8794097900390625,-23.41066551208496,-20.117538452148438,-12.450705528259277,-5.8794097900390625,-2.516610622406006,12.630548477172885,20.612815475463876,47.33953048706055,0.0,0.0,0.0,-5.794591816648451,0.6919631122315186
fat_tail|support|trail30|24h|200bps,robinhood,1687,-10.309634566125993,-10.455366134643555,-29.937431716918944,-25.450907516479493,-18.561586380004883,-10.455366134643555,-5.1363067626953125,0.13464417606592743,12.920324802398675,42.86466415405249,0.0011855364552459987,0.0,0.0,-11.08808703696924,0.7784524708432468
fat_tail|support|trail30|24h|200bps,solana,2786,-7.182179383385314,-11.343067169189453,-30.284413814544678,-26.537925720214844,-19.75316047668457,-11.343067169189453,-3.6912869215011597,18.52511215209961,47.2183837890625,72.35249671936036,0.0,0.0,0.0,-8.036070771977316,0.8538913885920021
fat_tail|support|trail30|24h|300bps,bnb,1584,-2.49062020563636,-5.048782825469971,-19.330153942108154,-13.082516765594482,-8.322134733200073,-5.048782825469971,-1.1270676851272583,17.040830230712896,23.94902725219726,44.74303863525398,0.0,0.0,0.0,-3.074133278903084,0.5835130732667237
fat_tail|support|trail30|24h|300bps,ethereum,2353,-6.102628701802263,-6.8794097900390625,-24.41066551208496,-21.117538452148438,-13.450705528259277,-6.8794097900390625,-3.516610622406006,11.630548477172885,19.612815475463876,46.33953048706055,0.0,0.0,0.0,-6.7945918140068375,0.6919631122045748
fat_tail|support|trail30|24h|300bps,robinhood,1687,-11.309634568396056,-11.455366134643555,-30.937431716918944,-26.450907516479493,-19.561586380004883,-11.455366134643555,-6.1363067626953125,-0.8653558135032597,11.920324802398675,41.86466415405249,0.0011855364552459987,0.0,0.0,-12.088087039262414,0.7784524708663572
fat_tail|support|trail30|24h|300bps,solana,2786,-8.182179379993224,-12.343067169189453,-31.284413814544678,-27.537925720214844,-20.75316047668457,-12.343067169189453,-4.69128692150116,17.52511215209961,46.2183837890625,71.35249671936036,0.0,0.0,0.0,-9.036070768550788,0.8538913885575639
fat_tail|support|trail30|72h|100bps,bnb,1202,-5.014903288867678,-5.06972336769104,-21.75398874282837,-12.540146446228023,-7.30690598487854,-5.06972336769104,-2.7549580931663513,-1.2689292073249778,-0.19321346282958984,48.16262382507325,0.0,0.0,0.0,-5.70900059925021,0.6940973103825323
fat_tail|support|trail30|72h|100bps,ethereum,2325,-5.707924501849038,-6.042516708374023,-22.958688735961914,-19.117538452148438,-12.23068618774414,-6.042516708374023,-2.5202903747558594,5.000948905944824,20.32373237609863,48.36276840209959,0.0,0.0,0.0,-6.425051484693705,0.7171269828446665
fat_tail|support|trail30|72h|100bps,robinhood,1668,-9.295772840605594,-9.424872875213623,-29.179489612579346,-24.60618362426758,-17.36247444152832,-9.424872875213623,-4.1363067626953125,1.1798787713050736,13.954796886444088,44.224391708373886,0.001199040767386091,0.0,0.0,-10.083041148888075,0.7872683082824814
fat_tail|support|trail30|72h|100bps,solana,2790,-6.186656236575122,-10.306361675262451,-29.282457256317137,-25.53671875,-18.741713523864746,-10.306361675262451,-2.6934143900871277,19.52058639526367,48.2183837890625,73.35047554016114,0.0,0.0,0.0,-7.039356381986439,0.8527001454113163
fat_tail|support|trail30|72h|200bps,bnb,1202,-6.014903279340604,-6.06972336769104,-22.75398874282837,-13.540146446228023,-8.30690598487854,-6.06972336769104,-3.7549580931663513,-2.268929100036617,-1.1932134628295898,47.16262382507325,0.0,0.0,0.0,-6.709000589618972,0.6940973102783676
fat_tail|support|trail30|72h|200bps,ethereum,2325,-6.7079245019888365,-7.042516708374023,-23.958688735961914,-20.117538452148438,-13.23068618774414,-7.042516708374023,-3.5202903747558594,4.000948905944824,19.32373237609863,47.36276840209959,0.0,0.0,0.0,-7.425051484834961,0.7171269828461249
fat_tail|support|trail30|72h|200bps,robinhood,1668,-10.295772839994203,-10.424872875213623,-30.179489612579346,-25.60618362426758,-18.36247444152832,-10.424872875213623,-5.1363067626953125,0.1798787988722218,12.954796886444088,43.224391708373886,0.001199040767386091,0.0,0.0,-11.08304114827039,0.787268308276186
fat_tail|support|trail30|72h|200bps,solana,2790,-7.186656235283955,-11.306361675262451,-30.282457256317137,-26.53671875,-19.741713523864746,-11.306361675262451,-3.6934143900871277,18.52058639526367,47.2183837890625,72.35047554016114,0.0,0.0,0.0,-8.039356380682182,0.8527001453982272
fat_tail|support|trail30|72h|300bps,bnb,1202,-7.014903272795003,-7.06972336769104,-23.75398874282837,-14.540146446228023,-9.30690598487854,-7.06972336769104,-4.754958152770996,-3.268929100036617,-2.19321346282959,46.16262382507325,0.0,0.0,0.0,-7.709000583001803,0.6940973102068
fat_tail|support|trail30|72h|300bps,ethereum,2325,-7.7079244984878645,-8.042516708374023,-24.958688735961914,-21.117538452148438,-14.23068618774414,-8.042516708374023,-4.520290374755859,3.000948905944824,18.32373237609863,46.36276840209959,0.0,0.0,0.0,-8.425051481297473,0.7171269828096083
fat_tail|support|trail30|72h|300bps,robinhood,1668,-11.295772841468239,-11.424872875213623,-31.179489612579346,-26.60618362426758,-19.36247444152832,-11.424872875213623,-6.1363067626953125,-0.8201212048530685,11.954796886444088,42.224391708373886,0.001199040767386091,0.0,0.0,-12.083041149759604,0.787268308291365
fat_tail|support|trail30|72h|300bps,solana,2790,-8.186656231896729,-12.306361675262451,-31.282457256317137,-27.53671875,-20.741713523864746,-12.306361675262451,-4.6934144496917725,17.52058639526367,46.2183837890625,71.35047554016114,0.0,0.0,0.0,-9.039356377260617,0.8527001453638885
fat_tail|support|trail40|168h|100bps,bnb,1149,-0.9329902334146857,-4.993528842926025,-18.380656814575197,-11.686554527282714,-7.164453029632568,-4.993528842926025,-2.791041135787964,-1.4999332189559933,38.721744537353516,131.4826837158203,0.0278503046127067,0.0,0.0,-2.457957683683176,1.5249674502684902
fat_tail|support|trail40|168h|100bps,ethereum,2257,-7.11883975690215,-6.936898231506348,-28.95821952819824,-21.89206314086914,-12.784172058105469,-6.936898231506348,-2.894324779510498,-0.7650331497192193,9.12971611022942,54.761466674805014,0.0,0.0,0.0,-7.912296876898277,0.7934571199961269
fat_tail|support|trail40|168h|100bps,robinhood,1650,-12.519857366843658,-12.070439338684082,-35.86963291168213,-30.198011207580567,-20.382509231567383,-12.070439338684082,-5.5400166511535645,-2.1554180383682175,11.568438291549679,35.537918663024904,0.0018181818181818182,0.0,0.0,-13.252268723564066,0.7324113567204087
fat_tail|support|trail40|168h|100bps,solana,2570,-8.436881321558461,-11.889365673065186,-37.062425231933595,-31.494107818603513,-22.078983306884766,-11.889365673065186,-4.848132848739624,2.318182015418992,30.706415367126425,276.09271240234375,0.012840466926070038,0.0,0.0,-12.024330887817275,3.5874495662588135
fat_tail|support|trail40|168h|200bps,bnb,1149,-1.9329902256334004,-5.993528842926025,-19.380656814575197,-12.686554527282714,-8.164453506469727,-5.993528842926025,-3.791041135787964,-2.499933242797851,37.721744537353516,130.4826837158203,0.026979982593559618,0.0,0.0,-3.457957675819766,1.5249674501863655
fat_tail|support|trail40|168h|200bps,ethereum,2257,-8.118839754644199,-7.936898231506348,-29.95821952819824,-22.89206314086914,-13.784172058105469,-7.936898231506348,-3.894324779510498,-1.7650331258773615,8.12971611022942,53.761466674805014,0.0,0.0,0.0,-8.912296876324643,0.7934571216804436
fat_tail|support|trail40|168h|200bps,robinhood,1650,-13.519857362165595,-13.070439338684082,-36.86963291168213,-31.198011207580567,-21.382509231567383,-13.070439338684082,-6.5400166511535645,-3.1554180383682175,10.568438291549679,34.537918663024904,0.0018181818181818182,0.0,0.0,-14.252268718837305,0.7324113566717099
fat_tail|support|trail40|168h|200bps,solana,2570,-9.43688131995818,-12.889365673065186,-38.062425231933595,-32.49410934448242,-23.078983306884766,-12.889365673065186,-5.848132848739624,1.318182015418992,29.706415367126425,275.09271240234375,0.012840466926070038,0.0,0.0,-13.024330886196818,3.5874495662386376
fat_tail|support|trail40|168h|300bps,bnb,1149,-2.9329902190971207,-6.993528842926025,-20.380656814575197,-13.686554527282714,-9.164453506469727,-6.993528842926025,-4.791040897369385,-3.499933242797851,36.721744537353516,129.4826837158203,0.026979982593559618,0.0,0.0,-4.457957669214502,1.5249674501173813
fat_tail|support|trail40|168h|300bps,ethereum,2257,-9.118839758224654,-8.936898231506348,-30.95821952819824,-23.89206314086914,-14.784172058105469,-8.936898231506348,-4.894324779510498,-2.765033197402935,7.1297161102294195,52.761466674805014,0.0,0.0,0.0,-9.912296879941959,0.7934571217173048
fat_tail|support|trail40|168h|300bps,robinhood,1650,-14.51985736147924,-14.070439338684082,-37.86963291168213,-32.1980094909668,-22.382509231567383,-14.070439338684082,-7.5400166511535645,-4.155418062210075,9.568438291549679,33.537918663024904,0.0012121212121212121,0.0,0.0,-15.252268718143803,0.7324113566645636
fat_tail|support|trail40|168h|300bps,solana,2570,-10.43688132775085,-13.889365673065186,-39.062425231933595,-33.49410934448242,-24.078983306884766,-13.889365673065186,-6.848132848739624,0.3181819617748117,28.706415367126425,274.09271240234375,0.012840466926070038,0.0,0.0,-14.02433089408774,3.5874495663368897
fat_tail|support|trail40|24h|100bps,bnb,1573,2.6513989698950726,-2.8282699584960938,-15.16639003753662,-10.08304042816162,-6.099849700927734,-2.8282699584960938,1.2210949659347534,22.102627182006835,38.721744537353516,124.8625079345703,0.020343293070565798,0.0,0.0,1.2452786139987304,1.4061203558963422
fat_tail|support|trail40|24h|100bps,ethereum,2341,-3.73055800129745,-5.085485935211182,-27.84105682373047,-21.648975372314453,-11.75561809539795,-5.085485935211182,-1.9249542951583862,11.569754600524902,28.9298152923584,110.96350708007772,0.01196070055531824,0.0,0.0,-5.113196157153743,1.3826381558562928
fat_tail|support|trail40|24h|100bps,robinhood,1664,-12.405901929685989,-12.032498359680176,-35.745289993286136,-29.181876754760744,-20.357290744781494,-12.032498359680176,-5.539419174194336,-2.093306612968444,11.448079395294144,35.535587501525875,0.0018028846153846155,0.0,0.0,-13.13091134261419,0.7250094129282019
fat_tail|support|trail40|24h|100bps,solana,2575,-8.334034255876125,-11.866192817687988,-37.04271469116211,-31.473770523071288,-22.078983306884766,-11.866192817687988,-4.694345474243164,4.119894218444764,32.308903884887535,276.09271240234375,0.012815533980582524,0.0,0.0,-11.913136062035399,3.579101806159274
fat_tail|support|trail40|24h|200bps,bnb,1573,1.6513989724707894,-3.8282699584960938,-16.166389846801756,-11.08304042816162,-7.099849700927734,-3.8282699584960938,0.2210950255393982,21.102627182006835,37.721744537353516,123.8625079345703,0.019707565162110616,0.0,0.0,0.24527861660091577,1.4061203558698736
fat_tail|support|trail40|24h|200bps,ethereum,2341,-4.730558000742078,-6.085485935211182,-28.84105682373047,-22.648975372314453,-12.75561809539795,-6.085485935211182,-2.9249541759490967,10.569754600524902,27.9298152923584,109.96350708007772,0.01196070055531824,0.0,0.0,-6.113196156592617,1.3826381558505396
fat_tail|support|trail40|24h|200bps,robinhood,1664,-13.40590192484132,-13.032498359680176,-36.745289993286136,-30.181876754760744,-21.357290744781494,-13.032498359680176,-6.539419174194336,-3.093306612968444,10.448079395294144,34.535587501525875,0.0018028846153846155,0.0,0.0,-14.130911337719517,0.7250094128781974
fat_tail|support|trail40|24h|200bps,solana,2575,-9.33403425427895,-12.866192817687988,-38.04271469116211,-32.47377243041992,-23.078983306884766,-12.866192817687988,-5.694345474243164,3.1198942184447644,31.30890579223617,275.09271240234375,0.012815533980582524,0.0,0.0,-12.913136060418129,3.579101806139178
fat_tail|support|trail40|24h|300bps,bnb,1573,0.6513989834648214,-4.828269958496094,-17.166389846801756,-12.08304042816162,-8.099849700927734,-4.828269958496094,-0.7789049744606018,20.102627182006835,36.721744537353516,122.8625079345703,0.019707565162110616,0.0,0.0,-0.7547213722920756,1.4061203557568969
fat_tail|support|trail40|24h|300bps,ethereum,2341,-5.730558006228566,-7.085485935211182,-29.84105682373047,-23.648975372314453,-13.75561809539795,-7.085485935211182,-3.9249541759490967,9.569754600524902,26.9298152923584,108.96350708007772,0.011533532678342588,0.0,0.0,-7.113196162135936,1.3826381559073697
fat_tail|support|trail40|24h|300bps,robinhood,1664,-14.405901925020421,-14.032498359680176,-37.745289993286136,-31.181876754760744,-22.357290744781494,-14.032498359680176,-7.539419174194336,-4.093306684494018,9.448079395294144,33.535587501525875,0.001201923076923077,0.0,0.0,-15.130911337900466,0.7250094128800448
fat_tail|support|trail40|24h|300bps,solana,2575,-10.334034262852184,-13.866192817687988,-39.04271469116211,-33.47377243041992,-24.078983306884766,-13.866192817687988,-6.694345474243164,2.1198941707610484,30.30890579223617,274.09271240234375,0.012815533980582524,0.0,0.0,-13.913136069099242,3.579101806247058
fat_tail|support|trail40|72h|100bps,bnb,1191,-0.9069023876006017,-4.83882999420166,-17.80021858215332,-11.379926681518555,-7.080153465270996,-4.83882999420166,-2.619921922683716,-0.3971436023712158,38.721744537353516,131.13095550537102,0.02686817800167926,0.0,0.0,-2.37727977250773,1.4703773849071282
fat_tail|support|trail40|72h|100bps,ethereum,2301,-6.97985821392473,-6.649005889892578,-28.565153121948242,-21.672300338745117,-12.693476676940918,-6.649005889892578,-2.7649600505828857,1.3254727125167847,8.509790420532227,52.124229431152344,0.0,0.0,0.0,-7.782884440638802,0.8030262267140724
fat_tail|support|trail40|72h|100bps,robinhood,1643,-12.425267052483573,-12.00478458404541,-35.92823371887207,-29.581527709960934,-20.382509231567383,-12.00478458404541,-5.5279860496521,-2.1164994239807156,11.596965312957753,35.53908424377441,0.0018259281801582471,0.0,0.0,-13.159842519999136,0.7345754675155636
fat_tail|support|trail40|72h|100bps,solana,2570,-8.436881321558461,-11.889365673065186,-37.062425231933595,-31.494107818603513,-22.078983306884766,-11.889365673065186,-4.848132848739624,2.318182015418992,30.706415367126425,276.09271240234375,0.012840466926070038,0.0,0.0,-12.024330887817275,3.5874495662588135
fat_tail|support|trail40|72h|200bps,bnb,1191,-1.9069023800937195,-5.83882999420166,-18.80021858215332,-12.379926681518555,-8.080153942108154,-5.83882999420166,-3.619921922683716,-1.3971436023712158,37.721744537353516,130.13095550537102,0.026028547439126783,0.0,0.0,-3.3772797649244417,1.4703773848307222
fat_tail|support|trail40|72h|200bps,ethereum,2301,-7.979858212040228,-7.649005889892578,-29.565153121948242,-22.672300338745117,-13.693476676940918,-7.649005889892578,-3.7649600505828857,0.32547274231910706,7.509790420532227,51.124229431152344,0.0,0.0,0.0,-8.782884440409754,0.803026228369526
fat_tail|support|trail40|72h|200bps,robinhood,1643,-13.425267047785582,-13.00478458404541,-36.92823371887207,-30.581527709960934,-21.382509231567383,-13.00478458404541,-6.5279860496521,-3.1164994239807156,10.596965312957753,34.53908424377441,0.0018259281801582471,0.0,0.0,-14.159842515252027,0.7345754674664455
fat_tail|support|trail40|72h|200bps,solana,2570,-9.43688131995818,-12.889365673065186,-38.062425231933595,-32.49410934448242,-23.078983306884766,-12.889365673065186,-5.848132848739624,1.318182015418992,29.706415367126425,275.09271240234375,0.012840466926070038,0.0,0.0,-13.024330886196818,3.5874495662386376
fat_tail|support|trail40|72h|300bps,bnb,1191,-2.9069023737879385,-6.83882999420166,-19.80021858215332,-13.379926681518555,-9.080153942108154,-6.83882999420166,-4.619921684265137,-2.397143602371216,36.721744537353516,129.13095550537102,0.026028547439126783,0.0,0.0,-4.377279758554479,1.470377384766541
fat_tail|support|trail40|72h|300bps,ethereum,2301,-8.979858215683354,-8.649005889892578,-30.565153121948242,-23.672300338745117,-14.693476676940918,-8.649005889892578,-4.764959812164307,-0.6745272278785706,6.509790420532227,50.124229431152344,0.0,0.0,0.0,-9.78288444409128,0.8030262284079264
fat_tail|support|trail40|72h|300bps,robinhood,1643,-14.4252670470963,-14.00478458404541,-37.92823371887207,-31.581527709960934,-22.382509231567383,-14.00478458404541,-7.5279860496521,-4.116499614715579,9.596965312957753,33.53908424377441,0.0012172854534388314,0.0,0.0,-15.159842514555539,0.7345754674592389
fat_tail|support|trail40|72h|300bps,solana,2570,-10.43688132775085,-13.889365673065186,-39.062425231933595,-33.49410934448242,-24.078983306884766,-13.889365673065186,-6.848132848739624,0.3181819617748117,28.706415367126425,274.09271240234375,0.012840466926070038,0.0,0.0,-14.02433089408774,3.5874495663368897
ladder|atr2|trail40|168h|100bps,bnb,1514,-2.3114699071748097,-4.8061747550964355,-15.83432331085205,-12.305422115325928,-7.016581892967224,-4.8061747550964355,-3.1617589592933655,-2.5716143608093263,-2.1388599991798403,118.54344329833981,0.019815059445178335,0.0,0.0,-3.717876670039066,1.4064067628642563
ladder|atr2|trail40|168h|100bps,ethereum,2693,-5.629743989364746,-5.927250385284424,-19.790457916259765,-15.323112297058106,-10.740182876586914,-5.927250385284424,-3.3161022663116455,-2.3859298229217525,-1.9420702219009396,73.46672546386712,0.0014853323431117712,0.0,0.0,-6.595523415386275,0.9657794260215287
ladder|atr2|trail40|168h|100bps,robinhood,1891,-6.723247044052415,-15.241280555725098,-36.18411445617676,-29.317623138427734,-20.50281524658203,-15.241280555725098,-6.606093406677246,42.20990753173828,73.31060028076172,101.79314193725524,0.010576414595452142,0.0005288207297726071,0.0,-8.95740304250493,2.2341559984525157
ladder|atr2|trail40|168h|100bps,solana,3172,-8.204138339542952,-15.53800916671753,-34.584075927734375,-28.932983779907225,-21.972911834716797,-15.53800916671753,-9.294385433197021,-3.7279814720153723,57.15743923187249,241.34117309570203,0.01639344262295082,0.0,0.0,-10.963379048238135,2.7592407086951827
ladder|atr2|trail40|168h|200bps,bnb,1514,-3.311469902608007,-5.8061747550964355,-16.83432331085205,-13.305422115325928,-8.016581773757935,-5.8061747550964355,-4.161758899688721,-3.5716143608093263,-3.1388599991798403,117.54344329833981,0.01915455746367239,0.0,0.0,-4.7178766654234865,1.4064067628154793
ladder|atr2|trail40|168h|200bps,ethereum,2693,-6.6297439892319465,-6.927250385284424,-20.790457916259765,-16.323112106323244,-11.740182876586914,-6.927250385284424,-4.316102504730225,-3.3859298229217525,-2.94207010269165,72.46672546386712,0.0011139992573338284,0.0,0.0,-7.5955234152521305,0.965779426020184
ladder|atr2|trail40|168h|200bps,robinhood,1891,-7.723247044808899,-16.241281509399414,-37.18411445617676,-30.317623138427734,-21.50281524658203,-16.241281509399414,-7.606093406677246,41.20990753173828,72.31060028076172,100.79314193725524,0.010576414595452142,0.0005288207297726071,0.0,-9.957403047344624,2.234156002535725
ladder|atr2|trail40|168h|200bps,solana,3172,-9.204138327516795,-16.538009643554688,-35.584075927734375,-29.932983779907225,-22.972911834716797,-16.538009643554688,-10.294385433197021,-4.727981233596793,56.15743923187249,240.34117309570203,0.016078184110970995,0.0,0.0,-11.963379036089417,2.759240708572623
ladder|atr2|trail40|168h|300bps,bnb,1514,-4.311469900088392,-6.8061747550964355,-17.83432331085205,-14.305422115325928,-9.016581773757935,-6.8061747550964355,-5.161758899688721,-4.571614360809326,-4.138859844207764,116.54344329833981,0.01915455746367239,0.0,0.0,-5.717876667970013,1.406406767881621
ladder|atr2|trail40|168h|300bps,ethereum,2693,-7.629743969666219,-7.927250385284424,-21.790457916259765,-17.323112106323244,-12.740182876586914,-7.927250385284424,-5.316102504730225,-4.385929775238036,-3.94207010269165,71.46672546386712,0.0011139992573338284,0.0,0.0,-8.59552339548825,0.9657794258220314
ladder|atr2|trail40|168h|300bps,robinhood,1891,-8.723247065612211,-17.241281509399414,-38.18411445617676,-31.317623138427734,-22.50281524658203,-17.241281509399414,-8.606093406677246,40.20990753173828,71.31060028076172,99.79314193725524,0.010047593865679535,0.0005288207297726071,0.0,-10.957403068359081,2.23415600274687
ladder|atr2|trail40|168h|300bps,solana,3172,-10.20413832676516,-17.538009643554688,-36.584075927734375,-30.932983779907225,-23.972911834716797,-17.538009643554688,-11.294385433197021,-5.727981233596793,55.15743923187249,239.34117309570203,0.01544766708701135,0.0,0.0,-12.963379035330123,2.7592407085649633
ladder|atr2|trail40|24h|100bps,bnb,1842,1.1720186902494392,-3.5755584239959717,-14.644317293167113,-11.417528247833252,-5.77816367149353,-3.5755584239959717,0.5197922587394714,18.072442436218306,29.847899913787764,116.15003646850579,0.016286644951140065,0.0,0.0,-0.1444846541891937,1.316503344438633
ladder|atr2|trail40|24h|100bps,ethereum,2708,-4.3552550513688,-5.771528005599976,-19.732840919494627,-15.203499889373779,-10.583197593688965,-5.771528005599976,-3.083873212337494,-2.0088900566101073,19.45896911621095,99.65458099365205,0.009970457902511078,0.0,0.0,-5.650463264157523,1.2952082127887223
ladder|atr2|trail40|24h|100bps,robinhood,1883,-6.823397898592502,-15.147921562194824,-35.9444580078125,-29.030632781982423,-20.40257453918457,-15.147921562194824,-6.568260669708252,39.7384422302246,73.16446990966783,107.97282653808597,0.01168348380244291,0.0005310674455655868,0.0,-9.069830021972852,2.24643212338035
ladder|atr2|trail40|24h|100bps,solana,3167,-7.951248313449406,-15.494966506958008,-34.57445297241211,-28.700629043579102,-21.94583511352539,-15.494966506958008,-9.14355754852295,-3.156852579116814,57.888901138305584,242.83449584961372,0.017050836754025894,0.0,0.0,-10.712308391429591,2.7610600779801855
ladder|atr2|trail40|24h|200bps,bnb,1842,0.17201869111117804,-4.575558423995972,-15.644317293167113,-12.417528247833252,-6.77816367149353,-4.575558423995972,-0.48020777106285095,17.072442436218306,28.847899913787764,115.15003646850579,0.015743756786102063,0.0,0.0,-1.1444846533184736,1.3165033444296517
ladder|atr2|trail40|24h|200bps,ethereum,2708,-5.355255053085626,-6.771528005599976,-20.732840919494627,-16.203499603271485,-11.583197593688965,-6.771528005599976,-4.083873391151428,-3.0088900566101073,18.45896911621095,98.65458099365205,0.009601181683899557,0.0,0.0,-6.650463263045496,1.2952082099598696
ladder|atr2|trail40|24h|200bps,robinhood,1883,-7.823397899910104,-16.147920608520508,-36.9444580078125,-30.030632781982423,-21.40257453918457,-16.147920608520508,-7.568260669708252,38.7384422302246,72.16446990966783,106.97282653808597,0.01168348380244291,0.0005310674455655868,0.0,-10.069830027396907,2.2464321274868038
ladder|atr2|trail40|24h|200bps,solana,3167,-8.951248300802003,-16.494966506958008,-35.57445297241211,-29.700629043579102,-22.94583511352539,-16.494966506958008,-10.14355754852295,-4.156852722167962,56.888901138305584,241.83449584961372,0.01673508051784023,0.0,0.0,-11.712308378653093,2.7610600778510896
ladder|atr2|trail40|24h|300bps,bnb,1842,-0.8279813079459337,-5.575558423995972,-16.644317245483396,-13.417528247833252,-7.77816367149353,-5.575558423995972,-1.4802077412605286,16.072442436218306,27.847899913787764,114.15003646850579,0.015743756786102063,0.0,0.0,-2.144484656550835,1.3165033486049011
ladder|atr2|trail40|24h|300bps,ethereum,2708,-6.355255038107428,-7.771528005599976,-21.732840919494627,-17.203499603271485,-12.583197593688965,-7.771528005599976,-5.083873391151428,-4.008890295028687,17.45896911621095,97.65458099365205,0.009231905465288036,0.0,0.0,-7.65046324506402,1.295208206956592
ladder|atr2|trail40|24h|300bps,robinhood,1883,-8.823397924085912,-17.147920608520508,-37.9444580078125,-31.030632781982423,-22.40257453918457,-17.147920608520508,-8.568260669708252,37.7384422302246,71.16446990966783,105.97282653808597,0.011152416356877323,0.0005310674455655868,0.0,-11.069830051819142,2.2464321277332306
ladder|atr2|trail40|24h|300bps,solana,3167,-9.951248302879321,-17.494966506958008,-36.57445297241211,-30.700629043579102,-23.94583511352539,-17.494966506958008,-11.14355754852295,-5.156852722167962,55.888901138305584,240.83449584961372,0.016103568045468898,0.0,0.0,-12.712308380751614,2.7610600778722922
ladder|atr2|trail40|72h|100bps,bnb,1552,-1.968151482801462,-4.705737352371216,-15.704557561874388,-12.076002979278563,-6.9152374267578125,-4.705737352371216,-3.002031981945038,-2.4637770891189565,10.391565608978269,118.4490463256836,0.019329896907216496,0.0,0.0,-3.3361880947680524,1.3680366119665905
ladder|atr2|trail40|72h|100bps,ethereum,2703,-5.5264381821227,-5.889340400695801,-19.76438636779785,-15.295840454101564,-10.687875270843506,-5.889340400695801,-3.2628333568573,-2.2955970764160147,-1.8352167487144457,73.39142532348633,0.0014798372179060304,0.0,0.0,-6.5174308948427715,0.9909927127200717
ladder|atr2|trail40|72h|100bps,robinhood,1891,-6.723247044052415,-15.241280555725098,-36.18411445617676,-29.317623138427734,-20.50281524658203,-15.241280555725098,-6.606093406677246,42.20990753173828,73.31060028076172,101.79314193725524,0.010576414595452142,0.0005288207297726071,0.0,-8.95740304250493,2.2341559984525157
ladder|atr2|trail40|72h|100bps,solana,3172,-8.149999826432477,-15.53800916671753,-34.584075927734375,-28.932983779907225,-21.972911834716797,-15.53800916671753,-9.294385433197021,-3.7279814720153723,57.15743923187249,241.34117309570203,0.017654476670870115,0.0,0.0,-10.908688805057745,2.7586889786252673
ladder|atr2|trail40|72h|200bps,bnb,1552,-2.9681514785000958,-5.705737352371216,-16.704557037353513,-13.076002979278563,-7.9152374267578125,-5.705737352371216,-4.002031981945038,-3.4637770891189565,9.391565608978269,117.4490463256836,0.018685567010309278,0.0,0.0,-4.336188090421881,1.3680366119217848
ladder|atr2|trail40|72h|200bps,ethereum,2703,-6.526438182084109,-6.889340400695801,-20.76438636779785,-16.29583969116211,-11.687875270843506,-6.889340400695801,-4.2628333568573,-3.2955970764160147,-2.8352168560028064,72.39142532348633,0.0011098779134295228,0.0,0.0,-7.517430894803778,0.9909927127196685
ladder|atr2|trail40|72h|200bps,robinhood,1891,-7.723247044808899,-16.241281509399414,-37.18411445617676,-30.317623138427734,-21.50281524658203,-16.241281509399414,-7.606093406677246,41.20990753173828,72.31060028076172,100.79314193725524,0.010576414595452142,0.0005288207297726071,0.0,-9.957403047344624,2.234156002535725
ladder|atr2|trail40|72h|200bps,solana,3172,-9.14999981440632,-16.538009643554688,-35.584075927734375,-29.932983779907225,-22.972911834716797,-16.538009643554688,-10.294385433197021,-4.727981233596793,56.15743923187249,240.34117309570203,0.01733921815889029,0.0,0.0,-11.908688792909027,2.7586889785027076
ladder|atr2|trail40|72h|300bps,bnb,1552,-3.9681514753508815,-6.705737352371216,-17.704557037353513,-14.076002979278563,-8.915237426757812,-6.705737352371216,-5.002032041549683,-4.463776874542235,8.391565608978269,116.4490463256836,0.018685567010309278,0.0,0.0,-5.336188092206915,1.3680366168560334
ladder|atr2|trail40|72h|300bps,ethereum,2703,-7.526438162437786,-7.889340400695801,-21.76438636779785,-17.29583969116211,-12.687875270843506,-7.889340400695801,-5.2628333568573,-4.295596885681151,-3.8352168560028064,71.39142532348633,0.0011098779134295228,0.0,0.0,-8.51743087495181,0.9909927125140241
ladder|atr2|trail40|72h|300bps,robinhood,1891,-8.723247065612211,-17.241281509399414,-38.18411445617676,-31.317623138427734,-22.50281524658203,-17.241281509399414,-8.606093406677246,40.20990753173828,71.31060028076172,99.79314193725524,0.010047593865679535,0.0005288207297726071,0.0,-10.957403068359081,2.23415600274687
ladder|atr2|trail40|72h|300bps,solana,3172,-10.149999813654684,-17.538009643554688,-36.584075927734375,-30.932983779907225,-23.972911834716797,-17.538009643554688,-11.294385433197021,-5.727981233596793,55.15743923187249,239.34117309570203,0.016708701134930642,0.0,0.0,-12.908688792149732,2.758688978495048
ladder|fixed10|trail40|168h|100bps,bnb,984,-8.074690729621949,-11.0,-11.0,-11.0,-11.0,-11.0,-11.0,-11.0,-11.0,123.35603736877434,0.016260162601626018,0.0,0.0,-9.531636471131499,1.45694574150955
ladder|fixed10|trail40|168h|100bps,ethereum,2164,-8.703071120045323,-11.0,-11.0,-11.0,-11.0,-11.0,-11.0,-11.0,-11.0,72.84217430114744,0.0023105360443622922,0.0,0.0,-9.689636228687846,0.9865651086425231
ladder|fixed10|trail40|168h|100bps,robinhood,1890,-8.145360959774603,-11.0,-17.50357789993286,-11.0,-11.0,-11.0,-11.0,-11.0,-11.0,80.66654861450189,0.0026455026455026454,0.0,0.0,-9.575662152133862,1.4303011923592592
ladder|fixed10|trail40|168h|100bps,solana,3271,-8.032472641961505,-11.0,-11.0,-11.0,-11.0,-11.0,-11.0,-11.0,-11.0,76.17266159057621,0.005197187404463467,0.0,0.0,-9.396327833985016,1.363855192023511
ladder|fixed10|trail40|168h|200bps,bnb,984,-9.074690729621949,-12.0,-12.0,-12.0,-12.0,-12.0,-12.0,-12.0,-12.0,122.35603736877434,0.016260162601626018,0.0,0.0,-10.531636471131499,1.45694574150955
ladder|fixed10|trail40|168h|200bps,ethereum,2164,-9.703071120045323,-12.0,-12.0,-12.0,-12.0,-12.0,-12.0,-12.0,-12.0,71.84217430114744,0.0013863216266173752,0.0,0.0,-10.689636228687846,0.9865651086425231
ladder|fixed10|trail40|168h|200bps,robinhood,1890,-9.145360955233297,-12.0,-18.50357789993286,-12.0,-12.0,-12.0,-12.0,-12.0,-12.0,79.66654861450189,0.0026455026455026454,0.0,0.0,-10.57566215162415,1.430301196390852
ladder|fixed10|trail40|168h|200bps,solana,3271,-9.032472640503732,-12.0,-12.0,-12.0,-12.0,-12.0,-12.0,-12.0,-12.0,75.17266159057621,0.004891470498318557,0.0,0.0,-10.396327832512387,1.3638551920086552
ladder|fixed10|trail40|168h|300bps,bnb,984,-10.0746907218685,-13.0,-13.0,-13.0,-13.0,-13.0,-13.0,-13.0,-13.0,121.35603736877434,0.016260162601626018,0.0,0.0,-11.531636471131499,1.4569457492629994
ladder|fixed10|trail40|168h|300bps,ethereum,2164,-10.703071119604623,-13.0,-13.0,-13.0,-13.0,-13.0,-13.0,-13.0,-13.0,70.84217430114744,0.0013863216266173752,0.0,0.0,-11.68963622824262,0.986565108637997
ladder|fixed10|trail40|168h|300bps,robinhood,1890,-10.145360957756244,-13.0,-19.50357789993286,-13.0,-13.0,-13.0,-13.0,-13.0,-13.0,78.66654861450189,0.0021164021164021165,0.0,0.0,-11.575662154172717,1.4303011964164725
ladder|fixed10|trail40|168h|300bps,solana,3271,-10.03247264166995,-13.0,-13.0,-13.0,-13.0,-13.0,-13.0,-13.0,-13.0,74.17266159057621,0.0045857535921736475,0.0,0.0,-11.39632783369049,1.3638551920205408
ladder|fixed10|trail40|24h|100bps,bnb,1643,-0.6007930815717425,-11.0,-11.0,-11.0,-11.0,-11.0,2.197775363922119,18.798651885986324,25.3712366104126,86.32710617065428,0.009738283627510651,0.0,0.0,-1.9049032699017612,1.3041101883300188
ladder|fixed10|trail40|24h|100bps,ethereum,2309,-5.880820753642521,-11.0,-11.0,-11.0,-11.0,-11.0,-11.0,4.934398269653322,18.984412765502878,115.04139648437503,0.013858813339107838,0.0,0.0,-7.240395695558001,1.3595749419154801
ladder|fixed10|trail40|24h|100bps,robinhood,1890,-8.014474597920186,-11.0,-17.329867458343507,-11.0,-11.0,-11.0,-11.0,-11.0,-11.0,80.66654861450189,0.0026455026455026454,0.0,0.0,-9.44344663962459,1.4289720417044034
ladder|fixed10|trail40|24h|100bps,solana,3266,-7.815678726765398,-11.0,-11.0,-11.0,-11.0,-11.0,-11.0,-11.0,20.986019134521484,82.91091308593707,0.005817513778322106,0.0,0.0,-9.204893539942272,1.3892148131768742
ladder|fixed10|trail40|24h|200bps,bnb,1643,-1.6007930844957299,-12.0,-12.0,-12.0,-12.0,-12.0,1.1977753639221191,17.798651885986324,24.3712366104126,85.32710617065428,0.009738283627510651,0.0,0.0,-2.904903272856319,1.304110188360589
ladder|fixed10|trail40|24h|200bps,ethereum,2309,-6.880820754563759,-12.0,-12.0,-12.0,-12.0,-12.0,-12.0,3.9343980789184583,17.984412765502878,114.04139648437503,0.013425725422260719,0.0,0.0,-8.240395693150013,1.3595749385862543
ladder|fixed10|trail40|24h|200bps,robinhood,1890,-9.014474593213311,-12.0,-18.329867458343507,-12.0,-12.0,-12.0,-12.0,-12.0,-12.0,79.66654861450189,0.0026455026455026454,0.0,0.0,-10.443446638947627,1.4289720457343158
ladder|fixed10|trail40|24h|200bps,solana,3266,-8.815678724429393,-12.0,-12.0,-12.0,-12.0,-12.0,-12.0,-12.0,19.986019134521484,81.91091308593707,0.005511328842620943,0.0,0.0,-10.204893537582423,1.3892148131530302
ladder|fixed10|trail40|24h|300bps,bnb,1643,-2.600793074335854,-13.0,-13.0,-13.0,-13.0,-13.0,0.19777534902095795,16.798651885986324,23.3712366104126,84.32710617065428,0.009738283627510651,0.0,0.0,-3.9049032672823447,1.3041101929464909
ladder|fixed10|trail40|24h|300bps,ethereum,2309,-7.880820758343098,-13.0,-13.0,-13.0,-13.0,-13.0,-13.0,2.9343980789184583,16.984412765502878,113.04139648437503,0.0129926375054136,0.0,0.0,-9.240395693630143,1.3595749352870454
ladder|fixed10|trail40|24h|300bps,robinhood,1890,-10.014474596682364,-13.0,-19.329867458343507,-13.0,-13.0,-13.0,-13.0,-13.0,-13.0,78.66654861450189,0.0021164021164021165,0.0,0.0,-11.443446642451908,1.4289720457695445
ladder|fixed10|trail40|24h|300bps,solana,3266,-9.81567872534874,-13.0,-13.0,-13.0,-13.0,-13.0,-13.0,-13.0,18.986019134521484,80.91091308593707,0.0052051439069197795,0.0,0.0,-11.204893538511154,1.3892148131624147
ladder|fixed10|trail40|72h|100bps,bnb,1157,-6.382667101571109,-11.0,-11.0,-11.0,-11.0,-11.0,-11.0,1.0499952793121408,9.170793533325206,116.95427398681656,0.013828867761452032,0.0,0.0,-7.829410678140949,1.4467435765698395
ladder|fixed10|trail40|72h|100bps,ethereum,2307,-8.192256309973713,-11.0,-11.0,-11.0,-11.0,-11.0,-11.0,-11.0,-0.5529394090175754,72.4713999938965,0.002167316861725184,0.0,0.0,-9.183769512714338,0.9915132027406255
ladder|fixed10|trail40|72h|100bps,robinhood,1890,-8.145360959774603,-11.0,-17.50357789993286,-11.0,-11.0,-11.0,-11.0,-11.0,-11.0,80.66654861450189,0.0026455026455026454,0.0,0.0,-9.575662152133862,1.4303011923592592
ladder|fixed10|trail40|72h|100bps,solana,3271,-8.032472641961505,-11.0,-11.0,-11.0,-11.0,-11.0,-11.0,-11.0,-11.0,76.17266159057621,0.005197187404463467,0.0,0.0,-9.396327833985016,1.363855192023511
ladder|fixed10|trail40|72h|200bps,bnb,1157,-7.382667101740953,-12.0,-12.0,-12.0,-12.0,-12.0,-12.0,0.04999529384077289,8.170793533325206,115.95427398681656,0.013828867761452032,0.0,0.0,-8.829410678312573,1.4467435765716203
ladder|fixed10|trail40|72h|200bps,ethereum,2307,-9.192256310148109,-12.0,-12.0,-12.0,-12.0,-12.0,-12.0,-12.0,-1.5529394507408267,71.4713999938965,0.0013003901170351106,0.0,0.0,-10.183769512890569,0.9915132027424605
ladder|fixed10|trail40|72h|200bps,robinhood,1890,-9.145360955233297,-12.0,-18.50357789993286,-12.0,-12.0,-12.0,-12.0,-12.0,-12.0,79.66654861450189,0.0026455026455026454,0.0,0.0,-10.57566215162415,1.430301196390852
ladder|fixed10|trail40|72h|200bps,solana,3271,-9.032472640503732,-12.0,-12.0,-12.0,-12.0,-12.0,-12.0,-12.0,-12.0,75.17266159057621,0.004891470498318557,0.0,0.0,-10.396327832512387,1.3638551920086552
ladder|fixed10|trail40|72h|300bps,bnb,1157,-8.382667093899169,-13.0,-13.0,-13.0,-13.0,-13.0,-13.0,-0.9500046849250724,7.170794010162364,114.95427398681656,0.013828867761452032,0.0,0.0,-9.82941067705183,1.4467435831526618
ladder|fixed10|trail40|72h|300bps,ethereum,2307,-10.192256309476564,-13.0,-13.0,-13.0,-13.0,-13.0,-13.0,-13.0,-2.552939367294324,70.4713999938965,0.0013003901170351106,0.0,0.0,-11.183769512211963,0.9915132027353994
ladder|fixed10|trail40|72h|300bps,robinhood,1890,-10.145360957756244,-13.0,-19.50357789993286,-13.0,-13.0,-13.0,-13.0,-13.0,-13.0,78.66654861450189,0.0021164021164021165,0.0,0.0,-11.575662154172717,1.4303011964164725
ladder|fixed10|trail40|72h|300bps,solana,3271,-10.03247264166995,-13.0,-13.0,-13.0,-13.0,-13.0,-13.0,-13.0,-13.0,74.17266159057621,0.0045857535921736475,0.0,0.0,-11.39632783369049,1.3638551920205408
ladder|fixed20|trail40|168h|100bps,bnb,567,-9.376100136489464,-21.0,-21.0,-21.0,-21.0,-21.0,-21.0,45.123188018799105,101.13310699462747,132.18018890380864,0.05114638447971781,0.0,0.0,-10.946367365791199,1.5702672293017343
ladder|fixed20|trail40|168h|100bps,ethereum,1496,-11.535388075731655,-21.0,-21.0,-21.0,-21.0,-21.0,-21.0,42.148481369018555,69.39637565612793,94.20805206298826,0.0033422459893048127,0.0,0.0,-12.659343651224841,1.123955575493186
ladder|fixed20|trail40|168h|100bps,robinhood,1727,-10.191557853844515,-21.0,-22.28489532470703,-21.0,-21.0,-21.0,-21.0,45.65403594970705,73.29843978881836,81.63171813964844,0.005790387955993051,0.0005790387955993051,0.0,-12.148622633351994,1.9570647795074798
ladder|fixed20|trail40|168h|100bps,solana,2950,-11.87212711010949,-21.0,-21.0,-21.0,-21.0,-21.0,-21.0,39.37688980102538,58.93592338561996,146.65939331054688,0.020677966101694915,0.0,0.0,-13.805876675351264,1.933749565241774
ladder|fixed20|trail40|168h|200bps,bnb,567,-10.376100136489464,-22.0,-22.0,-22.0,-22.0,-22.0,-22.0,44.123188018799105,100.13310699462747,131.18018890380864,0.05114638447971781,0.0,0.0,-11.946367365791199,1.5702672293017343
ladder|fixed20|trail40|168h|200bps,ethereum,1496,-12.53538807700662,-22.0,-22.0,-22.0,-22.0,-22.0,-22.0,41.148481369018555,68.39637565612793,93.20805206298826,0.002005347593582888,0.0,0.0,-13.65934365251272,1.1239555755060984
ladder|fixed20|trail40|168h|200bps,robinhood,1727,-11.191557850531229,-22.0,-23.28489532470703,-22.0,-22.0,-22.0,-22.0,44.65403594970705,72.29843978881836,80.63171813964844,0.005790387955993051,0.0005790387955993051,0.0,-13.148622634468056,1.9570647839368274
ladder|fixed20|trail40|168h|200bps,solana,2950,-12.87212710493702,-22.0,-22.0,-22.0,-22.0,-22.0,-22.0,38.37688980102538,57.93592338561996,145.65939331054688,0.020338983050847456,0.0,0.0,-14.805876670123862,1.933749565186842
ladder|fixed20|trail40|168h|300bps,bnb,567,-11.376100123033742,-23.0,-23.0,-23.0,-23.0,-23.0,-23.0,43.123188018799105,99.13310699462747,130.18018890380864,0.05114638447971781,0.0,0.0,-12.946367352191565,1.5702672291578228
ladder|fixed20|trail40|168h|300bps,ethereum,1496,-13.53538807700662,-23.0,-23.0,-23.0,-23.0,-23.0,-23.0,40.148481369018555,67.39637565612793,92.20805206298826,0.002005347593582888,0.0,0.0,-14.65934365251272,1.1239555755060984
ladder|fixed20|trail40|168h|300bps,robinhood,1727,-12.191557853844515,-23.0,-24.28489532470703,-23.0,-23.0,-23.0,-23.0,43.65403594970705,71.29843978881836,79.63171813964844,0.0052113491603937466,0.0005790387955993051,0.0,-14.14862263781624,1.9570647839717257
ladder|fixed20|trail40|168h|300bps,solana,2950,-13.87212710493702,-23.0,-23.0,-23.0,-23.0,-23.0,-23.0,37.37688980102538,56.93592338561996,144.65939331054688,0.01966101694915254,0.0,0.0,-15.805876670123862,1.933749565186842
ladder|fixed20|trail40|24h|100bps,bnb,1429,1.008775679660916,-0.810913622379303,-21.0,-21.0,-21.0,-0.810913622379303,4.733998775482178,23.020177078247073,40.390189361572205,118.98994903564454,0.020293911826452064,0.0,0.0,-0.3604650841731956,1.3692407638341115
ladder|fixed20|trail40|24h|100bps,ethereum,1905,-3.6384022652007775,-21.0,-21.0,-21.0,-21.0,-21.0,3.3691840171813965,42.947818756103516,70.51197662353512,121.15763031005865,0.029921259842519685,0.0,0.0,-5.0266326197894875,1.38823035458871
ladder|fixed20|trail40|24h|100bps,robinhood,1775,-9.653563522155016,-21.0,-21.829461669921876,-21.0,-21.0,-21.0,-21.0,43.76659164428714,71.45399017333985,87.61790710449216,0.0067605633802816905,0.0005633802816901409,0.0,-11.617460184231799,1.9638966620767828
ladder|fixed20|trail40|24h|100bps,solana,2920,-11.395439468385423,-21.0,-21.0,-21.0,-21.0,-21.0,-21.0,24.07948169708247,58.03714008331288,147.01008514404293,0.021575342465753426,0.0,0.0,-13.346433336305783,1.95099386792036
ladder|fixed20|trail40|24h|200bps,bnb,1429,0.008775676069637804,-1.8109136819839478,-22.0,-22.0,-22.0,-1.8109136819839478,3.7339985370635986,22.020177078247073,39.390189361572205,117.98994903564454,0.020293911826452064,0.0,0.0,-1.3604650878025708,1.3692407638722086
ladder|fixed20|trail40|24h|200bps,ethereum,1905,-4.638402264487008,-22.0,-22.0,-22.0,-22.0,-22.0,2.3691840171813965,41.947818756103516,69.51197662353512,120.15763031005865,0.028871391076115485,0.0,0.0,-6.026632615020721,1.3882303505337124
ladder|fixed20|trail40|24h|200bps,robinhood,1775,-10.653563521890574,-22.0,-22.829461669921876,-22.0,-22.0,-22.0,-22.0,42.76659164428714,70.45399017333985,86.61790710449216,0.0067605633802816905,0.0005633802816901409,0.0,-12.617460188306932,1.9638966664163586
ladder|fixed20|trail40|24h|200bps,solana,2920,-12.395439465527666,-22.0,-22.0,-22.0,-22.0,-22.0,-22.0,23.07948169708247,57.03714008331288,146.01008514404293,0.021232876712328767,0.0,0.0,-14.34643333341836,1.9509938678906948
ladder|fixed20|trail40|24h|300bps,bnb,1429,-0.9912243102885883,-2.810913562774658,-23.0,-23.0,-23.0,-2.810913562774658,2.7339985370635986,21.020177078247073,38.390189361572205,116.98994903564454,0.020293911826452064,0.0,0.0,-2.3604650794116937,1.3692407691231054
ladder|fixed20|trail40|24h|300bps,ethereum,1905,-5.638402267925813,-23.0,-23.0,-23.0,-23.0,-23.0,1.369184136390686,40.947818756103516,68.51197662353512,119.15763031005865,0.027296587926509186,0.0,0.0,-7.026632614448587,1.388230346522774
ladder|fixed20|trail40|24h|300bps,robinhood,1775,-11.653563525517223,-23.0,-23.829461669921876,-23.0,-23.0,-23.0,-23.0,41.76659164428714,69.45399017333985,85.61790710449216,0.006197183098591549,0.0005633802816901409,0.0,-13.617460191970734,1.9638966664535111
ladder|fixed20|trail40|24h|300bps,solana,2920,-13.395439467147911,-23.0,-23.0,-23.0,-23.0,-23.0,-23.0,22.07948169708247,56.03714008331288,145.01008514404293,0.02054794520547945,0.0,0.0,-15.346433335055426,1.9509938679075152
ladder|fixed20|trail40|72h|100bps,bnb,743,-6.43446328055645,-21.0,-21.0,-21.0,-21.0,-21.0,-0.19321346282958984,10.275321578979494,58.897490310668815,128.69535110473637,0.039030955585464336,0.0,0.0,-7.9812404143047475,1.5467771337482974
ladder|fixed20|trail40|72h|100bps,ethereum,1783,-9.397079869285768,-21.0,-21.0,-21.0,-21.0,-21.0,-14.444065809249878,22.099773406982422,59.91692352294922,93.71282943725588,0.0028042624789680315,0.0,0.0,-10.497936375578469,1.1008565062927005
ladder|fixed20|trail40|72h|100bps,robinhood,1724,-10.116353457599118,-21.0,-22.04648027420044,-21.0,-21.0,-21.0,-21.0,45.72256202697755,73.30452003479003,81.63326171874999,0.00580046403712297,0.000580046403712297,0.0,-12.076066253053904,1.9597127954547862
ladder|fixed20|trail40|72h|100bps,solana,2950,-11.87212711010949,-21.0,-21.0,-21.0,-21.0,-21.0,-21.0,39.37688980102538,58.93592338561996,146.65939331054688,0.020677966101694915,0.0,0.0,-13.805876675351264,1.933749565241774
ladder|fixed20|trail40|72h|200bps,bnb,743,-7.434463280820931,-22.0,-22.0,-22.0,-22.0,-22.0,-1.1932134628295898,9.275321578979494,57.897490310668815,127.69535110473637,0.039030955585464336,0.0,0.0,-8.981240414572106,1.546777133751175
ladder|fixed20|trail40|72h|200bps,ethereum,1783,-10.397079870696073,-22.0,-22.0,-22.0,-22.0,-22.0,-15.444066047668457,21.099773406982422,58.91692352294922,92.71282943725588,0.0016825574873808188,0.0,0.0,-11.497936377003155,1.1008565063070819
ladder|fixed20|trail40|72h|200bps,robinhood,1724,-11.116353454280066,-22.0,-23.04648027420044,-22.0,-22.0,-22.0,-22.0,44.72256202697755,72.30452003479003,80.63326171874999,0.00580046403712297,0.000580046403712297,0.0,-13.076066254171929,1.9597127998918626
ladder|fixed20|trail40|72h|200bps,solana,2950,-12.87212710493702,-22.0,-22.0,-22.0,-22.0,-22.0,-22.0,38.37688980102538,57.93592338561996,145.65939331054688,0.020338983050847456,0.0,0.0,-14.805876670123862,1.933749565186842
ladder|fixed20|trail40|72h|300bps,bnb,743,-8.4344632686097,-23.0,-23.0,-23.0,-23.0,-23.0,-2.19321346282959,8.275321578979494,56.897490310668815,126.6953555297852,0.039030955585464336,0.0,0.0,-9.981240412608093,1.5467771439983924
ladder|fixed20|trail40|72h|300bps,ethereum,1783,-11.39707987004237,-23.0,-23.0,-23.0,-23.0,-23.0,-16.444066047668457,20.099773406982422,57.91692352294922,91.71282943725588,0.0016825574873808188,0.0,0.0,-12.497936376342787,1.100856506300417
ladder|fixed20|trail40|72h|300bps,robinhood,1724,-12.116353457599118,-23.0,-24.04648027420044,-23.0,-23.0,-23.0,-23.0,43.72256202697755,71.30452003479003,79.63326171874999,0.005220417633410673,0.000580046403712297,0.0,-14.076066257526,1.9597127999268817
ladder|fixed20|trail40|72h|300bps,solana,2950,-13.87212710493702,-23.0,-23.0,-23.0,-23.0,-23.0,-23.0,37.37688980102538,56.93592338561996,144.65939331054688,0.01966101694915254,0.0,0.0,-15.805876670123862,1.933749565186842
ladder|support|trail40|168h|100bps,bnb,1144,-1.3875385288383577,-5.06972336769104,-32.95594539642334,-12.043243598937988,-7.18265688419342,-5.06972336769104,-2.811815857887268,-1.5456733822822566,53.79130935668945,123.39341491699214,0.027972027972027972,0.0,0.0,-2.8059745078162677,1.41843597897791
ladder|support|trail40|168h|100bps,ethereum,2122,-4.030925568772531,-6.946223735809326,-26.231916618347167,-21.25479393005371,-12.72277021408081,-6.946223735809326,-3.0078293681144714,-1.1997447729110715,48.00443649291992,88.32492614746094,0.001885014137606032,0.0,0.0,-5.069406172945386,1.0384806041728547
ladder|support|trail40|168h|100bps,robinhood,1612,-17.02992159379623,-12.929880142211914,-84.01004791259766,-44.97938346862793,-22.843571662902832,-12.929880142211914,-6.055864334106445,-2.7182549715042112,39.99636154174803,70.61080589294393,0.006823821339950372,0.0,0.0,-18.281828727243838,1.251907133447606
ladder|support|trail40|168h|100bps,solana,2430,-8.48714035592452,-12.602123260498047,-58.21090316772461,-46.65830001831055,-26.635085582733154,-12.602123260498047,-4.447297692298889,45.215790939331036,57.55607032775877,262.5463562011719,0.017695473251028805,0.0,0.0,-12.103934304976683,3.6167939490521626
ladder|support|trail40|168h|200bps,bnb,1144,-2.3875385193558007,-6.06972336769104,-33.95594539642334,-13.043243598937988,-8.182657241821289,-6.06972336769104,-3.811815857887268,-2.5456732988357538,52.79130935668945,122.39341491699214,0.027097902097902096,0.0,0.0,-3.8059744982331885,1.4184359788773877
ladder|support|trail40|168h|200bps,ethereum,2122,-5.030925568154575,-7.946223735809326,-27.231916618347167,-22.25479393005371,-13.72277021408081,-7.946223735809326,-4.007829308509827,-2.199744653701782,47.00443649291992,87.32492614746094,0.000942507068803016,0.0,0.0,-6.0694061723209565,1.0384806041663817
ladder|support|trail40|168h|200bps,robinhood,1612,-18.029921584626287,-13.929880142211914,-85.01004791259766,-45.97938346862793,-23.843571662902832,-13.929880142211914,-7.055864334106445,-3.7182549715042112,38.99636154174803,69.61080589294393,0.006823821339950372,0.0,0.0,-19.281828722759474,1.2519071381331877
ladder|support|trail40|168h|200bps,solana,2430,-9.48714034312056,-13.602123260498047,-59.21090316772461,-47.65830001831055,-27.635085582733154,-13.602123260498047,-5.447297692298889,44.215790939331036,56.55607032775877,261.5463562011719,0.017695473251028805,0.0,0.0,-13.10393429200186,3.6167939488813
ladder|support|trail40|168h|300bps,bnb,1144,-3.3875385045588433,-7.06972336769104,-34.95594539642334,-14.043243598937988,-9.182657241821289,-7.06972336769104,-4.811815857887268,-3.5456732988357538,51.79130935668945,121.39341491699214,0.027097902097902096,0.0,0.0,-4.805974490019121,1.418435985460278
ladder|support|trail40|168h|300bps,ethereum,2122,-6.030925570514043,-8.946223735809326,-28.231916618347167,-23.25479393005371,-14.72277021408081,-8.946223735809326,-5.007829308509827,-3.199744653701782,46.00443649291992,86.32492614746094,0.000942507068803016,0.0,0.0,-7.069406174705142,1.0384806041910988
ladder|support|trail40|168h|300bps,robinhood,1612,-19.029921587880136,-14.929880142211914,-86.01004791259766,-46.97938346862793,-24.843571662902832,-14.929880142211914,-8.055864810943604,-4.7182549953460695,37.99636154174803,68.61080589294393,0.00620347394540943,0.0,0.0,-20.281828726048005,1.2519071381678692
ladder|support|trail40|168h|300bps,solana,2430,-10.487140337233681,-14.602123260498047,-60.21090316772461,-48.65830001831055,-28.635085582733154,-14.602123260498047,-6.447297692298889,43.215790939331036,55.55607032775877,260.5463562011719,0.017695473251028805,0.0,0.0,-14.103934286036424,3.6167939488027425
ladder|support|trail40|24h|100bps,bnb,1568,2.3311940566628455,-2.8527727127075195,-17.207944297790526,-10.273723602294922,-6.137389659881592,-2.8527727127075195,1.1628462374210358,22.124171638488768,44.921704483032194,118.40930023193357,0.02040816326530612,0.0,0.0,1.0215840648140995,1.309609991848746
ladder|support|trail40|24h|100bps,ethereum,2320,-1.116196733725996,-5.08725118637085,-29.30930166244507,-22.137608528137207,-12.133471012115479,-5.08725118637085,-1.8946707546710968,21.938381195068352,55.36025199890129,116.68836723327635,0.021982758620689654,0.0,0.0,-2.436464079801733,1.3202673460757373
ladder|support|trail40|24h|100bps,robinhood,1626,-15.44648498278409,-12.373640060424805,-84.01004791259766,-42.134992599487305,-21.296582221984863,-12.373640060424805,-5.561445951461792,-1.9995999336242676,39.90851974487305,70.16594123840332,0.006765067650676507,0.0,0.0,-16.67076929320157,1.2242843104174792
ladder|support|trail40|24h|100bps,solana,2440,-9.384270924109904,-12.602123260498047,-58.21090316772461,-46.61251792907715,-26.0306396484375,-12.602123260498047,-4.683588027954102,22.748078536987176,53.761224746704094,262.5463562011719,0.018442622950819672,0.0,0.0,-12.997966965641888,3.613696041531984
ladder|support|trail40|24h|200bps,bnb,1568,1.3311940604631969,-3.8527727127075195,-18.207944297790526,-11.273723602294922,-7.137389659881592,-3.8527727127075195,0.16284619271755219,21.124171638488768,43.921704483032194,117.40930023193357,0.019770408163265307,0.0,0.0,0.021584068653629804,1.3096099918095672
ladder|support|trail40|24h|200bps,ethereum,2320,-2.1161967363898997,-6.08725118637085,-30.30930166244507,-23.137608528137207,-13.133471012115479,-6.08725118637085,-2.8946707248687744,20.938381195068352,54.36025199890129,115.68836723327635,0.021551724137931036,0.0,0.0,-3.4364640791705754,1.3202673427806757
ladder|support|trail40|24h|200bps,robinhood,1626,-16.446484973409007,-13.373640060424805,-85.01004791259766,-43.134992599487305,-22.296582221984863,-13.373640060424805,-6.561445951461792,-2.9995999336242676,38.90851974487305,69.16594123840332,0.006765067650676507,0.0,0.0,-17.67076928846913,1.2242843150601246
ladder|support|trail40|24h|200bps,solana,2440,-10.384270916579933,-13.602123260498047,-59.21090316772461,-47.61251792907715,-27.0306396484375,-13.602123260498047,-5.683588027954102,21.748078536987176,52.761224746704094,261.5463562011719,0.018442622950819672,0.0,0.0,-13.99796695801185,3.6136960414319166
ladder|support|trail40|24h|300bps,bnb,1568,0.3311940774983668,-4.8527727127075195,-19.207944297790526,-12.273723602294922,-8.137389421463013,-4.8527727127075195,-0.837153822183609,20.124171638488768,42.921704483032194,116.40930023193357,0.019770408163265307,0.0,0.0,-0.978415919051427,1.3096099965497938
ladder|support|trail40|24h|300bps,ethereum,2320,-3.1161967429388637,-7.08725118637085,-31.30930166244507,-24.137608528137207,-14.133471012115479,-7.08725118637085,-3.8946707248687744,19.938381195068352,53.36025199890129,114.68836723327635,0.02025862068965517,0.0,0.0,-4.436464082465088,1.3202673395262243
ladder|support|trail40|24h|300bps,robinhood,1626,-17.446484977367987,-14.373640060424805,-86.01004791259766,-44.134992599487305,-23.296582221984863,-14.373640060424805,-7.561445951461792,-3.999599814414978,37.90851974487305,68.16594123840332,0.006150061500615006,0.0,0.0,-18.67076929246994,1.2242843151019542
ladder|support|trail40|24h|300bps,solana,2440,-11.384270913101977,-14.602123260498047,-60.21090316772461,-48.61251792907715,-28.0306396484375,-14.602123260498047,-6.683588027954102,20.748078536987176,51.761224746704094,260.5463562011719,0.018442622950819672,0.0,0.0,-14.997966954487676,3.6136960413856993
ladder|support|trail40|72h|100bps,bnb,1186,-1.3452437119982497,-4.866030693054199,-32.18670988082886,-11.768028259277344,-7.10279393196106,-4.866030693054199,-2.651525616645813,-1.0517486333847046,53.79130935668945,123.12962036132818,0.026981450252951095,0.0,0.0,-2.712502647603797,1.3672589356055473
ladder|support|trail40|72h|100bps,ethereum,2187,-3.1114843611473026,-6.563229560852051,-25.950890350341798,-21.15044937133789,-12.389208793640137,-6.563229560852051,-2.814242124557495,0.7169742345810255,58.20587921142578,88.30376068115234,0.001828989483310471,0.0,0.0,-4.109443512276744,0.9979591511294417
ladder|support|trail40|72h|100bps,robinhood,1605,-16.952761820023678,-12.89606761932373,-84.01004791259766,-45.074415588378905,-22.661388397216797,-12.89606761932373,-6.036014080047607,-2.705567598342893,40.035422515869136,70.83323822021497,0.006853582554517134,0.0,0.0,-18.20936141806826,1.2565995980445805
ladder|support|trail40|72h|100bps,solana,2430,-8.220543634008479,-12.602123260498047,-58.21090316772461,-46.65830001831055,-26.635085582733154,-12.602123260498047,-4.447297692298889,43.2455799102783,63.13456935882563,262.5463562011719,0.019753086419753086,0.0,0.0,-11.833779995445413,3.6132363614369343
ladder|support|trail40|72h|200bps,bnb,1186,-2.3452437028514996,-5.866030693054199,-33.1867094039917,-12.768028259277344,-8.10279393196106,-5.866030693054199,-3.651525616645813,-2.051748752593994,52.79130935668945,122.12962036132818,0.026138279932546374,0.0,0.0,-3.7125026383635538,1.3672589355120541
ladder|support|trail40|72h|200bps,ethereum,2187,-4.111484360718051,-7.563229560852051,-26.950890350341798,-22.15044937133789,-13.389208793640137,-7.563229560852051,-3.814242124557495,-0.2830257713794389,57.20587921142578,87.30376068115234,0.0009144947416552355,0.0,0.0,-5.10944351184313,0.9979591511250794
ladder|support|trail40|72h|200bps,robinhood,1605,-17.952761810813737,-13.89606761932373,-85.01004791259766,-46.074415588378905,-23.661388397216797,-13.89606761932373,-7.036014080047607,-3.705567598342893,39.035422515869136,69.83323822021497,0.006853582554517134,0.0,0.0,-19.209361413564128,1.2565996027503914
ladder|support|trail40|72h|200bps,solana,2430,-9.220543619634682,-13.602123260498047,-59.21090316772461,-47.65830001831055,-27.635085582733154,-13.602123260498047,-5.447297692298889,42.2455799102783,62.13456935882563,261.5463562011719,0.019753086419753086,0.0,0.0,-12.833779980879807,3.613236361245125
ladder|support|trail40|72h|300bps,bnb,1186,-3.3452436885785493,-6.866030693054199,-34.1867094039917,-13.768028259277344,-9.10279393196106,-6.866030693054199,-4.651525855064392,-3.051748752593994,51.79130935668945,121.12962036132818,0.026138279932546374,0.0,0.0,-4.712502630443345,1.367258941864796
ladder|support|trail40|72h|300bps,ethereum,2187,-5.111484363145366,-8.56322956085205,-27.950890350341798,-23.15044937133789,-14.389208793640137,-8.56322956085205,-4.814242124557495,-1.2830257654189745,56.20587921142578,86.30376068115234,0.0009144947416552355,0.0,0.0,-6.109443514295112,0.9979591511497459
ladder|support|trail40|72h|300bps,robinhood,1605,-18.95276181408178,-14.89606761932373,-86.01004791259766,-47.074415588378905,-24.661388397216797,-14.89606761932373,-8.03601360321045,-4.70556774139404,38.035422515869136,68.83323822021497,0.006230529595015576,0.0,0.0,-20.209361416867157,1.2565996027853785
ladder|support|trail40|72h|300bps,solana,2430,-10.220543611393053,-14.602123260498047,-60.21090316772461,-48.65830001831055,-28.635085582733154,-14.602123260498047,-6.447297692298889,41.2455799102783,61.13456935882563,260.5463562011719,0.019753086419753086,0.0,0.0,-13.833779972528198,3.6132363611351455
